level,group,instrument,signal,sizing,window,n_days,sharpe_gross,sharpe_net,ann_ret_gross,ann_ret_net,ann_vol,max_dd_net,win_rate,profit_factor,t_stat_net,turnover_ann,af
instrument,forex,EURUSD,10,fixed,5y,1299,-0.313855,-0.405868,-0.026128,-0.033050,0.075739,0.210415,0.481110,0.932207,-0.921486,71.057011,252
instrument,forex,EURUSD,10,fixed,3y,777,-0.250583,-0.345644,-0.019454,-0.026009,0.069303,0.149240,0.474839,0.948019,-0.606931,66.247423,252
instrument,forex,EURUSD,10,fixed,1y,260,-1.515660,-1.662648,-0.090624,-0.099421,0.061823,0.115622,0.449612,0.754384,-1.688834,97.297297,252
instrument,forex,EURUSD,10,fixed,IS,1275,0.050089,-0.046950,0.000997,-0.006111,0.073330,0.184691,0.494462,0.992109,-0.105607,71.010989,252
instrument,forex,EURUSD,10,fixed,OOS,547,-0.750811,-0.854572,-0.054616,-0.061933,0.071795,0.147207,0.458716,0.860023,-1.259048,77.538462,252
instrument,forex,EURUSD,10,fixed,full,1822,-0.186831,-0.285827,-0.016035,-0.023210,0.072872,0.210415,0.483978,0.952534,-0.768558,72.929160,252
instrument,forex,EURUSD,10,vol,5y,1299,-0.257801,-0.358363,-0.049887,-0.064831,0.153949,0.384794,0.481110,0.940363,-0.813630,157.233076,252
instrument,forex,EURUSD,10,vol,3y,777,-0.298561,-0.401407,-0.055741,-0.070957,0.153853,0.339336,0.474839,0.939832,-0.704847,159.650283,252
instrument,forex,EURUSD,10,vol,1y,260,-1.378429,-1.530964,-0.186982,-0.205810,0.143722,0.239171,0.449612,0.771069,-1.555076,233.583196,252
instrument,forex,EURUSD,10,vol,IS,1275,0.303837,0.202200,0.034843,0.019297,0.150164,0.281557,0.496705,1.035139,0.454816,150.269237,252
instrument,forex,EURUSD,10,vol,OOS,547,-0.857794,-0.970968,-0.133973,-0.149860,0.154812,0.329153,0.458716,0.843637,-1.430534,183.850442,252
instrument,forex,EURUSD,10,vol,full,1822,-0.052162,-0.157502,-0.019032,-0.034749,0.151622,0.384794,0.485227,0.973598,-0.423505,160.256009,252
instrument,forex,EURUSD,20,fixed,5y,1299,0.149353,0.095498,0.008454,0.004375,0.075568,0.118331,0.484592,1.015211,0.216820,40.382126,252
instrument,forex,EURUSD,20,fixed,3y,777,0.297045,0.240739,0.018271,0.014366,0.069163,0.093101,0.484536,1.036180,0.422723,38.319588,252
instrument,forex,EURUSD,20,fixed,1y,260,-0.445695,-0.509691,-0.028974,-0.032934,0.061945,0.060832,0.490347,0.915955,-0.517718,40.864865,252
instrument,forex,EURUSD,20,fixed,IS,1275,-0.138641,-0.202815,-0.012659,-0.017330,0.073049,0.191327,0.482456,0.966103,-0.456201,47.274725,252
instrument,forex,EURUSD,20,fixed,OOS,547,0.221924,0.165940,0.013407,0.009382,0.071735,0.093101,0.489011,1.025321,0.244481,39.692308,252
instrument,forex,EURUSD,20,fixed,full,1822,-0.031756,-0.093525,-0.004905,-0.009386,0.072641,0.191327,0.484731,0.984193,-0.251479,44.975288,252
instrument,forex,EURUSD,20,vol,5y,1299,0.036620,-0.025701,-0.006070,-0.015603,0.153620,0.232196,0.484592,0.994283,-0.058351,95.614467,252
instrument,forex,EURUSD,20,vol,3y,777,0.216102,0.154177,0.021626,0.011995,0.153485,0.187138,0.484536,1.020266,0.270726,94.021590,252
instrument,forex,EURUSD,20,vol,1y,260,-0.493640,-0.560874,-0.077780,-0.087006,0.143851,0.149100,0.490347,0.908370,-0.569707,100.018545,252
instrument,forex,EURUSD,20,vol,IS,1275,-0.247163,-0.318007,-0.046934,-0.057218,0.149923,0.388862,0.481054,0.947281,-0.715305,107.689707,252
instrument,forex,EURUSD,20,vol,OOS,547,0.105118,0.042665,0.004374,-0.005311,0.154660,0.187138,0.489011,1.002798,0.062858,96.160087,252
instrument,forex,EURUSD,20,vol,full,1822,-0.139100,-0.207381,-0.031812,-0.041925,0.151327,0.388862,0.483816,0.965337,-0.557626,104.174046,252
instrument,forex,EURUSD,40,fixed,5y,1299,0.175749,0.132253,0.010462,0.007164,0.075468,0.150859,0.467643,1.021560,0.300270,32.616333,252
instrument,forex,EURUSD,40,fixed,3y,777,-0.092011,-0.148094,-0.008676,-0.012538,0.069117,0.120504,0.456186,0.980759,-0.260044,38.319588,252
instrument,forex,EURUSD,40,fixed,1y,260,-1.637338,-1.703709,-0.097366,-0.101396,0.061628,0.118656,0.397683,0.749449,-1.730541,44.756757,252
instrument,forex,EURUSD,40,fixed,IS,1275,0.059286,0.013664,0.001677,-0.001635,0.072551,0.110803,0.482982,1.002391,0.030735,33.032967,252
instrument,forex,EURUSD,40,fixed,OOS,547,0.134587,0.086700,0.007101,0.003662,0.071664,0.120504,0.452381,1.011409,0.127736,34.153846,252
instrument,forex,EURUSD,40,fixed,full,1822,0.081716,0.035412,0.003303,-0.000048,0.072266,0.150859,0.473891,1.006122,0.095218,33.350906,252
instrument,forex,EURUSD,40,vol,5y,1299,0.057176,0.002688,-0.002923,-0.011258,0.153434,0.339252,0.467643,0.999025,0.006103,83.467002,252
instrument,forex,EURUSD,40,vol,3y,777,-0.253459,-0.319411,-0.049173,-0.058914,0.153390,0.290969,0.456186,0.953096,-0.560868,100.862188,252
instrument,forex,EURUSD,40,vol,1y,260,-1.332621,-1.399363,-0.181729,-0.190091,0.143297,0.227015,0.397683,0.788647,-1.421401,102.337297,252
instrument,forex,EURUSD,40,vol,IS,1275,-0.117117,-0.173611,-0.028217,-0.036515,0.149790,0.258106,0.483526,0.970908,-0.390511,85.176191,252
instrument,forex,EURUSD,40,vol,OOS,547,0.013379,-0.042727,-0.009701,-0.018310,0.154517,0.227223,0.452381,0.988318,-0.062950,86.792172,252
instrument,forex,EURUSD,40,vol,full,1822,-0.077096,-0.133481,-0.022695,-0.031085,0.151183,0.339252,0.474162,0.977578,-0.358915,85.614407,252
instrument,forex,EURUSD,60,fixed,5y,1299,0.255287,0.214744,0.016533,0.013451,0.075459,0.166420,0.479199,1.036005,0.487557,30.286595,252
instrument,forex,EURUSD,60,fixed,3y,777,-0.146867,-0.204701,-0.012419,-0.016394,0.069113,0.112018,0.466495,0.971111,-0.359443,40.268041,252
instrument,forex,EURUSD,60,fixed,1y,260,-0.673275,-0.749994,-0.042493,-0.047132,0.061827,0.069797,0.459459,0.879825,-0.761806,48.648649,252
instrument,forex,EURUSD,60,fixed,IS,1275,-0.214787,-0.261130,-0.017908,-0.021233,0.072211,0.153233,0.481878,0.955872,-0.587369,33.824176,252
instrument,forex,EURUSD,60,fixed,OOS,547,0.231496,0.180841,0.014102,0.010454,0.071646,0.069797,0.467033,1.027927,0.266434,36.000000,252
instrument,forex,EURUSD,60,fixed,full,1822,-0.081556,-0.129194,-0.008405,-0.011826,0.072028,0.166420,0.477570,0.977981,-0.347389,34.457990,252
instrument,forex,EURUSD,60,vol,5y,1299,0.160582,0.110020,0.012983,0.005160,0.153376,0.332534,0.479199,1.017153,0.249790,77.129271,252
instrument,forex,EURUSD,60,vol,3y,777,-0.265839,-0.333418,-0.050970,-0.060916,0.153354,0.248495,0.466495,0.950671,-0.585463,104.831632,252
instrument,forex,EURUSD,60,vol,1y,260,-0.690995,-0.777130,-0.103424,-0.114712,0.143551,0.165068,0.459459,0.875963,-0.789369,126.610018,252
instrument,forex,EURUSD,60,vol,IS,1275,-0.283833,-0.340037,-0.052120,-0.060219,0.149730,0.325265,0.481878,0.943729,-0.764858,85.288784,252
instrument,forex,EURUSD,60,vol,OOS,547,0.065230,0.004401,-0.001749,-0.011119,0.154462,0.165068,0.467033,0.996279,0.006483,93.883952,252
instrument,forex,EURUSD,60,vol,full,1822,-0.176758,-0.234395,-0.037270,-0.045740,0.151131,0.341742,0.477570,0.960916,-0.630264,87.819545,252
instrument,forex,EURUSD,120,fixed,5y,1299,0.137707,0.111274,0.007562,0.005563,0.075329,0.205283,0.484965,1.017983,0.252638,19.802773,252
instrument,forex,EURUSD,120,fixed,3y,777,-0.204813,-0.243951,-0.016310,-0.018996,0.068899,0.150725,0.470968,0.953360,-0.428365,27.278351,252
instrument,forex,EURUSD,120,fixed,1y,260,-0.016988,-0.057712,-0.002942,-0.005458,0.061836,0.044435,0.478764,0.988307,-0.058621,25.297297,252
instrument,forex,EURUSD,120,fixed,IS,1275,0.176220,0.151412,0.010090,0.008308,0.071520,0.165631,0.491761,1.027238,0.340577,17.604396,252
instrument,forex,EURUSD,120,fixed,OOS,547,0.218681,0.191365,0.013171,0.011206,0.071586,0.066872,0.483516,1.029797,0.281939,19.384615,252
instrument,forex,EURUSD,120,fixed,full,1822,0.189026,0.163459,0.011014,0.009177,0.071520,0.205283,0.489412,1.029132,0.439525,18.128501,252
instrument,forex,EURUSD,120,vol,5y,1299,0.141437,0.107062,0.010001,0.004697,0.153070,0.368226,0.484965,1.016698,0.243075,52.344028,252
instrument,forex,EURUSD,120,vol,3y,777,-0.312689,-0.359460,-0.057609,-0.064469,0.152886,0.335101,0.470968,0.934712,-0.631191,72.622422,252
instrument,forex,EURUSD,120,vol,1y,260,0.203695,0.155271,0.019158,0.012113,0.143566,0.104474,0.478764,1.025164,0.157716,69.275053,252
instrument,forex,EURUSD,120,vol,IS,1275,0.247565,0.215990,0.025936,0.021201,0.147141,0.301485,0.491761,1.038634,0.485835,46.004194,252
instrument,forex,EURUSD,120,vol,OOS,547,0.199112,0.162955,0.019017,0.013358,0.154323,0.145084,0.483516,1.023539,0.240083,55.404318,252
instrument,forex,EURUSD,120,vol,full,1822,0.232541,0.199540,0.023854,0.018840,0.149291,0.368226,0.489412,1.035279,0.536543,48.797882,252
instrument,forex,EURUSD,180,fixed,5y,1299,0.287025,0.262538,0.018964,0.017101,0.075407,0.139378,0.499230,1.046880,0.596070,18.249615,252
instrument,forex,EURUSD,180,fixed,3y,777,-0.094235,-0.126944,-0.008830,-0.011086,0.069066,0.106534,0.484536,0.972685,-0.222907,22.731959,252
instrument,forex,EURUSD,180,fixed,1y,260,-0.151143,-0.166812,-0.011165,-0.012124,0.061740,0.049849,0.471042,0.970340,-0.169439,9.729730,252
instrument,forex,EURUSD,180,fixed,IS,1275,0.461580,0.443543,0.030390,0.029104,0.070237,0.117713,0.509141,1.083681,0.997679,12.461538,252
instrument,forex,EURUSD,180,fixed,OOS,547,0.132671,0.110608,0.006960,0.005377,0.071597,0.055843,0.489011,1.015598,0.162959,15.692308,252
instrument,forex,EURUSD,180,fixed,full,1822,0.361629,0.342310,0.023299,0.021922,0.070632,0.139378,0.502742,1.062928,0.920436,13.423394,252
instrument,forex,EURUSD,180,vol,5y,1299,0.346755,0.316265,0.042241,0.037420,0.153232,0.232963,0.499230,1.055947,0.718050,46.121482,252
instrument,forex,EURUSD,180,vol,3y,777,-0.098582,-0.136044,-0.026408,-0.032043,0.153222,0.225458,0.484536,0.970980,-0.238885,57.715050,252
instrument,forex,EURUSD,180,vol,1y,260,0.008563,-0.009845,-0.008949,-0.011567,0.143372,0.122197,0.471042,0.997019,-0.010000,26.486635,252
instrument,forex,EURUSD,180,vol,IS,1275,0.572261,0.549197,0.073681,0.070223,0.141846,0.197293,0.509141,1.103331,1.235330,32.143834,252
instrument,forex,EURUSD,180,vol,OOS,547,0.114380,0.087504,0.005783,0.001612,0.154293,0.125950,0.489011,1.010484,0.128920,41.301728,252
instrument,forex,EURUSD,180,vol,full,1822,0.426403,0.402072,0.052829,0.049145,0.145664,0.232963,0.502742,1.073417,1.081129,34.872504,252
instrument,forex,EURUSD,250,fixed,5y,1299,0.151495,0.135423,0.008616,0.007399,0.075395,0.201076,0.487673,1.024484,0.307466,12.036980,252
instrument,forex,EURUSD,250,fixed,3y,777,0.089635,0.071684,0.003816,0.002575,0.069020,0.095927,0.480670,1.006479,0.125873,12.340206,252
instrument,forex,EURUSD,250,fixed,1y,260,-0.167054,-0.170194,-0.012134,-0.012325,0.061727,0.048473,0.447876,0.969792,-0.172875,1.945946,252
instrument,forex,EURUSD,250,fixed,IS,1275,0.227823,0.212491,0.013009,0.011986,0.066453,0.176486,0.505859,1.040412,0.477965,10.087912,252
instrument,forex,EURUSD,250,fixed,OOS,547,0.150317,0.136015,0.008232,0.007206,0.071562,0.072405,0.467033,1.020045,0.200392,10.153846,252
instrument,forex,EURUSD,250,fixed,full,1822,0.203274,0.188268,0.011573,0.010548,0.068008,0.201076,0.492680,1.034798,0.506232,10.102142,252
instrument,forex,EURUSD,250,vol,5y,1299,0.213073,0.189857,0.021143,0.017527,0.153255,0.314934,0.487673,1.033813,0.431052,35.217870,252
instrument,forex,EURUSD,250,vol,3y,777,-0.006280,-0.030978,-0.012556,-0.016325,0.153216,0.213177,0.480670,0.988536,-0.054396,37.897497,252
instrument,forex,EURUSD,250,vol,1y,260,-0.074241,-0.081709,-0.020629,-0.021678,0.143329,0.125220,0.447876,0.985001,-0.082996,10.742208,252
instrument,forex,EURUSD,250,vol,IS,1275,0.380702,0.359068,0.043383,0.040354,0.135821,0.261059,0.505859,1.067931,0.807666,28.926065,252
instrument,forex,EURUSD,250,vol,OOS,547,0.002523,-0.017269,-0.011390,-0.014439,0.154304,0.166269,0.467033,0.992596,-0.025443,30.588683,252
instrument,forex,EURUSD,250,vol,full,1822,0.256425,0.235384,0.026628,0.023592,0.141589,0.314934,0.492680,1.043008,0.632923,29.409155,252
instrument,forex,EURUSD,composite,fixed,5y,1299,0.226806,0.184563,0.011473,0.009021,0.057645,0.119863,0.478533,1.037497,0.419033,24.268105,252
instrument,forex,EURUSD,composite,fixed,3y,777,0.012051,-0.042844,-0.000673,-0.003459,0.050820,0.086941,0.458967,0.989780,-0.075231,27.927835,252
instrument,forex,EURUSD,composite,fixed,1y,260,-0.469283,-0.531975,-0.020792,-0.023448,0.042879,0.036667,0.456731,0.900678,-0.540353,27.243243,252
instrument,forex,EURUSD,composite,fixed,IS,1275,0.280336,0.240263,0.012932,0.010900,0.050404,0.092153,0.501710,1.054673,0.540432,20.076923,252
instrument,forex,EURUSD,composite,fixed,OOS,547,0.266788,0.221503,0.013274,0.010755,0.055130,0.043848,0.460554,1.040874,0.326343,24.923077,252
instrument,forex,EURUSD,composite,fixed,full,1822,0.275847,0.234136,0.013035,0.010856,0.051853,0.119863,0.487751,1.051790,0.629568,21.518946,252
instrument,forex,EURUSD,composite,vol,5y,1299,0.183501,0.131839,0.014613,0.008604,0.115115,0.232110,0.478533,1.026304,0.299329,59.332716,252
instrument,forex,EURUSD,composite,vol,3y,777,-0.129988,-0.194742,-0.019706,-0.026583,0.108326,0.205780,0.458967,0.961580,-0.341956,70.369690,252
instrument,forex,EURUSD,composite,vol,1y,260,-0.374616,-0.442394,-0.041938,-0.048515,0.100939,0.080792,0.456731,0.916521,-0.449361,69.033010,252
instrument,forex,EURUSD,composite,vol,IS,1275,0.305391,0.257410,0.026302,0.021309,0.102159,0.165640,0.501710,1.057293,0.579003,48.695272,252
instrument,forex,EURUSD,composite,vol,OOS,547,0.125173,0.070553,0.007838,0.001553,0.114540,0.112007,0.460554,1.009199,0.103947,62.589137,252
instrument,forex,EURUSD,composite,vol,full,1822,0.246551,0.196496,0.020724,0.015337,0.105998,0.232110,0.487751,1.042733,0.528358,52.834864,252
instrument,forex,EURUSD,buyhold,long1x,5y,1299,-0.046256,-0.046256,-0.006299,-0.006299,0.075339,0.193123,0.476888,0.993306,-0.105019,0.000000,252
instrument,forex,EURUSD,buyhold,long1x,3y,777,0.268202,0.268202,0.016249,0.016249,0.068938,0.088379,0.474227,1.041059,0.470947,0.000000,252
instrument,forex,EURUSD,buyhold,long1x,1y,260,-0.410256,-0.410256,-0.026847,-0.026847,0.061710,0.055204,0.459459,0.931442,-0.416717,0.000000,252
instrument,forex,EURUSD,buyhold,long1x,IS,1275,-0.065378,-0.065378,-0.007411,-0.007411,0.073019,0.222421,0.494505,0.989006,-0.147057,0.000000,252
instrument,forex,EURUSD,buyhold,long1x,OOS,547,0.402275,0.402275,0.026552,0.026552,0.071476,0.084599,0.470696,1.067909,0.592674,0.000000,252
instrument,forex,EURUSD,buyhold,long1x,full,1822,0.072940,0.072940,0.002666,0.002666,0.072546,0.222421,0.487644,1.012468,0.196129,0.000000,252
instrument,forex,GBPUSD,10,fixed,5y,1299,0.218587,0.139298,0.014992,0.008249,0.084693,0.155759,0.501541,1.024191,0.316264,66.397535,252
instrument,forex,GBPUSD,10,fixed,3y,777,-0.131851,-0.235319,-0.011595,-0.018841,0.070331,0.104499,0.498711,0.967710,-0.413207,72.742268,252
instrument,forex,GBPUSD,10,fixed,1y,260,-0.594429,-0.702002,-0.040807,-0.047868,0.066709,0.081161,0.471042,0.894106,-0.713058,73.945946,252
instrument,forex,GBPUSD,10,fixed,IS,1275,0.061486,-0.013663,0.001393,-0.005644,0.093676,0.211374,0.491297,0.997633,-0.030733,70.219780,252
instrument,forex,GBPUSD,10,fixed,OOS,547,-0.287795,-0.389555,-0.022645,-0.029851,0.071280,0.099102,0.485348,0.935063,-0.573934,73.846154,252
instrument,forex,GBPUSD,10,fixed,full,1822,-0.024198,-0.105460,-0.005885,-0.012975,0.087540,0.211374,0.489785,0.981852,-0.283571,71.268534,252
instrument,forex,GBPUSD,10,vol,5y,1299,0.284564,0.195573,0.032757,0.018564,0.156568,0.232302,0.501541,1.032995,0.444030,137.338694,252
instrument,forex,GBPUSD,10,vol,3y,777,-0.062555,-0.167080,-0.021065,-0.036878,0.153999,0.205462,0.498711,0.978398,-0.293383,160.301826,252
instrument,forex,GBPUSD,10,vol,1y,260,-0.497556,-0.607594,-0.081876,-0.097323,0.150038,0.162613,0.471042,0.906848,-0.617163,169.209475,252
instrument,forex,GBPUSD,10,vol,IS,1275,0.164297,0.080934,0.013571,0.000657,0.153900,0.329291,0.492586,1.014300,0.182048,127.314668,252
instrument,forex,GBPUSD,10,vol,OOS,547,-0.224617,-0.329229,-0.045133,-0.060730,0.154218,0.205462,0.485348,0.943826,-0.485055,163.592044,252
instrument,forex,GBPUSD,10,vol,full,1822,0.047493,-0.042392,-0.004422,-0.018183,0.153964,0.329291,0.490630,0.992796,-0.113987,138.122601,252
instrument,forex,GBPUSD,20,fixed,5y,1299,0.009859,-0.047518,-0.002714,-0.007559,0.084567,0.141945,0.493066,0.991707,-0.107885,48.536210,252
instrument,forex,GBPUSD,20,fixed,3y,777,0.236034,0.168671,0.014163,0.009421,0.070163,0.078120,0.493557,1.022232,0.296177,46.762887,252
instrument,forex,GBPUSD,20,fixed,1y,260,-0.315622,-0.395807,-0.022897,-0.028204,0.066679,0.066297,0.486486,0.940079,-0.402041,54.486486,252
instrument,forex,GBPUSD,20,fixed,IS,1275,0.056572,0.006616,0.000947,-0.003713,0.093241,0.208017,0.493620,1.001209,0.014881,46.483516,252
instrument,forex,GBPUSD,20,fixed,OOS,547,-0.138628,-0.208081,-0.012258,-0.017179,0.071133,0.078120,0.485348,0.963206,-0.306567,49.846154,252
instrument,forex,GBPUSD,20,fixed,full,1822,0.008420,-0.046022,-0.003036,-0.007775,0.087176,0.208017,0.491394,0.992029,-0.123748,47.466227,252
instrument,forex,GBPUSD,20,vol,5y,1299,-0.123359,-0.192560,-0.030859,-0.041452,0.156433,0.287539,0.493066,0.968253,-0.437191,109.055278,252
instrument,forex,GBPUSD,20,vol,3y,777,0.158645,0.085954,0.012670,0.001420,0.153714,0.180416,0.493557,1.008611,0.150929,110.948331,252
instrument,forex,GBPUSD,20,vol,1y,260,-0.421719,-0.507028,-0.071442,-0.083587,0.150001,0.152630,0.486486,0.922042,-0.515013,131.156250,252
instrument,forex,GBPUSD,20,vol,IS,1275,0.129951,0.069167,0.008253,-0.001141,0.153768,0.328022,0.497529,1.012219,0.155579,92.860018,252
instrument,forex,GBPUSD,20,vol,OOS,547,-0.260046,-0.334420,-0.050314,-0.061367,0.153951,0.173661,0.485348,0.943015,-0.492704,116.301662,252
instrument,forex,GBPUSD,20,vol,full,1822,0.012819,-0.052109,-0.009700,-0.019617,0.153791,0.328022,0.494037,0.991142,-0.140116,99.838266,252
instrument,forex,GBPUSD,40,fixed,5y,1299,-0.051668,-0.098379,-0.007878,-0.011812,0.084518,0.247977,0.489985,0.983049,-0.223360,39.605547,252
instrument,forex,GBPUSD,40,fixed,3y,777,-0.466781,-0.523642,-0.034465,-0.038417,0.070116,0.143006,0.475515,0.912306,-0.919486,40.917526,252
instrument,forex,GBPUSD,40,fixed,1y,260,-1.879686,-1.962745,-0.118568,-0.123867,0.066243,0.129700,0.436293,0.727676,-1.993656,60.324324,252
instrument,forex,GBPUSD,40,fixed,IS,1275,-0.264863,-0.306645,-0.028400,-0.032234,0.092817,0.230632,0.482982,0.946776,-0.689748,39.362637,252
instrument,forex,GBPUSD,40,fixed,OOS,547,-0.059662,-0.107487,-0.006714,-0.010107,0.071060,0.135759,0.489011,0.979173,-0.158362,34.153846,252
instrument,forex,GBPUSD,40,fixed,full,1822,-0.212762,-0.255753,-0.021940,-0.025643,0.086842,0.247977,0.485121,0.956138,-0.687692,37.779242,252
instrument,forex,GBPUSD,40,vol,5y,1299,-0.088372,-0.144335,-0.025564,-0.034151,0.156278,0.415351,0.489985,0.976085,-0.327699,87.899643,252
instrument,forex,GBPUSD,40,vol,3y,777,-0.552266,-0.613915,-0.091768,-0.100653,0.153563,0.327460,0.475515,0.898499,-1.077999,97.590041,252
instrument,forex,GBPUSD,40,vol,1y,260,-1.719501,-1.803239,-0.233977,-0.244238,0.149072,0.253004,0.436293,0.744736,-1.831638,134.432378,252
instrument,forex,GBPUSD,40,vol,IS,1275,-0.153131,-0.204103,-0.034564,-0.042228,0.153682,0.368252,0.485997,0.964951,-0.459098,79.069270,252
instrument,forex,GBPUSD,40,vol,OOS,547,-0.109340,-0.161666,-0.028103,-0.035999,0.153775,0.262220,0.489011,0.970072,-0.238184,81.068946,252
instrument,forex,GBPUSD,40,vol,full,1822,-0.140016,-0.191410,-0.032629,-0.040363,0.153668,0.415351,0.487223,0.967782,-0.514681,79.626033,252
instrument,forex,GBPUSD,60,fixed,5y,1299,-0.001709,-0.044420,-0.003690,-0.007290,0.084475,0.200379,0.494607,0.992501,-0.100852,36.110940,252
instrument,forex,GBPUSD,60,fixed,3y,777,-0.666112,-0.733718,-0.047805,-0.052440,0.070064,0.177913,0.463918,0.881373,-1.288366,48.711340,252
instrument,forex,GBPUSD,60,fixed,1y,260,-2.191372,-2.306682,-0.136198,-0.143391,0.066133,0.147146,0.401544,0.687775,-2.343010,83.675676,252
instrument,forex,GBPUSD,60,fixed,IS,1275,0.140019,0.115112,0.008684,0.006383,0.091934,0.138672,0.511532,1.021014,0.258926,22.747253,252
instrument,forex,GBPUSD,60,fixed,OOS,547,-0.588483,-0.665814,-0.043231,-0.048609,0.071048,0.152483,0.463370,0.893905,-0.980948,56.307692,252
instrument,forex,GBPUSD,60,fixed,full,1822,-0.040887,-0.078849,-0.007191,-0.010452,0.086194,0.200379,0.496877,0.986193,-0.212015,32.797364,252
instrument,forex,GBPUSD,60,vol,5y,1299,-0.085822,-0.140564,-0.025179,-0.033565,0.156211,0.380146,0.494607,0.976996,-0.319138,85.887250,252
instrument,forex,GBPUSD,60,vol,3y,777,-0.722807,-0.797523,-0.115124,-0.125573,0.153452,0.380146,0.463918,0.871711,-1.400404,118.142767,252
instrument,forex,GBPUSD,60,vol,1y,260,-2.092286,-2.211174,-0.274618,-0.288506,0.148848,0.299640,0.401544,0.696193,-2.245998,192.732136,252
instrument,forex,GBPUSD,60,vol,IS,1275,0.214535,0.182370,0.021394,0.016379,0.153479,0.193403,0.511532,1.032463,0.410211,48.886391,252
instrument,forex,GBPUSD,60,vol,OOS,547,-0.640499,-0.724809,-0.104070,-0.115965,0.153735,0.303243,0.463370,0.884764,-1.067866,133.062840,252
instrument,forex,GBPUSD,60,vol,full,1822,-0.042159,-0.090295,-0.018015,-0.025310,0.153566,0.380146,0.496877,0.984690,-0.242794,74.099223,252
instrument,forex,GBPUSD,120,fixed,5y,1299,-0.345942,-0.381706,-0.032192,-0.035165,0.084443,0.353553,0.493066,0.936376,-0.866629,30.674884,252
instrument,forex,GBPUSD,120,fixed,3y,777,-1.018913,-1.071057,-0.070914,-0.074475,0.069965,0.238547,0.475515,0.833627,-1.880714,38.319588,252
instrument,forex,GBPUSD,120,fixed,1y,260,-0.906939,-0.943227,-0.060450,-0.062823,0.066447,0.067568,0.463320,0.859575,-0.958082,25.297297,252
instrument,forex,GBPUSD,120,fixed,IS,1275,-0.221804,-0.243829,-0.023619,-0.025575,0.089747,0.266921,0.499133,0.956052,-0.548453,19.978022,252
instrument,forex,GBPUSD,120,fixed,OOS,547,-0.725409,-0.766758,-0.052449,-0.055336,0.070955,0.162989,0.474359,0.879151,-1.129671,30.461538,252
instrument,forex,GBPUSD,120,fixed,full,1822,-0.347480,-0.374381,-0.032366,-0.034607,0.084531,0.353553,0.491476,0.935054,-1.006671,23.110379,252
instrument,forex,GBPUSD,120,vol,5y,1299,-0.173044,-0.216770,-0.038341,-0.044963,0.156099,0.502496,0.493066,0.964645,-0.492158,68.746042,252
instrument,forex,GBPUSD,120,vol,3y,777,-0.990822,-1.047645,-0.150569,-0.158276,0.153200,0.456536,0.475515,0.836256,-1.839603,90.636887,252
instrument,forex,GBPUSD,120,vol,1y,260,-0.927570,-0.968952,-0.138852,-0.144420,0.149438,0.162046,0.463320,0.854426,-0.984212,64.658496,252
instrument,forex,GBPUSD,120,vol,IS,1275,0.023353,-0.005348,-0.007570,-0.011832,0.149245,0.343366,0.499133,0.999085,-0.012030,42.833959,252
instrument,forex,GBPUSD,120,vol,OOS,547,-0.680610,-0.727484,-0.109559,-0.116177,0.153529,0.336348,0.474359,0.884244,-1.071807,74.213954,252
instrument,forex,GBPUSD,120,vol,full,1822,-0.192045,-0.226458,-0.039359,-0.044390,0.150536,0.502496,0.491476,0.961500,-0.608923,52.219876,252
instrument,forex,GBPUSD,180,fixed,5y,1299,0.019344,-0.003655,-0.001918,-0.003861,0.084431,0.203680,0.491525,0.999501,-0.008299,19.414484,252
instrument,forex,GBPUSD,180,fixed,3y,777,-0.423348,-0.455916,-0.031531,-0.033798,0.070036,0.164478,0.481959,0.922453,-0.800561,23.381443,252
instrument,forex,GBPUSD,180,fixed,1y,260,-0.375047,-0.409752,-0.026744,-0.029009,0.066468,0.053706,0.482625,0.937935,-0.416206,23.351351,252
instrument,forex,GBPUSD,180,fixed,IS,1275,-0.015679,-0.034435,-0.005157,-0.006797,0.087382,0.234072,0.483547,0.993514,-0.077456,16.417582,252
instrument,forex,GBPUSD,180,fixed,OOS,547,-0.680945,-0.715716,-0.049468,-0.051928,0.070981,0.164478,0.489011,0.886505,-1.054470,25.846154,252
instrument,forex,GBPUSD,180,fixed,full,1822,-0.186687,-0.209652,-0.018673,-0.020567,0.082792,0.234072,0.485679,0.962372,-0.563732,19.235585,252
instrument,forex,GBPUSD,180,vol,5y,1299,0.143935,0.114641,0.010378,0.005766,0.156059,0.329309,0.491525,1.019452,0.260283,45.448181,252
instrument,forex,GBPUSD,180,vol,3y,777,-0.316325,-0.352298,-0.058371,-0.063664,0.153365,0.329309,0.481959,0.938153,-0.618615,56.014475,252
instrument,forex,GBPUSD,180,vol,1y,260,-0.248024,-0.283885,-0.047029,-0.052163,0.149496,0.114918,0.482625,0.956609,-0.288356,54.060700,252
instrument,forex,GBPUSD,180,vol,IS,1275,0.189231,0.165317,0.017107,0.013599,0.144768,0.352071,0.483547,1.030850,0.371854,34.332395,252
instrument,forex,GBPUSD,180,vol,OOS,547,-0.572767,-0.609548,-0.094748,-0.100060,0.153580,0.329309,0.489011,0.901477,-0.898052,58.433936,252
instrument,forex,GBPUSD,180,vol,full,1822,-0.048934,-0.077017,-0.017853,-0.021954,0.147466,0.352071,0.485679,0.986508,-0.207091,41.540644,252
instrument,forex,GBPUSD,250,fixed,5y,1299,-0.078232,-0.099766,-0.010098,-0.011908,0.084407,0.262378,0.484592,0.983064,-0.226510,18.249615,252
instrument,forex,GBPUSD,250,fixed,3y,777,-0.351802,-0.383672,-0.026676,-0.028891,0.070025,0.172490,0.474227,0.933501,-0.673707,22.731959,252
instrument,forex,GBPUSD,250,fixed,1y,260,0.012465,0.009546,-0.001367,-0.001561,0.066438,0.047198,0.467181,1.004504,0.009697,1.945946,252
instrument,forex,GBPUSD,250,fixed,IS,1275,0.151879,0.138215,0.009003,0.007903,0.080187,0.179919,0.501953,1.027145,0.310893,10.879121,252
instrument,forex,GBPUSD,250,fixed,OOS,547,-0.431774,-0.473765,-0.032560,-0.035507,0.070994,0.142505,0.465201,0.922303,-0.698002,30.461538,252
instrument,forex,GBPUSD,250,fixed,full,1822,-0.008631,-0.030207,-0.003659,-0.005331,0.077533,0.262378,0.489497,0.994484,-0.081223,16.744646,252
instrument,forex,GBPUSD,250,vol,5y,1299,-0.058436,-0.088447,-0.021001,-0.025622,0.156070,0.405725,0.484592,0.985507,-0.200812,47.000992,252
instrument,forex,GBPUSD,250,vol,3y,777,-0.466528,-0.504883,-0.079771,-0.085345,0.153386,0.365073,0.474227,0.914793,-0.886546,60.318969,252
instrument,forex,GBPUSD,250,vol,1y,260,0.050329,0.043166,-0.003569,-0.004635,0.149414,0.107800,0.467181,1.009613,0.043845,10.742448,252
instrument,forex,GBPUSD,250,vol,IS,1275,0.280008,0.262645,0.029611,0.027155,0.138365,0.221308,0.501953,1.050423,0.590777,23.767167,252
instrument,forex,GBPUSD,250,vol,OOS,547,-0.574576,-0.623969,-0.094982,-0.102084,0.153649,0.304628,0.465201,0.899358,-0.919298,78.277003,252
instrument,forex,GBPUSD,250,vol,full,1822,0.004587,-0.023419,-0.009496,-0.013486,0.143133,0.405725,0.489497,0.995846,-0.062972,40.098697,252
instrument,forex,GBPUSD,composite,fixed,5y,1299,-0.143537,-0.195420,-0.010576,-0.013722,0.061155,0.193725,0.489603,0.963364,-0.443684,31.839753,252
instrument,forex,GBPUSD,composite,fixed,3y,777,-0.664618,-0.741182,-0.032031,-0.035592,0.047379,0.132003,0.469745,0.862186,-1.301472,36.858247,252
instrument,forex,GBPUSD,composite,fixed,1y,260,-1.463660,-1.561317,-0.055278,-0.058890,0.038400,0.059935,0.432161,0.749476,-1.585907,38.432432,252
instrument,forex,GBPUSD,composite,fixed,IS,1275,0.156612,0.122440,0.007662,0.005590,0.060384,0.124669,0.511059,1.030950,0.275410,20.571429,252
instrument,forex,GBPUSD,composite,fixed,OOS,547,-0.662235,-0.738283,-0.034044,-0.037802,0.050469,0.085882,0.465066,0.868726,-1.087718,39.000000,252
instrument,forex,GBPUSD,composite,fixed,full,1822,-0.059195,-0.104406,-0.005045,-0.007639,0.057587,0.193725,0.495448,0.980510,-0.280737,26.085667,252
instrument,forex,GBPUSD,composite,vol,5y,1299,-0.155797,-0.220106,-0.022954,-0.029904,0.110357,0.313958,0.489603,0.960914,-0.499731,71.265838,252
instrument,forex,GBPUSD,composite,vol,3y,777,-0.756145,-0.839091,-0.079209,-0.087172,0.102429,0.292312,0.469745,0.846149,-1.473396,86.698536,252
instrument,forex,GBPUSD,composite,vol,1y,260,-1.429366,-1.528772,-0.121760,-0.129613,0.088243,0.134833,0.432161,0.747761,-1.552848,89.994325,252
instrument,forex,GBPUSD,composite,vol,IS,1275,0.250006,0.208062,0.020528,0.016182,0.102098,0.155013,0.511059,1.049435,0.468003,42.618570,252
instrument,forex,GBPUSD,composite,vol,OOS,547,-0.760786,-0.842999,-0.084691,-0.093022,0.108786,0.202964,0.465066,0.850964,-1.241997,91.324651,252
instrument,forex,GBPUSD,composite,vol,full,1822,-0.066807,-0.121596,-0.012272,-0.017917,0.104172,0.313958,0.495448,0.978187,-0.326959,57.199577,252
instrument,forex,GBPUSD,buyhold,long1x,5y,1299,-0.027002,-0.027002,-0.005816,-0.005816,0.084333,0.231790,0.497689,0.995481,-0.061305,0.000000,252
instrument,forex,GBPUSD,buyhold,long1x,3y,777,0.267062,0.267062,0.016365,0.016365,0.069923,0.093565,0.502577,1.038886,0.468946,0.000000,252
instrument,forex,GBPUSD,buyhold,long1x,1y,260,-0.259722,-0.259722,-0.019262,-0.019262,0.066427,0.047650,0.474903,0.961210,-0.263813,0.000000,252
instrument,forex,GBPUSD,buyhold,long1x,IS,1275,0.075025,0.075025,0.002645,0.002645,0.093538,0.245961,0.498430,1.013251,0.168756,0.000000,252
instrument,forex,GBPUSD,buyhold,long1x,OOS,547,0.385657,0.385657,0.025132,0.025132,0.070862,0.093565,0.507326,1.061292,0.568192,0.000000,252
instrument,forex,GBPUSD,buyhold,long1x,full,1822,0.150175,0.150175,0.009344,0.009344,0.087333,0.245961,0.501373,1.026389,0.403805,0.000000,252
instrument,forex,USDJPY,10,fixed,5y,1299,0.277304,0.208623,0.022472,0.015714,0.097513,0.220522,0.513493,1.037056,0.473659,66.009245,252
instrument,forex,USDJPY,10,fixed,3y,777,-0.253415,-0.326052,-0.027801,-0.034560,0.094261,0.220522,0.504516,0.952095,-0.572529,68.845361,252
instrument,forex,USDJPY,10,fixed,1y,260,-1.870283,-1.973480,-0.138989,-0.146666,0.078771,0.173992,0.500000,0.705509,-2.004560,89.513514,252
instrument,forex,USDJPY,10,fixed,IS,1275,0.219135,0.140158,0.015465,0.008492,0.087854,0.152342,0.500000,1.025586,0.315263,68.637363,252
instrument,forex,USDJPY,10,fixed,OOS,547,-0.355540,-0.427577,-0.038169,-0.045002,0.096758,0.220522,0.504587,0.929743,-0.629952,71.076923,252
instrument,forex,USDJPY,10,fixed,full,1822,0.034633,-0.041982,-0.000944,-0.007875,0.090605,0.220522,0.501105,0.992635,-0.112886,69.331137,252
instrument,forex,USDJPY,10,vol,5y,1299,0.257980,0.177118,0.028635,0.015632,0.158215,0.334813,0.513493,1.031133,0.402130,126.181385,252
instrument,forex,USDJPY,10,vol,3y,777,-0.326631,-0.404178,-0.060609,-0.072173,0.155430,0.334813,0.504516,0.938342,-0.709713,121.869533,252
instrument,forex,USDJPY,10,vol,1y,260,-1.724905,-1.827128,-0.224718,-0.236996,0.142393,0.288260,0.500000,0.720024,-1.855904,158.984779,252
instrument,forex,USDJPY,10,vol,IS,1275,0.336306,0.242156,0.041128,0.026022,0.156774,0.206735,0.506590,1.043834,0.544691,145.008316,252
instrument,forex,USDJPY,10,vol,OOS,547,-0.374330,-0.451923,-0.065076,-0.076211,0.150366,0.334813,0.504587,0.925475,-0.665821,119.097786,252
instrument,forex,USDJPY,10,vol,full,1822,0.128943,0.039809,0.008035,-0.005805,0.154867,0.334813,0.505682,1.007080,0.107043,137.159886,252
instrument,forex,USDJPY,20,fixed,5y,1299,0.259646,0.205490,0.020730,0.015407,0.097504,0.167298,0.518490,1.036214,0.466547,52.030817,252
instrument,forex,USDJPY,20,fixed,3y,777,-0.259364,-0.316166,-0.028376,-0.033688,0.094317,0.167298,0.521907,0.953605,-0.555169,54.556701,252
instrument,forex,USDJPY,20,fixed,1y,260,-0.202620,-0.294238,-0.018986,-0.026217,0.079540,0.065360,0.517375,0.953063,-0.298872,72.000000,252
instrument,forex,USDJPY,20,fixed,IS,1275,0.214519,0.155361,0.015020,0.009816,0.087425,0.205790,0.503190,1.028524,0.349460,51.230769,252
instrument,forex,USDJPY,20,fixed,OOS,547,-0.368969,-0.435986,-0.039466,-0.045853,0.096889,0.167298,0.509158,0.928610,-0.642341,65.538462,252
instrument,forex,USDJPY,20,fixed,full,1822,0.026609,-0.035162,-0.001655,-0.007230,0.090358,0.205790,0.504720,0.993795,-0.094548,55.769357,252
instrument,forex,USDJPY,20,vol,5y,1299,0.215440,0.151337,0.021777,0.011502,0.158208,0.229350,0.518490,1.026128,0.343596,100.173695,252
instrument,forex,USDJPY,20,vol,3y,777,-0.180150,-0.238839,-0.039143,-0.048058,0.155502,0.229350,0.521907,0.965879,-0.419387,92.404414,252
instrument,forex,USDJPY,20,vol,1y,260,-0.242469,-0.334409,-0.043939,-0.056750,0.143690,0.127737,0.517375,0.944446,-0.339676,131.946080,252
instrument,forex,USDJPY,20,vol,IS,1275,0.099412,0.025150,0.003358,-0.008280,0.156620,0.372817,0.502471,1.004508,0.056571,115.784225,252
instrument,forex,USDJPY,20,vol,OOS,547,-0.220608,-0.291197,-0.043404,-0.053726,0.150613,0.229350,0.509158,0.951739,-0.429022,106.257908,252
instrument,forex,USDJPY,20,vol,full,1822,0.005937,-0.067249,-0.010916,-0.022149,0.154806,0.372817,0.504259,0.988286,-0.180827,113.323452,252
instrument,forex,USDJPY,40,fixed,5y,1299,0.573626,0.532565,0.052328,0.048232,0.097345,0.099668,0.529276,1.096771,1.209142,38.828968,252
instrument,forex,USDJPY,40,fixed,3y,777,0.150174,0.111279,0.009749,0.006068,0.094177,0.099668,0.528351,1.026816,0.195399,36.371134,252
instrument,forex,USDJPY,40,fixed,1y,260,-0.369832,-0.429390,-0.031876,-0.036581,0.079445,0.099668,0.509653,0.925497,-0.436153,48.648649,252
instrument,forex,USDJPY,40,fixed,IS,1275,0.227263,0.176665,0.016020,0.011613,0.086534,0.211400,0.510535,1.032811,0.397379,43.318681,252
instrument,forex,USDJPY,40,fixed,OOS,547,0.061487,0.021347,0.001284,-0.002606,0.096770,0.099668,0.520147,1.004205,0.031450,38.769231,252
instrument,forex,USDJPY,40,fixed,full,1822,0.173325,0.126172,0.011573,0.007323,0.089704,0.211400,0.513195,1.022864,0.339263,41.930807,252
instrument,forex,USDJPY,40,vol,5y,1299,0.595272,0.544804,0.084755,0.076337,0.157905,0.184323,0.529276,1.097824,1.236928,77.337390,252
instrument,forex,USDJPY,40,vol,3y,777,0.190870,0.148801,0.017734,0.011120,0.155285,0.184323,0.528351,1.033868,0.261286,64.717229,252
instrument,forex,USDJPY,40,vol,1y,260,-0.338477,-0.401994,-0.056952,-0.065784,0.143558,0.184323,0.509653,0.929439,-0.408325,93.539862,252
instrument,forex,USDJPY,40,vol,IS,1275,0.302924,0.242664,0.035714,0.026070,0.156487,0.352678,0.513180,1.043950,0.545833,92.821052,252
instrument,forex,USDJPY,40,vol,OOS,547,0.066623,0.022253,-0.001261,-0.007942,0.150461,0.184323,0.520147,1.004423,0.032786,66.604233,252
instrument,forex,USDJPY,40,vol,full,1822,0.233910,0.178312,0.024471,0.015738,0.154665,0.352678,0.515048,1.031850,0.479461,84.909444,252
instrument,forex,USDJPY,60,fixed,5y,1299,0.733561,0.709568,0.068773,0.066360,0.097213,0.106396,0.543143,1.131031,1.611010,22.520801,252
instrument,forex,USDJPY,60,fixed,3y,777,0.320267,0.300584,0.026013,0.024141,0.094068,0.106396,0.547680,1.061021,0.527808,18.185567,252
instrument,forex,USDJPY,60,fixed,1y,260,0.323246,0.295683,0.022707,0.020515,0.079306,0.077266,0.567568,1.049985,0.300340,21.405405,252
instrument,forex,USDJPY,60,fixed,IS,1275,0.560937,0.529114,0.045554,0.042756,0.086140,0.135225,0.527183,1.102500,1.190158,26.703297,252
instrument,forex,USDJPY,60,fixed,OOS,547,0.286757,0.265431,0.023291,0.021208,0.096636,0.106396,0.545788,1.047135,0.391061,20.307692,252
instrument,forex,USDJPY,60,fixed,full,1822,0.471279,0.442922,0.038820,0.036240,0.089396,0.135225,0.532652,1.083091,1.190970,24.771005,252
instrument,forex,USDJPY,60,vol,5y,1299,0.845236,0.814738,0.128205,0.122946,0.157577,0.167147,0.543143,1.149924,1.849790,46.482299,252
instrument,forex,USDJPY,60,vol,3y,777,0.372736,0.348981,0.046800,0.042998,0.155106,0.167147,0.547680,1.070851,0.612791,36.098691,252
instrument,forex,USDJPY,60,vol,1y,260,0.310007,0.281111,0.034654,0.030428,0.143244,0.155703,0.567568,1.049186,0.285538,40.674002,252
instrument,forex,USDJPY,60,vol,IS,1275,0.660629,0.619507,0.095072,0.088216,0.156145,0.248373,0.527183,1.116051,1.393480,62.431044,252
instrument,forex,USDJPY,60,vol,OOS,547,0.357134,0.331904,0.043221,0.039319,0.150218,0.155703,0.545788,1.059529,0.488997,37.226674,252
instrument,forex,USDJPY,60,vol,full,1822,0.571978,0.535522,0.079240,0.073300,0.154354,0.248373,0.532652,1.098713,1.439963,54.839693,252
instrument,forex,USDJPY,120,fixed,5y,1299,0.112547,0.104485,0.006230,0.005443,0.097275,0.297819,0.543914,1.018210,0.237224,7.765794,252
instrument,forex,USDJPY,120,fixed,3y,777,-0.179542,-0.187721,-0.021062,-0.021829,0.094023,0.196371,0.543814,0.975054,-0.329627,7.793814,252
instrument,forex,USDJPY,120,fixed,1y,260,0.608165,0.595770,0.046011,0.044996,0.079117,0.042254,0.579151,1.106289,0.605152,9.729730,252
instrument,forex,USDJPY,120,fixed,IS,1275,0.189303,0.175869,0.012609,0.011457,0.085665,0.215973,0.532062,1.033716,0.395590,11.274725,252
instrument,forex,USDJPY,120,fixed,OOS,547,-0.432063,-0.439548,-0.045292,-0.045999,0.096532,0.196371,0.534799,0.927875,-0.647589,7.384615,252
instrument,forex,USDJPY,120,fixed,full,1822,-0.013332,-0.024655,-0.005134,-0.006146,0.089055,0.297819,0.532628,0.995534,-0.066295,10.102142,252
instrument,forex,USDJPY,120,vol,5y,1299,0.325164,0.313231,0.039574,0.037639,0.157691,0.388774,0.543914,1.055058,0.711162,18.461914,252
instrument,forex,USDJPY,120,vol,3y,777,-0.150208,-0.162431,-0.034678,-0.036540,0.155043,0.294593,0.543814,0.978932,-0.285220,19.133377,252
instrument,forex,USDJPY,120,vol,1y,260,0.642179,0.625610,0.084951,0.082412,0.142928,0.088461,0.579151,1.115336,0.635463,23.430509,252
instrument,forex,USDJPY,120,vol,IS,1275,0.364239,0.346336,0.045283,0.042447,0.154537,0.261096,0.532062,1.064929,0.779028,26.812117,252
instrument,forex,USDJPY,120,vol,OOS,547,-0.322312,-0.333912,-0.057881,-0.059554,0.150091,0.277577,0.534799,0.944570,-0.491955,17.680627,252
instrument,forex,USDJPY,120,vol,full,1822,0.162155,0.146258,0.013177,0.010714,0.153204,0.388774,0.532628,1.026524,0.393272,24.059542,252
instrument,forex,USDJPY,180,fixed,5y,1299,0.187114,0.169406,0.013552,0.011815,0.097280,0.269112,0.549307,1.029752,0.384622,17.084746,252
instrument,forex,USDJPY,180,fixed,3y,777,-0.000328,-0.023079,-0.004434,-0.006573,0.094082,0.186623,0.555412,0.988850,-0.040526,21.432990,252
instrument,forex,USDJPY,180,fixed,1y,260,0.170761,0.163362,0.010445,0.009856,0.079177,0.057597,0.594595,1.026065,0.165935,5.837838,252
instrument,forex,USDJPY,180,fixed,IS,1275,0.262451,0.247068,0.018372,0.017098,0.082355,0.217411,0.523766,1.048662,0.555740,12.461538,252
instrument,forex,USDJPY,180,fixed,OOS,547,-0.444410,-0.472551,-0.046425,-0.049068,0.096599,0.186623,0.545788,0.922652,-0.696214,27.692308,252
instrument,forex,USDJPY,180,fixed,full,1822,0.025760,0.006150,-0.001531,-0.003236,0.086871,0.269112,0.530774,1.001169,0.016538,17.021417,252
instrument,forex,USDJPY,180,vol,5y,1299,0.447215,0.429374,0.059753,0.056807,0.157647,0.335335,0.549307,1.076294,0.974856,27.703032,252
instrument,forex,USDJPY,180,vol,3y,777,0.120220,0.097638,0.006633,0.003109,0.155071,0.251390,0.555412,1.009971,0.171446,34.888570,252
instrument,forex,USDJPY,180,vol,1y,260,0.269975,0.258822,0.028766,0.027134,0.143040,0.088461,0.594595,1.045044,0.262898,15.818144,252
instrument,forex,USDJPY,180,vol,IS,1275,0.537220,0.521549,0.069731,0.067338,0.145164,0.299058,0.523766,1.100969,1.173140,22.286518,252
instrument,forex,USDJPY,180,vol,OOS,547,-0.270676,-0.298502,-0.050552,-0.054563,0.150155,0.251390,0.545788,0.950378,-0.439785,42.203927,252
instrument,forex,USDJPY,180,vol,full,1822,0.288907,0.269459,0.032101,0.029176,0.146680,0.335335,0.530774,1.049853,0.724546,28.246312,252
instrument,forex,USDJPY,250,fixed,5y,1299,0.615240,0.602975,0.056573,0.055340,0.097177,0.155549,0.557011,1.110301,1.369002,11.648690,252
instrument,forex,USDJPY,250,fixed,3y,777,0.116509,0.095726,0.006552,0.004588,0.094049,0.155549,0.550258,1.024071,0.168090,19.484536,252
instrument,forex,USDJPY,250,fixed,1y,260,0.508662,0.461175,0.037809,0.033981,0.079276,0.040231,0.575290,1.080743,0.468438,36.972973,252
instrument,forex,USDJPY,250,fixed,IS,1275,0.830035,0.820019,0.064483,0.063661,0.079088,0.147494,0.550781,1.176754,1.844499,7.714286,252
instrument,forex,USDJPY,250,fixed,OOS,547,-0.251447,-0.276030,-0.028516,-0.030849,0.096605,0.155549,0.532967,0.954269,-0.406677,24.000000,252
instrument,forex,USDJPY,250,fixed,full,1822,0.456180,0.441077,0.035664,0.034358,0.084742,0.155549,0.544239,1.086957,1.186011,12.593081,252
instrument,forex,USDJPY,250,vol,5y,1299,0.757499,0.741302,0.112737,0.109966,0.157526,0.238857,0.557011,1.135548,1.683061,24.809872,252
instrument,forex,USDJPY,250,vol,3y,777,0.122184,0.097520,0.006918,0.003068,0.155091,0.238857,0.550258,1.024625,0.171240,38.098373,252
instrument,forex,USDJPY,250,vol,1y,260,0.500260,0.450102,0.063145,0.055659,0.143257,0.079940,0.575290,1.081212,0.457191,70.441818,252
instrument,forex,USDJPY,250,vol,IS,1275,0.843996,0.826343,0.116038,0.113311,0.142151,0.177385,0.550781,1.169665,1.858724,24.368829,252
instrument,forex,USDJPY,250,vol,OOS,547,-0.222562,-0.251546,-0.043705,-0.047925,0.150212,0.238857,0.532967,0.958080,-0.370605,44.015620,252
instrument,forex,USDJPY,250,vol,full,1822,0.511173,0.489857,0.065462,0.062228,0.144646,0.238857,0.544239,1.094286,1.317175,30.246339,252
instrument,forex,USDJPY,composite,fixed,5y,1299,0.599002,0.565147,0.040139,0.037716,0.069828,0.108721,0.555254,1.118103,1.283115,23.297381,252
instrument,forex,USDJPY,composite,fixed,3y,777,-0.000749,-0.037200,-0.002332,-0.004793,0.067619,0.108721,0.556942,1.006062,-0.065322,24.680412,252
instrument,forex,USDJPY,composite,fixed,1y,260,0.444493,0.381256,0.023222,0.019701,0.055166,0.036360,0.586207,1.085077,0.387261,34.054054,252
instrument,forex,USDJPY,composite,fixed,IS,1275,0.931395,0.900577,0.053291,0.051459,0.057561,0.088497,0.544662,1.210872,2.025703,17.406593,252
instrument,forex,USDJPY,composite,fixed,OOS,547,-0.266947,-0.308571,-0.020655,-0.023498,0.069274,0.108721,0.547945,0.940630,-0.454620,28.846154,252
instrument,forex,USDJPY,composite,fixed,full,1822,0.521312,0.486839,0.030523,0.028370,0.061330,0.108721,0.545321,1.109768,1.309058,20.896211,252
instrument,forex,USDJPY,composite,vol,5y,1299,0.703802,0.665453,0.080225,0.075341,0.119992,0.148188,0.555254,1.141919,1.510852,45.227252,252
instrument,forex,USDJPY,composite,vol,3y,777,0.056169,0.017697,-0.000086,-0.004453,0.113557,0.148188,0.556942,1.017282,0.031075,43.658798,252
instrument,forex,USDJPY,composite,vol,1y,260,0.410072,0.349720,0.038346,0.031816,0.105627,0.080225,0.586207,1.081764,0.355228,62.492155,252
instrument,forex,USDJPY,composite,vol,IS,1275,0.914492,0.876411,0.100736,0.096127,0.111880,0.114680,0.544662,1.203033,1.971344,41.915998,252
instrument,forex,USDJPY,composite,vol,OOS,547,-0.140949,-0.185410,-0.021027,-0.025786,0.108809,0.148188,0.547945,0.964776,-0.273166,48.276643,252
instrument,forex,USDJPY,composite,vol,full,1822,0.603715,0.563644,0.062670,0.058005,0.110990,0.148188,0.545321,1.127271,1.515579,43.914978,252
instrument,forex,USDJPY,buyhold,long1x,5y,1299,0.809760,0.809760,0.076681,0.076681,0.097078,0.147494,0.560092,1.150927,1.838486,0.000000,252
instrument,forex,USDJPY,buyhold,long1x,3y,777,0.452035,0.452035,0.038781,0.038781,0.093939,0.128888,0.555412,1.089219,0.793748,0.000000,252
instrument,forex,USDJPY,buyhold,long1x,1y,260,1.419592,1.419592,0.114934,0.114934,0.078841,0.042254,0.590734,1.284213,1.441949,0.000000,252
instrument,forex,USDJPY,buyhold,long1x,IS,1275,0.878407,0.878407,0.075777,0.075777,0.087527,0.147494,0.544741,1.170674,1.975836,0.000000,252
instrument,forex,USDJPY,buyhold,long1x,OOS,547,0.194842,0.194842,0.014250,0.014250,0.096527,0.128888,0.540293,1.034533,0.287062,0.000000,252
instrument,forex,USDJPY,buyhold,long1x,full,1822,0.658259,0.658259,0.056923,0.056923,0.090312,0.147494,0.543108,1.123476,1.769990,0.000000,252
instrument,forex,USDCHF,10,fixed,5y,1299,0.020537,-0.067747,-0.001559,-0.008652,0.080511,0.124484,0.500386,0.988278,-0.153813,71.057011,252
instrument,forex,USDCHF,10,fixed,3y,777,0.252571,0.169616,0.016822,0.010288,0.078401,0.124484,0.503866,1.035155,0.297836,63.649485,252
instrument,forex,USDCHF,10,fixed,1y,260,-0.565521,-0.644082,-0.041937,-0.047516,0.071614,0.089664,0.459459,0.899566,-0.654226,58.378378,252
instrument,forex,USDCHF,10,fixed,IS,1275,-0.051433,-0.149861,-0.006610,-0.013975,0.075098,0.170582,0.507522,0.974926,-0.337088,74.175824,252
instrument,forex,USDCHF,10,fixed,OOS,547,-0.113938,-0.197298,-0.012634,-0.019460,0.082453,0.124484,0.478022,0.966337,-0.290681,69.230769,252
instrument,forex,USDCHF,10,fixed,full,1822,-0.071415,-0.164942,-0.008423,-0.015625,0.077357,0.170582,0.498895,0.972225,-0.443513,72.652389,252
instrument,forex,USDCHF,10,vol,5y,1299,-0.083147,-0.176539,-0.025047,-0.039499,0.157822,0.303688,0.500386,0.970226,-0.400816,148.166715,252
instrument,forex,USDCHF,10,vol,3y,777,0.160445,0.072647,0.013009,-0.001014,0.158774,0.303688,0.503866,1.018356,0.127564,136.953506,252
instrument,forex,USDCHF,10,vol,1y,260,-0.612204,-0.693590,-0.096309,-0.107651,0.148397,0.184560,0.459459,0.891333,-0.704514,125.634913,252
instrument,forex,USDCHF,10,vol,IS,1275,0.091837,-0.008288,0.002418,-0.012844,0.152734,0.352794,0.509481,0.998647,-0.018643,152.319282,252
instrument,forex,USDCHF,10,vol,OOS,547,-0.315268,-0.403612,-0.061241,-0.074827,0.160801,0.303688,0.478022,0.932535,-0.594645,144.747510,252
instrument,forex,USDCHF,10,vol,full,1822,-0.034862,-0.131282,-0.017134,-0.031877,0.155167,0.370460,0.500000,0.977517,-0.353003,149.965876,252
instrument,forex,USDCHF,20,fixed,5y,1299,-0.261246,-0.316335,-0.023852,-0.028257,0.080407,0.199563,0.478428,0.947358,-0.718210,45.041602,252
instrument,forex,USDCHF,20,fixed,3y,777,0.311540,0.261763,0.021514,0.017594,0.078296,0.134843,0.485825,1.040970,0.459641,38.319588,252
instrument,forex,USDCHF,20,fixed,1y,260,-0.762398,-0.827499,-0.055264,-0.059849,0.071494,0.107829,0.463320,0.872841,-0.840531,48.648649,252
instrument,forex,USDCHF,20,fixed,IS,1275,-0.166590,-0.231239,-0.015073,-0.019891,0.074787,0.211962,0.493620,0.961314,-0.520134,48.857143,252
instrument,forex,USDCHF,20,fixed,OOS,547,-0.083050,-0.138707,-0.010125,-0.014696,0.082387,0.134843,0.472527,0.976175,-0.204358,46.153846,252
instrument,forex,USDCHF,20,fixed,full,1822,-0.139664,-0.201396,-0.013590,-0.018334,0.077125,0.211962,0.487507,0.966035,-0.541532,48.019769,252
instrument,forex,USDCHF,20,vol,5y,1299,-0.262229,-0.323667,-0.052073,-0.061425,0.157560,0.352328,0.478428,0.946340,-0.734856,98.317159,252
instrument,forex,USDCHF,20,vol,3y,777,0.311154,0.254991,0.037434,0.028316,0.158476,0.244717,0.485825,1.039153,0.447750,87.646752,252
instrument,forex,USDCHF,20,vol,1y,260,-0.828749,-0.899718,-0.124712,-0.134346,0.148147,0.228237,0.463320,0.861344,-0.913888,110.179535,252
instrument,forex,USDCHF,20,vol,IS,1275,-0.040001,-0.110525,-0.017474,-0.028095,0.152521,0.361979,0.495881,0.980998,-0.248608,107.876966,252
instrument,forex,USDCHF,20,vol,OOS,547,-0.124502,-0.187893,-0.032123,-0.042078,0.160602,0.244717,0.472527,0.967951,-0.276824,102.670312,252
instrument,forex,USDCHF,20,vol,full,1822,-0.066302,-0.134600,-0.021895,-0.032314,0.154948,0.361979,0.488927,0.976929,-0.361924,106.257111,252
instrument,forex,USDCHF,40,fixed,5y,1299,-0.245414,-0.288339,-0.022614,-0.026036,0.080316,0.205347,0.484592,0.951890,-0.654647,34.946071,252
instrument,forex,USDCHF,40,fixed,3y,777,0.411043,0.385626,0.029476,0.027467,0.078158,0.140516,0.496134,1.074570,0.677138,18.835052,252
instrument,forex,USDCHF,40,fixed,1y,260,-1.688987,-1.737244,-0.115137,-0.118401,0.071073,0.137255,0.444015,0.751911,-1.764604,36.972973,252
instrument,forex,USDCHF,40,fixed,IS,1275,-0.541222,-0.595799,-0.041779,-0.045784,0.074048,0.265117,0.488655,0.902463,-1.340154,41.736264,252
instrument,forex,USDCHF,40,fixed,OOS,547,0.249337,0.219906,0.017268,0.014826,0.082215,0.140516,0.487179,1.038755,0.323990,24.000000,252
instrument,forex,USDCHF,40,fixed,full,1822,-0.285449,-0.332222,-0.024421,-0.027978,0.076590,0.265117,0.488490,0.944251,-0.893311,36.395387,252
instrument,forex,USDCHF,40,vol,5y,1299,-0.240528,-0.290056,-0.048836,-0.056377,0.157418,0.392603,0.484592,0.951743,-0.658546,78.996022,252
instrument,forex,USDCHF,40,vol,3y,777,0.453525,0.423784,0.061030,0.056118,0.158185,0.268901,0.496134,1.081891,0.744140,44.705189,252
instrument,forex,USDCHF,40,vol,1y,260,-1.646292,-1.701327,-0.223431,-0.230211,0.147359,0.266252,0.444015,0.754285,-1.728122,87.375847,252
instrument,forex,USDCHF,40,vol,IS,1275,-0.483412,-0.543914,-0.081469,-0.090211,0.152410,0.472629,0.490115,0.909731,-1.223448,94.852708,252
instrument,forex,USDCHF,40,vol,OOS,547,0.266067,0.231778,0.030330,0.024707,0.160247,0.268901,0.487179,1.040770,0.341481,54.497970,252
instrument,forex,USDCHF,40,vol,full,1822,-0.250016,-0.302714,-0.049243,-0.057135,0.154799,0.472629,0.489495,0.948831,-0.813966,82.701371,252
instrument,forex,USDCHF,60,fixed,5y,1299,-0.365756,-0.414090,-0.031991,-0.035831,0.080329,0.203104,0.474576,0.931771,-0.940153,39.605547,252
instrument,forex,USDCHF,60,fixed,3y,777,-0.163223,-0.197757,-0.015657,-0.018346,0.078222,0.148166,0.475515,0.971484,-0.347251,26.628866,252
instrument,forex,USDCHF,60,fixed,1y,260,-1.388420,-1.451989,-0.096233,-0.100619,0.071280,0.148166,0.444015,0.787780,-1.474857,48.648649,252
instrument,forex,USDCHF,60,fixed,IS,1275,-0.720928,-0.769803,-0.054109,-0.057691,0.073655,0.308741,0.477329,0.874600,-1.731548,37.780220,252
instrument,forex,USDCHF,60,fixed,OOS,547,-0.172483,-0.210247,-0.017368,-0.020453,0.082274,0.148166,0.474359,0.964153,-0.309759,31.384615,252
instrument,forex,USDCHF,60,fixed,full,1822,-0.542427,-0.587847,-0.043225,-0.046663,0.076330,0.336801,0.476705,0.902801,-1.580660,35.841845,252
instrument,forex,USDCHF,60,vol,5y,1299,-0.426031,-0.482163,-0.076135,-0.084509,0.157430,0.411894,0.474576,0.921313,-1.094707,90.372012,252
instrument,forex,USDCHF,60,vol,3y,777,-0.218145,-0.258520,-0.045810,-0.052003,0.158330,0.288363,0.475515,0.961899,-0.453946,63.259805,252
instrument,forex,USDCHF,60,vol,1y,260,-1.371602,-1.440745,-0.191702,-0.200549,0.147750,0.288363,0.444015,0.787385,-1.463435,109.587034,252
instrument,forex,USDCHF,60,vol,IS,1275,-0.614681,-0.669069,-0.099559,-0.107345,0.152321,0.535945,0.477329,0.890140,-1.504962,86.077372,252
instrument,forex,USDCHF,60,vol,OOS,547,-0.277578,-0.322462,-0.055541,-0.062457,0.160378,0.288363,0.474359,0.945695,-0.475086,73.054797,252
instrument,forex,USDCHF,60,vol,full,1822,-0.509669,-0.561196,-0.086564,-0.094099,0.154746,0.588186,0.476705,0.907183,-1.508997,82.126000,252
instrument,forex,USDCHF,120,fixed,5y,1299,-0.492321,-0.516775,-0.041751,-0.043691,0.080220,0.220994,0.474576,0.915623,-1.173291,20.191063,252
instrument,forex,USDCHF,120,fixed,3y,777,-0.518633,-0.538710,-0.042582,-0.044141,0.078146,0.188210,0.471649,0.906392,-0.945944,16.237113,252
instrument,forex,USDCHF,120,fixed,1y,260,-0.702251,-0.731033,-0.051212,-0.053241,0.071367,0.077689,0.447876,0.886817,-0.742546,21.405405,252
instrument,forex,USDCHF,120,fixed,IS,1275,-0.115646,-0.144482,-0.011005,-0.013103,0.072890,0.181949,0.480069,0.974642,-0.324989,21.164835,252
instrument,forex,USDCHF,120,fixed,OOS,547,-0.484028,-0.503624,-0.042177,-0.043772,0.082190,0.118810,0.474359,0.916327,-0.741994,16.615385,252
instrument,forex,USDCHF,120,fixed,full,1822,-0.235458,-0.261222,-0.020469,-0.022412,0.075784,0.255610,0.478542,0.954908,-0.702398,19.789127,252
instrument,forex,USDCHF,120,vol,5y,1299,-0.601510,-0.633589,-0.101217,-0.105931,0.157199,0.457173,0.474576,0.897968,-1.438506,52.153010,252
instrument,forex,USDCHF,120,vol,3y,777,-0.618607,-0.645156,-0.104286,-0.108206,0.158153,0.392687,0.471649,0.889799,-1.132857,43.517339,252
instrument,forex,USDCHF,120,vol,1y,260,-0.574667,-0.612025,-0.091282,-0.096466,0.147955,0.152062,0.447876,0.903475,-0.621664,56.982235,252
instrument,forex,USDCHF,120,vol,IS,1275,-0.052315,-0.088579,-0.018832,-0.024200,0.149812,0.360694,0.480069,0.984382,-0.199245,54.505937,252
instrument,forex,USDCHF,120,vol,OOS,547,-0.642804,-0.669555,-0.109132,-0.113116,0.160174,0.258224,0.474359,0.890567,-0.986460,44.480516,252
instrument,forex,USDCHF,120,vol,full,1822,-0.237941,-0.271175,-0.046863,-0.051792,0.152976,0.502859,0.478542,0.953245,-0.729162,51.470554,252
instrument,forex,USDCHF,180,fixed,5y,1299,-0.112400,-0.139281,-0.012141,-0.014296,0.080275,0.163561,0.486133,0.976296,-0.316225,21.744222,252
instrument,forex,USDCHF,180,fixed,3y,777,-0.105995,-0.133168,-0.011249,-0.013374,0.078225,0.141087,0.474227,0.972263,-0.233835,21.432990,252
instrument,forex,USDCHF,180,fixed,1y,260,-0.389091,-0.407526,-0.029821,-0.031144,0.071408,0.073677,0.467181,0.935145,-0.413944,13.621622,252
instrument,forex,USDCHF,180,fixed,IS,1275,-0.146219,-0.167935,-0.012869,-0.014415,0.071306,0.181260,0.495430,0.969949,-0.377742,15.626374,252
instrument,forex,USDCHF,180,fixed,OOS,547,-0.278199,-0.311215,-0.025859,-0.028562,0.082287,0.140192,0.465201,0.947425,-0.458516,27.692308,252
instrument,forex,USDCHF,180,fixed,full,1822,-0.189530,-0.214956,-0.016787,-0.018684,0.074751,0.226178,0.485679,0.962210,-0.577993,19.235585,252
instrument,forex,USDCHF,180,vol,5y,1299,-0.056925,-0.090117,-0.021016,-0.026177,0.157322,0.284005,0.486133,0.984479,-0.204602,52.422606,252
instrument,forex,USDCHF,180,vol,3y,777,-0.080071,-0.112522,-0.024752,-0.029819,0.158327,0.284005,0.474227,0.975388,-0.197583,51.678608,252
instrument,forex,USDCHF,180,vol,1y,260,-0.189197,-0.211883,-0.038059,-0.041345,0.147967,0.139430,0.467181,0.965406,-0.215220,34.033782,252
instrument,forex,USDCHF,180,vol,IS,1275,-0.057857,-0.084399,-0.018383,-0.022153,0.143379,0.329308,0.495430,0.984828,-0.189842,38.204135,252
instrument,forex,USDCHF,180,vol,OOS,547,-0.331697,-0.371016,-0.063677,-0.069732,0.160392,0.276857,0.465201,0.937790,-0.546621,64.387137,252
instrument,forex,USDCHF,180,vol,full,1822,-0.146451,-0.177148,-0.032207,-0.036687,0.148653,0.403321,0.485679,0.968825,-0.476332,46.034267,252
instrument,forex,USDCHF,250,fixed,5y,1299,-0.277331,-0.305419,-0.025111,-0.027350,0.080258,0.230775,0.486133,0.949721,-0.693427,22.909091,252
instrument,forex,USDCHF,250,fixed,3y,777,0.166373,0.153796,0.010004,0.009017,0.078140,0.126107,0.492268,1.021707,0.270057,9.742268,252
instrument,forex,USDCHF,250,fixed,1y,260,-0.025762,-0.028471,-0.004358,-0.004553,0.071347,0.048366,0.467181,0.995172,-0.028920,1.945946,252
instrument,forex,USDCHF,250,fixed,IS,1275,-0.412538,-0.440518,-0.029936,-0.031841,0.068170,0.224304,0.490234,0.920732,-0.990875,19.582418,252
instrument,forex,USDCHF,250,fixed,OOS,547,0.304897,0.293457,0.021918,0.020972,0.082175,0.055480,0.496337,1.052102,0.432352,9.230769,252
instrument,forex,USDCHF,250,fixed,full,1822,-0.167173,-0.189598,-0.014651,-0.016279,0.072652,0.258385,0.492680,0.965911,-0.509809,16.467875,252
instrument,forex,USDCHF,250,vol,5y,1299,-0.224124,-0.258359,-0.046389,-0.051611,0.157290,0.390108,0.486133,0.957601,-0.586580,54.501992,252
instrument,forex,USDCHF,250,vol,3y,777,0.136215,0.118018,0.009149,0.006245,0.158165,0.265798,0.492268,1.014904,0.207232,28.629586,252
instrument,forex,USDCHF,250,vol,1y,260,0.126774,0.119244,0.007928,0.006805,0.147826,0.095460,0.467181,1.019860,0.121122,11.096976,252
instrument,forex,USDCHF,250,vol,IS,1275,-0.274529,-0.307157,-0.046483,-0.050888,0.138658,0.378889,0.490234,0.944287,-0.690900,45.974140,252
instrument,forex,USDCHF,250,vol,OOS,547,0.241372,0.224439,0.026254,0.023486,0.160184,0.122377,0.496337,1.039472,0.330667,26.836962,252
instrument,forex,USDCHF,250,vol,full,1822,-0.103237,-0.130719,-0.025205,-0.029146,0.145429,0.436504,0.492680,0.976487,-0.351488,40.211417,252
instrument,forex,USDCHF,composite,fixed,5y,1299,-0.454845,-0.503873,-0.029424,-0.032390,0.061585,0.170238,0.462375,0.905502,-1.143997,30.577812,252
instrument,forex,USDCHF,composite,fixed,3y,777,-0.065242,-0.101094,-0.005808,-0.007984,0.060995,0.090750,0.466974,0.977463,-0.177514,21.757732,252
instrument,forex,USDCHF,composite,fixed,1y,260,-1.019936,-1.073247,-0.051118,-0.053691,0.050244,0.078092,0.425234,0.812906,-1.090149,27.243243,252
instrument,forex,USDCHF,composite,fixed,IS,1275,-0.369755,-0.420605,-0.019766,-0.022325,0.050625,0.179951,0.477352,0.914613,-0.946083,26.109890,252
instrument,forex,USDCHF,composite,fixed,OOS,547,-0.136796,-0.174138,-0.010973,-0.013387,0.065251,0.078092,0.466951,0.966303,-0.256559,24.461538,252
instrument,forex,USDCHF,composite,fixed,full,1822,-0.284701,-0.330508,-0.017134,-0.019650,0.055405,0.194105,0.474080,0.933251,-0.888701,25.601318,252
instrument,forex,USDCHF,composite,vol,5y,1299,-0.506967,-0.564117,-0.064116,-0.070468,0.117344,0.333452,0.462375,0.895842,-1.280778,67.936310,252
instrument,forex,USDCHF,composite,vol,3y,777,-0.131135,-0.174448,-0.021933,-0.026907,0.117261,0.207988,0.466974,0.963110,-0.306320,50.597801,252
instrument,forex,USDCHF,composite,vol,1y,260,-0.948197,-1.007827,-0.097768,-0.103376,0.103017,0.156104,0.425234,0.822059,-1.023699,62.446921,252
instrument,forex,USDCHF,composite,vol,IS,1275,-0.305750,-0.361239,-0.036182,-0.041767,0.103281,0.331325,0.477352,0.926624,-0.812549,57.946360,252
instrument,forex,USDCHF,composite,vol,OOS,547,-0.266983,-0.313005,-0.038542,-0.043885,0.120426,0.156104,0.466951,0.939927,-0.461153,55.724385,252
instrument,forex,USDCHF,composite,vol,full,1822,-0.292125,-0.344360,-0.036891,-0.042403,0.108679,0.379063,0.474080,0.931266,-0.925948,57.248836,252
instrument,forex,USDCHF,buyhold,long1x,5y,1299,-0.294678,-0.294678,-0.026475,-0.026475,0.080131,0.246907,0.523883,0.950842,-0.669040,0.000000,252
instrument,forex,USDCHF,buyhold,long1x,3y,777,-0.401309,-0.401309,-0.033797,-0.033797,0.078061,0.171309,0.521907,0.937748,-0.704675,0.000000,252
instrument,forex,USDCHF,buyhold,long1x,1y,260,0.224738,0.224738,0.013582,0.013582,0.071318,0.062293,0.540541,1.037733,0.228277,0.000000,252
instrument,forex,USDCHF,buyhold,long1x,IS,1275,-0.175641,-0.175641,-0.015828,-0.015828,0.074873,0.170375,0.518838,0.970701,-0.395077,0.000000,252
instrument,forex,USDCHF,buyhold,long1x,OOS,547,-0.672189,-0.672189,-0.056857,-0.056857,0.082055,0.167512,0.518315,0.889911,-0.990341,0.000000,252
instrument,forex,USDCHF,buyhold,long1x,full,1822,-0.334194,-0.334194,-0.028330,-0.028330,0.077087,0.246907,0.518946,0.944551,-0.898612,0.000000,252
instrument,forex,USDCAD,10,fixed,5y,1299,-0.040427,-0.155935,-0.004344,-0.011451,0.061668,0.147257,0.495378,0.972854,-0.354036,71.445300,252
instrument,forex,USDCAD,10,fixed,3y,777,0.104248,-0.027205,0.004091,-0.002806,0.052561,0.087133,0.498711,1.002253,-0.047770,68.845361,252
instrument,forex,USDCAD,10,fixed,1y,260,0.530211,0.395239,0.021831,0.016092,0.042686,0.058306,0.521236,1.076445,0.401464,56.432432,252
instrument,forex,USDCAD,10,fixed,IS,1275,-0.334885,-0.438794,-0.025704,-0.033004,0.070767,0.228320,0.491297,0.926421,-0.986996,74.967033,252
instrument,forex,USDCAD,10,fixed,OOS,547,0.464842,0.347413,0.023349,0.017130,0.052915,0.075196,0.510989,1.071030,0.511846,60.000000,252
instrument,forex,USDCAD,10,fixed,full,1822,-0.139502,-0.245920,-0.011229,-0.018218,0.065918,0.242506,0.496963,0.957743,-0.661254,70.714992,252
instrument,forex,USDCAD,10,vol,5y,1299,-0.080214,-0.204097,-0.021866,-0.039590,0.145823,0.383181,0.495378,0.965734,-0.463383,181.564719,252
instrument,forex,USDCAD,10,vol,3y,777,0.070554,-0.067141,0.000056,-0.019303,0.141473,0.255368,0.498711,0.994982,-0.117895,194.382566,252
instrument,forex,USDCAD,10,vol,1y,260,0.532389,0.396423,0.061068,0.043232,0.127035,0.166560,0.521236,1.075231,0.402667,169.068018,252
instrument,forex,USDCAD,10,vol,IS,1275,-0.261714,-0.368249,-0.050111,-0.065844,0.153047,0.419598,0.490939,0.937294,-0.828318,165.646066,252
instrument,forex,USDCAD,10,vol,OOS,547,0.468197,0.344405,0.056554,0.038870,0.138520,0.222269,0.510989,1.069531,0.507415,165.356036,252
instrument,forex,USDCAD,10,vol,full,1822,-0.057460,-0.168763,-0.019272,-0.035567,0.148827,0.496643,0.496877,0.971013,-0.453787,166.260236,252
instrument,forex,USDCAD,20,fixed,5y,1299,-0.567435,-0.664727,-0.035887,-0.041838,0.061450,0.251519,0.494217,0.892258,-1.509202,61.738059,252
instrument,forex,USDCAD,20,fixed,3y,777,-0.278161,-0.396727,-0.015689,-0.021880,0.052315,0.117825,0.501935,0.941100,-0.696631,62.350515,252
instrument,forex,USDCAD,20,fixed,1y,260,0.359897,0.253286,0.014479,0.009955,0.042694,0.047963,0.532819,1.051529,0.257275,44.756757,252
instrument,forex,USDCAD,20,fixed,IS,1275,-0.314636,-0.397570,-0.024284,-0.030092,0.070587,0.203046,0.491228,0.932907,-0.894270,59.538462,252
instrument,forex,USDCAD,20,fixed,OOS,547,-0.339434,-0.448067,-0.018939,-0.024632,0.052580,0.091419,0.508257,0.931377,-0.660141,58.153846,252
instrument,forex,USDCAD,20,fixed,full,1822,-0.318151,-0.406641,-0.022682,-0.028456,0.065687,0.268656,0.496111,0.930930,-1.093415,59.090610,252
instrument,forex,USDCAD,20,vol,5y,1299,-0.502559,-0.608336,-0.079736,-0.094280,0.145386,0.503202,0.494217,0.902934,-1.381173,158.137214,252
instrument,forex,USDCAD,20,vol,3y,777,-0.220736,-0.343868,-0.039919,-0.056757,0.141022,0.295776,0.501935,0.949931,-0.603813,174.258284,252
instrument,forex,USDCAD,20,vol,1y,260,0.390970,0.282929,0.042291,0.028293,0.127062,0.137936,0.532819,1.055300,0.287385,134.618456,252
instrument,forex,USDCAD,20,vol,IS,1275,-0.119493,-0.205129,-0.029272,-0.042077,0.152816,0.372679,0.492586,0.964606,-0.461404,131.800139,252
instrument,forex,USDCAD,20,vol,OOS,547,-0.243113,-0.357766,-0.041837,-0.057148,0.137921,0.223615,0.508257,0.948144,-0.527099,160.266672,252
instrument,forex,USDCAD,20,vol,full,1822,-0.153845,-0.247533,-0.033062,-0.046627,0.148465,0.503202,0.497159,0.957770,-0.665590,140.269748,252
instrument,forex,USDCAD,40,fixed,5y,1299,-0.773217,-0.845001,-0.048008,-0.052371,0.061420,0.309691,0.484592,0.865243,-1.918500,45.818182,252
instrument,forex,USDCAD,40,fixed,3y,777,0.444282,0.377367,0.022078,0.018562,0.052369,0.063161,0.498711,1.059421,0.662635,34.422680,252
instrument,forex,USDCAD,40,fixed,1y,260,0.048197,-0.038423,0.001149,-0.002538,0.042613,0.063161,0.482625,1.002046,-0.039028,36.972973,252
instrument,forex,USDCAD,40,fixed,IS,1275,-0.518548,-0.582632,-0.037984,-0.042419,0.070166,0.305992,0.491896,0.902373,-1.310537,46.087912,252
instrument,forex,USDCAD,40,fixed,OOS,547,0.386035,0.311576,0.019116,0.015172,0.052795,0.063161,0.505495,1.064083,0.459047,38.769231,252
instrument,forex,USDCAD,40,fixed,full,1822,-0.295564,-0.361674,-0.021186,-0.025481,0.065444,0.309691,0.495789,0.937914,-0.972503,43.868204,252
instrument,forex,USDCAD,40,vol,5y,1299,-0.621310,-0.698471,-0.095545,-0.105979,0.145256,0.554326,0.484592,0.889465,-1.585815,115.335458,252
instrument,forex,USDCAD,40,vol,3y,777,0.434021,0.360629,0.052454,0.041758,0.140934,0.176806,0.498711,1.055940,0.633244,101.661224,252
instrument,forex,USDCAD,40,vol,1y,260,0.092464,0.004351,0.003742,-0.007429,0.126817,0.176806,0.482625,1.007822,0.004420,111.572333,252
instrument,forex,USDCAD,40,vol,IS,1275,-0.438530,-0.508671,-0.075243,-0.085362,0.152569,0.538539,0.490115,0.914414,-1.144173,109.302660,252
instrument,forex,USDCAD,40,vol,OOS,547,0.387954,0.305027,0.044949,0.033163,0.138193,0.176806,0.505495,1.062084,0.449398,112.988743,252
instrument,forex,USDCAD,40,vol,full,1822,-0.207040,-0.280677,-0.040689,-0.051283,0.148402,0.554326,0.494605,0.952213,-0.754711,110.354572,252
instrument,forex,USDCAD,60,fixed,5y,1299,-0.088369,-0.141777,-0.007265,-0.010544,0.061452,0.167217,0.505393,0.977179,-0.321891,33.004622,252
instrument,forex,USDCAD,60,fixed,3y,777,0.216357,0.171265,0.009988,0.007626,0.052353,0.086625,0.510309,1.037172,0.300731,22.731959,252
instrument,forex,USDCAD,60,fixed,1y,260,0.569326,0.498534,0.023525,0.020545,0.042610,0.036184,0.521236,1.095056,0.506385,29.189189,252
instrument,forex,USDCAD,60,fixed,IS,1275,-0.171105,-0.213956,-0.014269,-0.017257,0.069935,0.170601,0.497529,0.962782,-0.481259,30.263736,252
instrument,forex,USDCAD,60,fixed,OOS,547,0.749531,0.698898,0.038769,0.036087,0.052712,0.036760,0.529304,1.139000,1.029691,25.846154,252
instrument,forex,USDCAD,60,fixed,full,1822,0.053459,0.009033,0.001363,-0.001537,0.065247,0.179465,0.507098,1.001648,0.024290,28.922570,252
instrument,forex,USDCAD,60,vol,5y,1299,-0.140377,-0.199302,-0.030354,-0.038746,0.145302,0.401697,0.505393,0.968279,-0.452498,86.318797,252
instrument,forex,USDCAD,60,vol,3y,777,0.150362,0.100273,0.011333,0.004224,0.140895,0.233357,0.510309,1.023640,0.176073,68.542603,252
instrument,forex,USDCAD,60,vol,1y,260,0.591150,0.519239,0.068943,0.059523,0.126806,0.105544,0.521236,1.097356,0.527417,88.011638,252
instrument,forex,USDCAD,60,vol,IS,1275,-0.192356,-0.242452,-0.039976,-0.047413,0.152505,0.406413,0.497529,0.958293,-0.545356,77.213017,252
instrument,forex,USDCAD,60,vol,OOS,547,0.689340,0.631887,0.089169,0.080789,0.138012,0.105544,0.529304,1.123279,0.930963,76.857187,252
instrument,forex,USDCAD,60,vol,full,1822,0.054149,0.002071,-0.002901,-0.010610,0.148308,0.428158,0.507098,1.000410,0.005568,77.070643,252
instrument,forex,USDCAD,120,fixed,5y,1299,-0.655757,-0.712484,-0.041136,-0.044561,0.061334,0.240812,0.485736,0.886775,-1.617631,35.722650,252
instrument,forex,USDCAD,120,fixed,3y,777,-1.119876,-1.181500,-0.057918,-0.061098,0.052201,0.223604,0.485161,0.810743,-2.074646,33.773196,252
instrument,forex,USDCAD,120,fixed,1y,260,-0.732649,-0.772766,-0.031457,-0.033148,0.042457,0.069734,0.455598,0.887463,-0.784937,17.513514,252
instrument,forex,USDCAD,120,fixed,IS,1275,-0.363037,-0.403288,-0.027107,-0.029860,0.069228,0.190768,0.480486,0.929581,-0.907132,28.285714,252
instrument,forex,USDCAD,120,fixed,OOS,547,-0.526970,-0.571617,-0.028696,-0.031024,0.052704,0.122728,0.500000,0.911191,-0.842167,24.000000,252
instrument,forex,USDCAD,120,fixed,full,1822,-0.400717,-0.441772,-0.027584,-0.030210,0.064698,0.266471,0.486471,0.923255,-1.187880,26.985173,252
instrument,forex,USDCAD,120,vol,5y,1299,-0.729363,-0.793674,-0.109489,-0.118048,0.144990,0.534543,0.485736,0.877050,-1.801965,96.055849,252
instrument,forex,USDCAD,120,vol,3y,777,-1.106951,-1.174045,-0.152015,-0.160400,0.140462,0.503946,0.485161,0.815173,-2.061555,98.841932,252
instrument,forex,USDCAD,120,vol,1y,260,-0.719499,-0.761684,-0.094030,-0.098980,0.126365,0.196431,0.455598,0.887900,-0.773680,54.611843,252
instrument,forex,USDCAD,120,vol,IS,1275,-0.387945,-0.438302,-0.066769,-0.073945,0.149742,0.449195,0.480486,0.924136,-0.985890,76.726301,252
instrument,forex,USDCAD,120,vol,OOS,547,-0.449332,-0.498186,-0.068868,-0.075233,0.137919,0.280387,0.500000,0.925504,-0.733982,68.392999,252
instrument,forex,USDCAD,120,vol,full,1822,-0.405171,-0.455068,-0.067400,-0.074332,0.146255,0.573878,0.486471,0.922464,-1.223629,74.192267,252
instrument,forex,USDCAD,180,fixed,5y,1299,-0.258940,-0.300656,-0.017585,-0.020144,0.061411,0.141828,0.491525,0.951129,-0.682613,26.015408,252
instrument,forex,USDCAD,180,fixed,3y,777,-0.128337,-0.183749,-0.008035,-0.010933,0.052370,0.097255,0.484536,0.962318,-0.322653,29.226804,252
instrument,forex,USDCAD,180,fixed,1y,260,0.239919,0.198251,0.009329,0.007564,0.042562,0.036567,0.467181,1.042060,0.201373,17.513514,252
instrument,forex,USDCAD,180,fixed,IS,1275,-0.217329,-0.249757,-0.016909,-0.019111,0.068005,0.177068,0.488117,0.954870,-0.561789,22.351648,252
instrument,forex,USDCAD,180,fixed,OOS,547,-0.205500,-0.243530,-0.012129,-0.014135,0.052750,0.097255,0.490842,0.965237,-0.358795,20.307692,252
instrument,forex,USDCAD,180,fixed,full,1822,-0.213131,-0.246763,-0.015477,-0.017620,0.063795,0.201617,0.488726,0.955759,-0.663520,21.726524,252
instrument,forex,USDCAD,180,vol,5y,1299,-0.193614,-0.242702,-0.037800,-0.044765,0.145240,0.312978,0.491525,0.961303,-0.551033,72.113662,252
instrument,forex,USDCAD,180,vol,3y,777,-0.015278,-0.076445,-0.011937,-0.020483,0.140959,0.219585,0.484536,0.981027,-0.134234,86.376433,252
instrument,forex,USDCAD,180,vol,1y,260,0.273549,0.230765,0.026973,0.021475,0.126656,0.105365,0.467181,1.046286,0.234399,53.292373,252
instrument,forex,USDCAD,180,vol,IS,1275,-0.121553,-0.162290,-0.027541,-0.033343,0.144648,0.300264,0.488117,0.970685,-0.365045,59.380784,252
instrument,forex,USDCAD,180,vol,OOS,547,-0.047323,-0.090628,-0.015861,-0.021787,0.138087,0.208278,0.490842,0.992443,-0.133522,60.035412,252
instrument,forex,USDCAD,180,vol,full,1822,-0.099988,-0.141473,-0.024049,-0.029888,0.142673,0.372615,0.488726,0.974936,-0.380407,59.551173,252
instrument,forex,USDCAD,250,fixed,5y,1299,-0.133113,-0.168919,-0.009982,-0.012176,0.061376,0.125177,0.496918,0.972687,-0.383514,22.132512,252
instrument,forex,USDCAD,250,fixed,3y,777,0.036974,-0.015141,0.000568,-0.002160,0.052361,0.100674,0.505155,1.004355,-0.026587,27.278351,252
instrument,forex,USDCAD,250,fixed,1y,260,0.984517,0.931361,0.041656,0.039432,0.042493,0.033309,0.517375,1.176355,0.946029,21.405405,252
instrument,forex,USDCAD,250,fixed,IS,1275,-0.374512,-0.403362,-0.024937,-0.026734,0.062359,0.177769,0.486328,0.926584,-0.907298,18.395604,252
instrument,forex,USDCAD,250,fixed,OOS,547,0.127350,0.088690,0.005335,0.003294,0.052745,0.100674,0.512821,1.023211,0.130668,20.307692,252
instrument,forex,USDCAD,250,fixed,full,1822,-0.240273,-0.271642,-0.015946,-0.017815,0.059628,0.177769,0.495226,0.950872,-0.730416,18.958814,252
instrument,forex,USDCAD,250,vol,5y,1299,-0.106411,-0.151143,-0.025565,-0.031952,0.145176,0.292104,0.496918,0.976068,-0.343156,65.331598,252
instrument,forex,USDCAD,250,vol,3y,777,0.182239,0.124509,0.015875,0.007660,0.140900,0.205871,0.505155,1.027632,0.218631,80.777351,252
instrument,forex,USDCAD,250,vol,1y,260,1.005915,0.951166,0.126235,0.118845,0.126453,0.097128,0.517375,1.178645,0.966146,65.488699,252
instrument,forex,USDCAD,250,vol,IS,1275,-0.453879,-0.491193,-0.069115,-0.074042,0.137409,0.376593,0.486328,0.911565,-1.104860,52.681381,252
instrument,forex,USDCAD,250,vol,OOS,547,0.372886,0.329466,0.042785,0.036623,0.138007,0.205871,0.512821,1.066496,0.485405,58.988226,252
instrument,forex,USDCAD,250,vol,full,1822,-0.204874,-0.244064,-0.036844,-0.042121,0.137590,0.384317,0.495226,0.956413,-0.656264,54.550183,252
instrument,forex,USDCAD,composite,fixed,5y,1299,-0.519899,-0.605873,-0.022736,-0.026344,0.042567,0.156086,0.497556,0.887345,-1.375579,36.984592,252
instrument,forex,USDCAD,composite,fixed,3y,777,-0.400243,-0.496746,-0.015454,-0.019010,0.037241,0.089459,0.508914,0.911074,-0.872258,35.884021,252
instrument,forex,USDCAD,composite,fixed,1y,260,0.417016,0.322872,0.012140,0.009298,0.030061,0.024472,0.515000,1.088379,0.327957,28.216216,252
instrument,forex,USDCAD,composite,fixed,IS,1275,-0.433680,-0.496313,-0.020511,-0.023327,0.045473,0.144996,0.483271,0.893893,-1.116375,28.780220,252
instrument,forex,USDCAD,composite,fixed,OOS,547,0.003990,-0.074615,-0.000643,-0.003794,0.040149,0.061814,0.529018,0.999296,-0.109931,31.615385,252
instrument,forex,USDCAD,composite,fixed,full,1822,-0.312973,-0.379937,-0.014588,-0.017503,0.043935,0.174416,0.499204,0.920696,-1.021610,29.614498,252
instrument,forex,USDCAD,composite,vol,5y,1299,-0.528873,-0.622733,-0.056900,-0.065934,0.101280,0.361648,0.497556,0.886673,-1.413860,96.113543,252
instrument,forex,USDCAD,composite,vol,3y,777,-0.343105,-0.443373,-0.039162,-0.048974,0.101610,0.227986,0.508914,0.922125,-0.778537,101.792119,252
instrument,forex,USDCAD,composite,vol,1y,260,0.448863,0.353834,0.036699,0.027995,0.089265,0.072507,0.515000,1.092720,0.359407,84.375711,252
instrument,forex,USDCAD,composite,vol,IS,1275,-0.497667,-0.569095,-0.051896,-0.058586,0.097717,0.342625,0.483271,0.880525,-1.280088,70.686068,252
instrument,forex,USDCAD,composite,vol,OOS,547,0.118279,0.036418,0.006975,-0.001883,0.107948,0.139851,0.529018,1.023684,0.053654,88.368177,252
instrument,forex,USDCAD,composite,vol,full,1822,-0.299244,-0.374048,-0.034593,-0.041910,0.100883,0.396965,0.499204,0.923655,-1.005777,75.955688,252
instrument,forex,USDCAD,buyhold,long1x,5y,1299,0.446922,0.446922,0.025825,0.025825,0.061249,0.083237,0.523112,1.077868,1.014697,0.000000,252
instrument,forex,USDCAD,buyhold,long1x,3y,777,0.405785,0.405785,0.020026,0.020026,0.052223,0.083237,0.543814,1.079530,0.712535,0.000000,252
instrument,forex,USDCAD,buyhold,long1x,1y,260,1.067609,1.067609,0.045312,0.045312,0.042350,0.043921,0.586873,1.183071,1.084423,0.000000,252
instrument,forex,USDCAD,buyhold,long1x,IS,1275,0.172649,0.172649,0.009729,0.009729,0.070438,0.169690,0.497645,1.030441,0.388345,0.000000,252
instrument,forex,USDCAD,buyhold,long1x,OOS,547,0.324463,0.324463,0.015819,0.015819,0.052641,0.083237,0.558608,1.066534,0.478034,0.000000,252
instrument,forex,USDCAD,buyhold,long1x,full,1822,0.207925,0.207925,0.011554,0.011554,0.065590,0.169690,0.515651,1.037130,0.559090,0.000000,252
instrument,forex,AUDUSD,10,fixed,5y,1299,-0.710228,-0.782967,-0.075724,-0.083022,0.103788,0.460369,0.474942,0.876663,-1.777656,78.822804,252
instrument,forex,AUDUSD,10,fixed,3y,777,-1.313343,-1.400343,-0.121152,-0.129029,0.095367,0.396246,0.462629,0.790599,-2.458921,88.979381,252
instrument,forex,AUDUSD,10,fixed,1y,260,-1.472755,-1.579611,-0.120015,-0.128718,0.084929,0.175021,0.463320,0.778141,-1.604489,99.243243,252
instrument,forex,AUDUSD,10,fixed,IS,1275,0.366403,0.305255,0.034019,0.027358,0.107240,0.222007,0.504355,1.052686,0.686622,64.285714,252
instrument,forex,AUDUSD,10,fixed,OOS,547,-1.587008,-1.678046,-0.144632,-0.152838,0.096049,0.332749,0.463370,0.748329,-2.472278,95.076923,252
instrument,forex,AUDUSD,10,fixed,full,1822,-0.174592,-0.244691,-0.023218,-0.030435,0.104131,0.460369,0.491713,0.959348,-0.657950,73.759473,252
instrument,forex,AUDUSD,10,vol,5y,1299,-0.701515,-0.780699,-0.115232,-0.126770,0.157625,0.597739,0.474942,0.877865,-1.772508,130.102588,252
instrument,forex,AUDUSD,10,vol,3y,777,-1.202646,-1.293848,-0.183973,-0.196661,0.159316,0.545180,0.462629,0.804626,-2.271922,154.448052,252
instrument,forex,AUDUSD,10,vol,1y,260,-1.225084,-1.340755,-0.183885,-0.199597,0.156849,0.268165,0.463320,0.808569,-1.361870,193.297885,252
instrument,forex,AUDUSD,10,vol,IS,1275,0.374753,0.309826,0.046879,0.036575,0.154260,0.325129,0.502061,1.053864,0.696902,98.133953,252
instrument,forex,AUDUSD,10,vol,OOS,547,-1.365807,-1.462091,-0.207892,-0.221198,0.161881,0.456211,0.463370,0.777519,-2.154109,166.602589,252
instrument,forex,AUDUSD,10,vol,full,1822,-0.164727,-0.239939,-0.037200,-0.048692,0.156757,0.608729,0.489773,0.959959,-0.645172,119.064868,252
instrument,forex,AUDUSD,20,fixed,5y,1299,-0.350389,-0.401848,-0.040722,-0.045947,0.103688,0.301067,0.482280,0.934486,-0.912360,54.360555,252
instrument,forex,AUDUSD,20,fixed,3y,777,-0.493493,-0.554536,-0.050166,-0.055844,0.095435,0.251918,0.472938,0.914066,-0.973733,59.752577,252
instrument,forex,AUDUSD,20,fixed,1y,260,-0.113748,-0.179450,-0.013132,-0.018689,0.085041,0.099991,0.521236,0.978140,-0.182276,56.432432,252
instrument,forex,AUDUSD,20,fixed,IS,1275,0.118918,0.074493,0.007027,0.002254,0.107008,0.185578,0.499203,1.012672,0.167559,47.274725,252
instrument,forex,AUDUSD,20,fixed,OOS,547,-0.510631,-0.565795,-0.052167,-0.057330,0.096201,0.202462,0.483516,0.903464,-0.833590,54.461538,252
instrument,forex,AUDUSD,20,fixed,full,1822,-0.056218,-0.103617,-0.011122,-0.016019,0.103871,0.301944,0.494725,0.982534,-0.278614,49.403624,252
instrument,forex,AUDUSD,20,vol,5y,1299,-0.344753,-0.400861,-0.064258,-0.072697,0.157446,0.418645,0.482280,0.935085,-0.910120,89.923184,252
instrument,forex,AUDUSD,20,vol,3y,777,-0.409250,-0.473945,-0.074646,-0.084406,0.159395,0.377753,0.472938,0.926288,-0.832221,105.314909,252
instrument,forex,AUDUSD,20,vol,1y,260,0.129308,0.060459,0.008086,-0.002763,0.156935,0.144627,0.521236,1.015263,0.061411,107.514986,252
instrument,forex,AUDUSD,20,vol,IS,1275,0.055242,0.004947,-0.003295,-0.011036,0.154169,0.288428,0.495881,1.000885,0.011128,77.366213,252
instrument,forex,AUDUSD,20,vol,OOS,547,-0.310005,-0.368097,-0.061087,-0.070075,0.162004,0.275598,0.483516,0.935356,-0.542320,95.626848,252
instrument,forex,AUDUSD,20,vol,full,1822,-0.058257,-0.110967,-0.021009,-0.029144,0.156527,0.450548,0.492334,0.981293,-0.298378,82.799398,252
instrument,forex,AUDUSD,40,fixed,5y,1299,-0.732849,-0.768775,-0.077886,-0.081479,0.103547,0.396132,0.484592,0.878696,-1.745434,38.828968,252
instrument,forex,AUDUSD,40,fixed,3y,777,-0.909516,-0.946638,-0.086969,-0.090420,0.095285,0.282762,0.475515,0.854542,-1.662241,37.020619,252
instrument,forex,AUDUSD,40,fixed,1y,260,-1.154263,-1.194418,-0.096192,-0.099534,0.084761,0.122622,0.482625,0.828610,-1.213229,36.972973,252
instrument,forex,AUDUSD,40,fixed,IS,1275,-0.410849,-0.449196,-0.048152,-0.052135,0.106552,0.322200,0.491896,0.926483,-1.010393,41.736264,252
instrument,forex,AUDUSD,40,fixed,OOS,547,-0.727581,-0.757538,-0.071701,-0.074540,0.096118,0.242492,0.485348,0.873618,-1.116086,30.461538,252
instrument,forex,AUDUSD,40,fixed,full,1822,-0.498777,-0.534781,-0.055284,-0.058918,0.103507,0.437617,0.490174,0.912451,-1.437971,38.332784,252
instrument,forex,AUDUSD,40,vol,5y,1299,-0.768760,-0.811266,-0.124507,-0.130660,0.157251,0.595308,0.484592,0.873328,-1.841905,69.907144,252
instrument,forex,AUDUSD,40,vol,3y,777,-0.902080,-0.945043,-0.144314,-0.150554,0.159136,0.465904,0.475515,0.854205,-1.659441,71.514180,252
instrument,forex,AUDUSD,40,vol,1y,260,-0.988338,-1.035280,-0.153327,-0.159951,0.156521,0.244963,0.482625,0.849581,-1.051584,77.865758,252
instrument,forex,AUDUSD,40,vol,IS,1275,-0.413750,-0.460088,-0.072625,-0.079417,0.154062,0.459367,0.492586,0.925185,-1.034893,72.966324,252
instrument,forex,AUDUSD,40,vol,OOS,547,-0.666834,-0.703082,-0.113798,-0.119285,0.161867,0.395563,0.485348,0.882250,-1.035856,61.508096,252
instrument,forex,AUDUSD,40,vol,full,1822,-0.492373,-0.535583,-0.085183,-0.091572,0.156407,0.625236,0.490630,0.912712,-1.440126,69.491162,252
instrument,forex,AUDUSD,60,fixed,5y,1299,-0.593890,-0.625657,-0.064570,-0.067780,0.103575,0.352596,0.484592,0.900045,-1.420498,34.169492,252
instrument,forex,AUDUSD,60,fixed,3y,777,-0.811730,-0.845244,-0.078465,-0.081589,0.095290,0.256915,0.470361,0.869462,-1.484200,33.773196,252
instrument,forex,AUDUSD,60,fixed,1y,260,-0.878163,-0.928727,-0.074922,-0.079054,0.084807,0.108021,0.451737,0.865471,-0.943353,44.756757,252
instrument,forex,AUDUSD,60,fixed,IS,1275,-0.347187,-0.374666,-0.041578,-0.044454,0.106285,0.307495,0.493410,0.937860,-0.842750,29.868132,252
instrument,forex,AUDUSD,60,fixed,OOS,547,-0.715789,-0.753531,-0.070650,-0.074174,0.096110,0.195942,0.479853,0.874241,-1.110183,37.846154,252
instrument,forex,AUDUSD,60,fixed,full,1822,-0.449815,-0.480175,-0.050400,-0.053475,0.103313,0.422718,0.489495,0.920630,-1.291142,32.243822,252
instrument,forex,AUDUSD,60,vol,5y,1299,-0.680127,-0.717663,-0.112272,-0.117761,0.157251,0.560611,0.484592,0.887061,-1.629390,61.467035,252
instrument,forex,AUDUSD,60,vol,3y,777,-0.925003,-0.965255,-0.147409,-0.153229,0.159081,0.457410,0.470361,0.851157,-1.694932,67.881700,252
instrument,forex,AUDUSD,60,vol,1y,260,-0.871043,-0.931490,-0.137724,-0.146266,0.156620,0.227388,0.451737,0.864050,-0.946160,98.899364,252
instrument,forex,AUDUSD,60,vol,IS,1275,-0.304618,-0.335383,-0.056946,-0.061526,0.154001,0.416288,0.493410,0.944912,-0.754390,48.274477,252
instrument,forex,AUDUSD,60,vol,OOS,547,-0.830491,-0.876395,-0.136853,-0.143587,0.161784,0.372820,0.479853,0.856001,-1.291199,77.755599,252
instrument,forex,AUDUSD,60,vol,full,1822,-0.467875,-0.503407,-0.081683,-0.086956,0.156355,0.609980,0.489495,0.917745,-1.353609,57.087935,252
instrument,forex,AUDUSD,120,fixed,5y,1299,-0.042984,-0.070273,-0.009738,-0.012553,0.103575,0.275467,0.500000,0.987856,-0.159548,28.345146,252
instrument,forex,AUDUSD,120,fixed,3y,777,-0.245963,-0.270774,-0.027539,-0.029884,0.095324,0.188042,0.497423,0.959631,-0.475464,24.030928,252
instrument,forex,AUDUSD,120,fixed,1y,260,0.512135,0.498064,0.040607,0.039393,0.084756,0.051358,0.505792,1.092727,0.505908,11.675676,252
instrument,forex,AUDUSD,120,fixed,IS,1275,0.018186,-0.007149,-0.003619,-0.006288,0.105407,0.220115,0.509532,0.998783,-0.016081,26.703297,252
instrument,forex,AUDUSD,120,fixed,OOS,547,-0.108894,-0.126027,-0.014922,-0.016565,0.096105,0.114448,0.498168,0.975453,-0.185677,16.615385,252
instrument,forex,AUDUSD,120,fixed,full,1822,-0.017536,-0.040550,-0.007026,-0.009384,0.102677,0.275467,0.506173,0.992960,-0.109034,23.663921,252
instrument,forex,AUDUSD,120,vol,5y,1299,0.066523,0.037332,-0.001837,-0.006428,0.157256,0.355698,0.500000,1.005719,0.084759,45.784790,252
instrument,forex,AUDUSD,120,vol,3y,777,-0.104653,-0.132738,-0.028769,-0.033163,0.159177,0.282561,0.497423,0.982190,-0.233080,45.005970,252
instrument,forex,AUDUSD,120,vol,1y,260,0.765886,0.743691,0.113471,0.109729,0.156374,0.090682,0.505792,1.134672,0.755403,33.302087,252
instrument,forex,AUDUSD,120,vol,IS,1275,0.212659,0.184977,0.020908,0.016676,0.150463,0.256929,0.509532,1.032638,0.416075,41.315445,252
instrument,forex,AUDUSD,120,vol,OOS,547,0.148627,0.127168,0.011144,0.007637,0.161784,0.153143,0.498168,1.019560,0.187357,34.498087,252
instrument,forex,AUDUSD,120,vol,full,1822,0.192392,0.166681,0.017967,0.013954,0.153905,0.355698,0.506173,1.029393,0.448189,39.249161,252
instrument,forex,AUDUSD,180,fixed,5y,1299,-0.313132,-0.329299,-0.037021,-0.038675,0.103525,0.260609,0.494607,0.946729,-0.747644,17.084746,252
instrument,forex,AUDUSD,180,fixed,3y,777,-0.485072,-0.506192,-0.049405,-0.051389,0.095280,0.242042,0.485825,0.911925,-0.888844,20.783505,252
instrument,forex,AUDUSD,180,fixed,1y,260,-0.070461,-0.086363,-0.009499,-0.010851,0.084849,0.093381,0.486486,0.978867,-0.087723,13.621622,252
instrument,forex,AUDUSD,180,fixed,IS,1275,-0.167979,-0.179164,-0.022321,-0.023469,0.102963,0.194446,0.507313,0.968611,-0.403001,11.670330,252
instrument,forex,AUDUSD,180,fixed,OOS,547,-0.347830,-0.362892,-0.037252,-0.038678,0.096053,0.172688,0.489011,0.935967,-0.534652,14.769231,252
instrument,forex,AUDUSD,180,fixed,full,1822,-0.219333,-0.231623,-0.026827,-0.028060,0.100913,0.297481,0.501523,0.959836,-0.622810,12.593081,252
instrument,forex,AUDUSD,180,vol,5y,1299,-0.225099,-0.245960,-0.046516,-0.049707,0.157211,0.391644,0.494607,0.960420,-0.558431,33.229147,252
instrument,forex,AUDUSD,180,vol,3y,777,-0.309460,-0.335949,-0.059862,-0.063923,0.159149,0.361678,0.485825,0.939319,-0.589907,42.939196,252
instrument,forex,AUDUSD,180,vol,1y,260,0.163960,0.143214,0.013572,0.010286,0.156579,0.175134,0.486486,1.018168,0.145469,32.046405,252
instrument,forex,AUDUSD,180,vol,IS,1275,-0.118105,-0.132555,-0.026568,-0.028604,0.142425,0.291184,0.507313,0.977055,-0.298161,20.756572,252
instrument,forex,AUDUSD,180,vol,OOS,547,-0.098570,-0.120003,-0.028448,-0.031852,0.161760,0.260532,0.489011,0.976602,-0.176801,34.890915,252
instrument,forex,AUDUSD,180,vol,full,1822,-0.111540,-0.128253,-0.027133,-0.029580,0.148450,0.428084,0.501523,0.977811,-0.344858,24.983636,252
instrument,forex,AUDUSD,250,fixed,5y,1299,0.062044,0.046267,0.001082,-0.000552,0.103456,0.200347,0.493446,1.008265,0.105044,16.308166,252
instrument,forex,AUDUSD,250,fixed,3y,777,-0.109754,-0.132159,-0.014847,-0.016959,0.095251,0.153566,0.483247,0.982762,-0.232063,21.432990,252
instrument,forex,AUDUSD,250,fixed,1y,260,0.509380,0.483870,0.040366,0.038145,0.084757,0.051358,0.490347,1.074470,0.491490,21.405405,252
instrument,forex,AUDUSD,250,fixed,IS,1275,0.211069,0.199807,0.015507,0.014440,0.093721,0.142392,0.508309,1.037090,0.449434,10.483516,252
instrument,forex,AUDUSD,250,fixed,OOS,547,-0.197512,-0.215647,-0.023263,-0.024976,0.096036,0.131217,0.481685,0.965837,-0.317715,17.538462,252
instrument,forex,AUDUSD,250,fixed,full,1822,0.086319,0.072950,0.003708,0.002442,0.094402,0.200347,0.498726,1.013228,0.196155,12.593081,252
instrument,forex,AUDUSD,250,vol,5y,1299,0.194065,0.172298,0.018368,0.014896,0.157054,0.251780,0.493446,1.029627,0.391186,34.045954,252
instrument,forex,AUDUSD,250,vol,3y,777,0.106037,0.077989,0.004332,-0.000144,0.159039,0.212612,0.483247,1.018416,0.136944,44.554815,252
instrument,forex,AUDUSD,250,vol,1y,260,0.703624,0.668366,0.102727,0.096755,0.156382,0.105950,0.490347,1.108932,0.678892,54.062951,252
instrument,forex,AUDUSD,250,vol,IS,1275,0.252247,0.237875,0.025296,0.023310,0.135338,0.177268,0.508309,1.043850,0.535060,19.328002,252
instrument,forex,AUDUSD,250,vol,OOS,547,0.094654,0.068992,0.002380,-0.001777,0.161689,0.178976,0.481685,1.014901,0.101646,41.481841,252
instrument,forex,AUDUSD,250,vol,full,1822,0.198209,0.180063,0.018362,0.015713,0.143713,0.251780,0.498726,1.032713,0.484170,25.960378,252
instrument,forex,AUDUSD,composite,fixed,5y,1299,-0.331471,-0.375316,-0.026167,-0.029275,0.072218,0.247265,0.473054,0.928903,-0.852121,31.936826,252
instrument,forex,AUDUSD,composite,fixed,3y,777,-0.609191,-0.660474,-0.040745,-0.043980,0.064906,0.174788,0.456261,0.881706,-1.159755,33.773196,252
instrument,forex,AUDUSD,composite,fixed,1y,260,0.010004,-0.040341,-0.001420,-0.004663,0.064511,0.046570,0.469484,1.000155,-0.040976,32.594595,252
instrument,forex,AUDUSD,composite,fixed,IS,1275,-0.036945,-0.073992,-0.004688,-0.007158,0.066883,0.144497,0.489848,0.986612,-0.166434,24.824176,252
instrument,forex,AUDUSD,composite,fixed,OOS,547,-0.538882,-0.582556,-0.038334,-0.041237,0.068286,0.126282,0.466667,0.886597,-0.858284,30.230769,252
instrument,forex,AUDUSD,composite,fixed,full,1822,-0.189871,-0.228928,-0.014911,-0.017515,0.067296,0.247265,0.482026,0.954531,-0.615563,26.431631,252
instrument,forex,AUDUSD,composite,vol,5y,1299,-0.271757,-0.319662,-0.035415,-0.040555,0.110458,0.352857,0.473054,0.940117,-0.725764,53.307367,252
instrument,forex,AUDUSD,composite,vol,3y,777,-0.478390,-0.532909,-0.057285,-0.063040,0.110714,0.282632,0.456261,0.904657,-0.935758,61.127717,252
instrument,forex,AUDUSD,composite,vol,1y,260,0.233827,0.177178,0.021319,0.014316,0.121817,0.099282,0.469484,1.042222,0.179968,68.743728,252
instrument,forex,AUDUSD,composite,vol,IS,1275,-0.061855,-0.101615,-0.010465,-0.014252,0.095965,0.200156,0.489848,0.980985,-0.228566,38.254735,252
instrument,forex,AUDUSD,composite,vol,OOS,547,-0.306373,-0.354248,-0.042233,-0.047697,0.118290,0.201201,0.466667,0.929696,-0.521916,57.143819,252
instrument,forex,AUDUSD,composite,vol,full,1822,-0.145756,-0.188123,-0.020112,-0.024414,0.103147,0.353154,0.482026,0.963223,-0.505842,43.897585,252
instrument,forex,AUDUSD,buyhold,long1x,5y,1299,-0.087553,-0.087553,-0.014306,-0.014306,0.103437,0.214932,0.499230,0.985872,-0.198780,0.000000,252
instrument,forex,AUDUSD,buyhold,long1x,3y,777,0.213243,0.213243,0.015885,0.015885,0.095185,0.139258,0.506443,1.031811,0.374443,0.000000,252
instrument,forex,AUDUSD,buyhold,long1x,1y,260,0.687106,0.687106,0.056119,0.056119,0.084663,0.051358,0.517375,1.127061,0.697927,0.000000,252
instrument,forex,AUDUSD,buyhold,long1x,IS,1275,-0.050087,-0.050087,-0.011036,-0.011036,0.107109,0.219767,0.499215,0.991658,-0.112662,0.000000,252
instrument,forex,AUDUSD,buyhold,long1x,OOS,547,0.300874,0.300874,0.024558,0.024558,0.095980,0.139258,0.505495,1.050908,0.443281,0.000000,252
instrument,forex,AUDUSD,buyhold,long1x,full,1822,0.047324,0.047324,-0.000482,-0.000482,0.103872,0.253445,0.501373,1.008044,0.127248,0.000000,252
instrument,forex,NZDUSD,10,fixed,5y,1299,0.051677,-0.018689,0.000020,-0.007253,0.103420,0.336111,0.492675,0.996758,-0.042431,72.610169,252
instrument,forex,NZDUSD,10,fixed,3y,777,-0.583794,-0.666020,-0.058110,-0.065760,0.095296,0.258514,0.478710,0.897880,-1.169492,80.536082,252
instrument,forex,NZDUSD,10,fixed,1y,260,0.089733,0.004836,0.004044,-0.003357,0.087156,0.062416,0.484496,1.009484,0.004912,73.945946,252
instrument,forex,NZDUSD,10,fixed,IS,1275,0.131266,0.061978,0.008330,0.000959,0.106040,0.269285,0.502373,1.010358,0.139410,72.989011,252
instrument,forex,NZDUSD,10,fixed,OOS,547,-0.569350,-0.648264,-0.058003,-0.065481,0.097164,0.246809,0.473394,0.893502,-0.955092,79.384615,252
instrument,forex,NZDUSD,10,fixed,full,1822,-0.066281,-0.138341,-0.012061,-0.019469,0.103449,0.336111,0.493923,0.977255,-0.371985,74.866557,252
instrument,forex,NZDUSD,10,vol,5y,1299,-0.017533,-0.094584,-0.014595,-0.026447,0.155490,0.468866,0.492675,0.984443,-0.214745,120.009700,252
instrument,forex,NZDUSD,10,vol,3y,777,-0.539751,-0.626504,-0.091369,-0.104059,0.155923,0.394487,0.478710,0.903048,-1.100105,138.664560,252
instrument,forex,NZDUSD,10,vol,1y,260,0.092219,0.000991,0.002466,-0.011520,0.153523,0.119283,0.484496,1.006820,0.001007,139.849529,252
instrument,forex,NZDUSD,10,vol,IS,1275,0.103108,0.026940,0.004095,-0.007644,0.153938,0.367314,0.500000,1.004574,0.060598,116.645358,252
instrument,forex,NZDUSD,10,vol,OOS,547,-0.433103,-0.517171,-0.077001,-0.089520,0.157337,0.365058,0.473394,0.913438,-0.761951,135.623843,252
instrument,forex,NZDUSD,10,vol,full,1822,-0.060331,-0.138934,-0.020973,-0.032970,0.154943,0.468866,0.492045,0.977010,-0.373578,122.272192,252
instrument,forex,NZDUSD,20,fixed,5y,1299,-0.190625,-0.235881,-0.024632,-0.029269,0.103304,0.235611,0.488444,0.961569,-0.535547,47.371341,252
instrument,forex,NZDUSD,20,fixed,3y,777,-0.013765,-0.062080,-0.005798,-0.010396,0.095228,0.173539,0.496134,0.985755,-0.109009,46.113402,252
instrument,forex,NZDUSD,20,fixed,1y,260,0.224833,0.173001,0.015891,0.011350,0.087069,0.060534,0.482625,1.036884,0.175725,44.756757,252
instrument,forex,NZDUSD,20,fixed,IS,1275,-0.124505,-0.167390,-0.018504,-0.023003,0.105689,0.270408,0.504785,0.972546,-0.376517,45.692308,252
instrument,forex,NZDUSD,20,fixed,OOS,547,0.042177,-0.004451,-0.000607,-0.005139,0.097107,0.173539,0.489011,0.996052,-0.006558,45.230769,252
instrument,forex,NZDUSD,20,fixed,full,1822,-0.077363,-0.121263,-0.013165,-0.017674,0.103162,0.313545,0.500278,0.979960,-0.326063,45.528830,252
instrument,forex,NZDUSD,20,vol,5y,1299,-0.237565,-0.287253,-0.047605,-0.055108,0.155293,0.344801,0.488444,0.953764,-0.652183,78.367373,252
instrument,forex,NZDUSD,20,vol,3y,777,-0.047991,-0.100012,-0.019339,-0.027362,0.155806,0.257711,0.496134,0.980116,-0.175615,81.394814,252
instrument,forex,NZDUSD,20,vol,1y,260,0.180777,0.124666,0.016126,0.007434,0.153318,0.114250,0.482625,1.026867,0.126630,85.467987,252
instrument,forex,NZDUSD,20,vol,IS,1275,-0.182400,-0.229569,-0.038900,-0.045979,0.153677,0.410802,0.501647,0.962278,-0.516379,73.314159,252
instrument,forex,NZDUSD,20,vol,OOS,547,0.064288,0.014287,-0.002223,-0.010083,0.157212,0.257711,0.489011,0.999022,0.021049,78.427795,252
instrument,forex,NZDUSD,20,vol,full,1822,-0.107201,-0.155220,-0.028033,-0.035341,0.154707,0.471010,0.498012,0.974316,-0.417369,74.807618,252
instrument,forex,NZDUSD,40,fixed,5y,1299,-0.428633,-0.457062,-0.048240,-0.051138,0.103185,0.298285,0.476888,0.927020,-1.037717,30.286595,252
instrument,forex,NZDUSD,40,fixed,3y,777,-0.638486,-0.664352,-0.062986,-0.065434,0.095045,0.204106,0.474227,0.898061,-1.166563,25.329897,252
instrument,forex,NZDUSD,40,fixed,1y,260,-0.789742,-0.821516,-0.069702,-0.072418,0.086912,0.128564,0.444015,0.883890,-0.834454,29.189189,252
instrument,forex,NZDUSD,40,fixed,IS,1275,-0.020508,-0.050316,-0.007639,-0.010775,0.105288,0.245987,0.496759,0.991624,-0.113177,31.450549,252
instrument,forex,NZDUSD,40,fixed,OOS,547,-0.232130,-0.253576,-0.026790,-0.028867,0.096958,0.140777,0.478022,0.955024,-0.373596,21.230769,252
instrument,forex,NZDUSD,40,fixed,full,1822,-0.080412,-0.107829,-0.013428,-0.016242,0.102833,0.310006,0.491297,0.982062,-0.289942,28.369028,252
instrument,forex,NZDUSD,40,vol,5y,1299,-0.497504,-0.530259,-0.085139,-0.089976,0.155083,0.426724,0.476888,0.916448,-1.203906,52.492372,252
instrument,forex,NZDUSD,40,vol,3y,777,-0.637048,-0.666670,-0.104982,-0.109336,0.155486,0.320816,0.474227,0.896883,-1.170634,47.367777,252
instrument,forex,NZDUSD,40,vol,1y,260,-0.539930,-0.575028,-0.089843,-0.094892,0.153069,0.192041,0.444015,0.917486,-0.584084,55.316359,252
instrument,forex,NZDUSD,40,vol,IS,1275,-0.041058,-0.076257,-0.017849,-0.023212,0.153609,0.389897,0.497529,0.987339,-0.171528,54.253197,252
instrument,forex,NZDUSD,40,vol,OOS,547,-0.201746,-0.226818,-0.042957,-0.046802,0.156947,0.205657,0.478022,0.959212,-0.334173,39.922053,252
instrument,forex,NZDUSD,40,vol,full,1822,-0.090070,-0.122168,-0.025455,-0.030355,0.154577,0.470245,0.491766,0.979733,-0.328498,49.926892,252
instrument,forex,NZDUSD,60,fixed,5y,1299,-0.713911,-0.750722,-0.075750,-0.079423,0.103128,0.373211,0.489214,0.883083,-1.704448,39.605547,252
instrument,forex,NZDUSD,60,fixed,3y,777,-0.622658,-0.662007,-0.061580,-0.065248,0.095077,0.212252,0.494845,0.898464,-1.162445,38.319588,252
instrument,forex,NZDUSD,60,fixed,1y,260,-0.727764,-0.790031,-0.064698,-0.069965,0.087022,0.121799,0.471042,0.888464,-0.802474,56.432432,252
instrument,forex,NZDUSD,60,fixed,IS,1275,-0.611804,-0.643586,-0.067151,-0.070393,0.104862,0.390388,0.498353,0.896855,-1.447642,34.615385,252
instrument,forex,NZDUSD,60,fixed,OOS,547,-0.801484,-0.842230,-0.078884,-0.082719,0.096919,0.189102,0.481685,0.864715,-1.240864,41.538462,252
instrument,forex,NZDUSD,60,fixed,full,1822,-0.665380,-0.699722,-0.070689,-0.074111,0.102516,0.482638,0.493470,0.888457,-1.881479,36.672158,252
instrument,forex,NZDUSD,60,vol,5y,1299,-0.739623,-0.780439,-0.118730,-0.124561,0.155002,0.532989,0.489214,0.879591,-1.771917,65.861242,252
instrument,forex,NZDUSD,60,vol,3y,777,-0.681886,-0.724239,-0.111178,-0.117288,0.155499,0.350335,0.494845,0.888306,-1.271722,67.554295,252
instrument,forex,NZDUSD,60,vol,1y,260,-0.482216,-0.546107,-0.081790,-0.090987,0.153243,0.185915,0.471042,0.921846,-0.554707,100.268653,252
instrument,forex,NZDUSD,60,vol,IS,1275,-0.521972,-0.557798,-0.087611,-0.092819,0.153511,0.508893,0.498353,0.910739,-1.254676,56.759001,252
instrument,forex,NZDUSD,60,vol,OOS,547,-0.891894,-0.936817,-0.140882,-0.147255,0.156840,0.316273,0.481685,0.851006,-1.380219,73.941085,252
instrument,forex,NZDUSD,60,vol,full,1822,-0.634792,-0.673413,-0.103942,-0.109517,0.154485,0.645656,0.493470,0.893154,-1.810738,61.880097,252
instrument,forex,NZDUSD,120,fixed,5y,1299,-0.645719,-0.670367,-0.069246,-0.071714,0.103072,0.411020,0.493837,0.894901,-1.522009,26.403698,252
instrument,forex,NZDUSD,120,fixed,3y,777,-1.051513,-1.082402,-0.098843,-0.101661,0.094874,0.331075,0.485825,0.837152,-1.900636,31.175258,252
instrument,forex,NZDUSD,120,fixed,1y,260,-1.329238,-1.355269,-0.111998,-0.114249,0.086728,0.123997,0.486486,0.811315,-1.376613,25.297297,252
instrument,forex,NZDUSD,120,fixed,IS,1275,-0.178163,-0.196474,-0.023558,-0.025439,0.103756,0.236101,0.506932,0.966606,-0.441938,19.186813,252
instrument,forex,NZDUSD,120,fixed,OOS,547,-1.135147,-1.163385,-0.107982,-0.110626,0.096740,0.232845,0.478022,0.824368,-1.714023,29.538462,252
instrument,forex,NZDUSD,120,fixed,full,1822,-0.451122,-0.472465,-0.049710,-0.051837,0.101709,0.411020,0.497354,0.922083,-1.270409,22.280066,252
instrument,forex,NZDUSD,120,vol,5y,1299,-0.611867,-0.639481,-0.101150,-0.105137,0.154924,0.526345,0.493837,0.900185,-1.451884,44.120147,252
instrument,forex,NZDUSD,120,vol,3y,777,-1.024865,-1.057358,-0.157052,-0.161538,0.155197,0.477543,0.485825,0.839807,-1.856660,52.997542,252
instrument,forex,NZDUSD,120,vol,1y,260,-1.268088,-1.295220,-0.185297,-0.188998,0.152685,0.204338,0.486486,0.817032,-1.315618,45.139943,252
instrument,forex,NZDUSD,120,vol,IS,1275,-0.050221,-0.073194,-0.018523,-0.021927,0.149802,0.297691,0.506932,0.987538,-0.164638,34.521963,252
instrument,forex,NZDUSD,120,vol,OOS,547,-1.030850,-1.060503,-0.159236,-0.163395,0.156643,0.334066,0.478022,0.839126,-1.562447,49.234313,252
instrument,forex,NZDUSD,120,vol,full,1822,-0.353656,-0.378809,-0.063078,-0.066743,0.151911,0.526345,0.497354,0.937368,-1.018579,38.914757,252
instrument,forex,NZDUSD,180,fixed,5y,1299,-0.652140,-0.682271,-0.069859,-0.072867,0.103094,0.448720,0.484592,0.893506,-1.549034,32.228043,252
instrument,forex,NZDUSD,180,fixed,3y,777,-1.249267,-1.289674,-0.115468,-0.119095,0.094819,0.356726,0.470361,0.802141,-2.264593,40.917526,252
instrument,forex,NZDUSD,180,fixed,1y,260,-2.611837,-2.671815,-0.203513,-0.208312,0.086004,0.219811,0.459459,0.656939,-2.713893,60.324324,252
instrument,forex,NZDUSD,180,fixed,IS,1275,-0.010553,-0.029745,-0.006229,-0.008185,0.101881,0.234379,0.510969,0.994774,-0.066908,19.582418,252
instrument,forex,NZDUSD,180,fixed,OOS,547,-1.622883,-1.660724,-0.148664,-0.152048,0.096485,0.320368,0.461538,0.753055,-2.446757,39.692308,252
instrument,forex,NZDUSD,180,fixed,full,1822,-0.475629,-0.500423,-0.051328,-0.053767,0.100368,0.448720,0.494820,0.916334,-1.345585,25.601318,252
instrument,forex,NZDUSD,180,vol,5y,1299,-0.605628,-0.640949,-0.100281,-0.105399,0.155008,0.571947,0.484592,0.900327,-1.455218,56.583847,252
instrument,forex,NZDUSD,180,vol,3y,777,-1.181892,-1.226839,-0.177209,-0.183322,0.155201,0.506269,0.470361,0.810829,-2.154258,74.039764,252
instrument,forex,NZDUSD,180,vol,1y,260,-2.460426,-2.524534,-0.318465,-0.326055,0.151634,0.341648,0.459459,0.670477,-2.564293,111.311259,252
instrument,forex,NZDUSD,180,vol,IS,1275,0.142273,0.118953,0.010186,0.006805,0.143729,0.275336,0.510969,1.021206,0.267565,33.258696,252
instrument,forex,NZDUSD,180,vol,OOS,547,-1.577736,-1.620633,-0.227627,-0.233240,0.156277,0.462996,0.461538,0.758224,-2.387691,72.457331,252
instrument,forex,NZDUSD,180,vol,full,1822,-0.403835,-0.433587,-0.068027,-0.072244,0.147771,0.571947,0.494820,0.927521,-1.165870,44.994035,252
instrument,forex,NZDUSD,250,fixed,5y,1299,0.068074,0.047321,0.001717,-0.000427,0.103083,0.230944,0.483051,1.008044,0.107439,21.355932,252
instrument,forex,NZDUSD,250,fixed,3y,777,-0.155333,-0.186533,-0.019051,-0.021985,0.095026,0.160675,0.476804,0.973016,-0.327542,29.876289,252
instrument,forex,NZDUSD,250,fixed,1y,260,0.021896,-0.007113,-0.001851,-0.004375,0.086974,0.108326,0.455598,1.007739,-0.007225,23.351351,252
instrument,forex,NZDUSD,250,fixed,IS,1275,0.183620,0.171898,0.012876,0.011771,0.093480,0.188761,0.500000,1.031640,0.386656,10.879121,252
instrument,forex,NZDUSD,250,fixed,OOS,547,-0.064251,-0.093661,-0.010828,-0.013659,0.096898,0.136899,0.472527,0.981332,-0.137991,27.692308,252
instrument,forex,NZDUSD,250,fixed,full,1822,0.107363,0.090164,0.005701,0.004069,0.094495,0.230944,0.490770,1.016103,0.242443,16.191104,252
instrument,forex,NZDUSD,250,vol,5y,1299,0.227848,0.203771,0.023593,0.019792,0.154932,0.251477,0.483051,1.034201,0.462645,37.039141,252
instrument,forex,NZDUSD,250,vol,3y,777,0.033582,0.000514,-0.006773,-0.011888,0.155454,0.209954,0.476804,1.003368,0.000903,51.393078,252
instrument,forex,NZDUSD,250,vol,1y,260,0.193265,0.163267,0.018082,0.013426,0.153074,0.163110,0.455598,1.033572,0.165838,43.018810,252
instrument,forex,NZDUSD,250,vol,IS,1275,0.263884,0.249743,0.026988,0.025025,0.135948,0.226517,0.500000,1.045919,0.561756,19.042654,252
instrument,forex,NZDUSD,250,vol,OOS,547,0.212816,0.181022,0.021363,0.016291,0.156849,0.163110,0.472527,1.027651,0.266701,48.055454,252
instrument,forex,NZDUSD,250,vol,full,1822,0.246501,0.226546,0.025296,0.022395,0.142502,0.251477,0.490770,1.040707,0.609159,28.204734,252
instrument,forex,NZDUSD,composite,fixed,5y,1299,-0.566457,-0.614876,-0.039598,-0.042775,0.067401,0.278789,0.473029,0.884874,-1.396020,33.101695,252
instrument,forex,NZDUSD,composite,fixed,3y,777,-0.728542,-0.787627,-0.044451,-0.047907,0.060035,0.177520,0.470588,0.854106,-1.383027,36.046392,252
instrument,forex,NZDUSD,composite,fixed,1y,260,-0.725278,-0.793868,-0.039825,-0.043453,0.054117,0.074181,0.430168,0.866185,-0.806371,37.459459,252
instrument,forex,NZDUSD,composite,fixed,IS,1275,-0.305920,-0.341762,-0.021646,-0.023940,0.064764,0.187478,0.500000,0.929934,-0.768738,23.439560,252
instrument,forex,NZDUSD,composite,fixed,OOS,547,-0.762070,-0.819304,-0.048041,-0.051483,0.062151,0.132854,0.456731,0.846060,-1.207087,36.000000,252
instrument,forex,NZDUSD,composite,fixed,full,1822,-0.438938,-0.481035,-0.029646,-0.032292,0.063979,0.286093,0.485207,0.904242,-1.293453,27.261944,252
instrument,forex,NZDUSD,composite,vol,5y,1299,-0.516083,-0.567413,-0.056203,-0.061210,0.102118,0.358167,0.473029,0.894042,-1.288261,53.085368,252
instrument,forex,NZDUSD,composite,vol,3y,777,-0.665319,-0.724240,-0.069231,-0.074828,0.100409,0.263542,0.470588,0.863773,-1.271724,60.001909,252
instrument,forex,NZDUSD,composite,vol,1y,260,-0.525091,-0.590419,-0.055802,-0.062034,0.100009,0.119356,0.430168,0.897636,-0.599717,65.716144,252
instrument,forex,NZDUSD,composite,vol,IS,1275,-0.285489,-0.323471,-0.031136,-0.034669,0.095093,0.266007,0.500000,0.933894,-0.727597,36.455681,252
instrument,forex,NZDUSD,composite,vol,OOS,547,-0.619008,-0.676178,-0.067358,-0.072968,0.104044,0.177854,0.456731,0.870108,-0.996219,59.905875,252
instrument,forex,NZDUSD,composite,vol,full,1822,-0.391782,-0.435860,-0.042156,-0.046330,0.097844,0.390460,0.485207,0.913146,-1.171982,43.585343,252
instrument,forex,NZDUSD,buyhold,long1x,5y,1299,-0.338533,-0.338533,-0.039373,-0.039373,0.102983,0.233405,0.493837,0.945746,-0.768608,0.000000,252
instrument,forex,NZDUSD,buyhold,long1x,3y,777,-0.216642,-0.216642,-0.024751,-0.024751,0.094899,0.136643,0.494845,0.960502,-0.380411,0.000000,252
instrument,forex,NZDUSD,buyhold,long1x,1y,260,-0.667806,-0.667806,-0.059828,-0.059828,0.086758,0.075920,0.478764,0.906050,-0.678323,0.000000,252
instrument,forex,NZDUSD,buyhold,long1x,IS,1275,-0.103861,-0.103861,-0.016450,-0.016450,0.105808,0.251555,0.504710,0.982997,-0.233619,0.000000,252
instrument,forex,NZDUSD,buyhold,long1x,OOS,547,-0.268021,-0.268021,-0.030161,-0.030161,0.096783,0.131246,0.494505,0.952712,-0.394877,0.000000,252
instrument,forex,NZDUSD,buyhold,long1x,full,1822,-0.150043,-0.150043,-0.020586,-0.020586,0.103156,0.258795,0.501922,0.975381,-0.403449,0.000000,252
instrument,forex,EURGBP,10,fixed,5y,1299,-0.499585,-0.588656,-0.046295,-0.053877,0.087586,0.282428,0.463377,0.855541,-1.336490,79.599384,252
instrument,forex,EURGBP,10,fixed,3y,777,-0.355791,-0.535716,-0.015978,-0.023753,0.043137,0.114339,0.464516,0.912325,-0.940686,79.237113,252
instrument,forex,EURGBP,10,fixed,1y,260,0.087646,-0.121004,0.002606,-0.005348,0.038285,0.041118,0.463320,0.969809,-0.122910,79.783784,252
instrument,forex,EURGBP,10,fixed,IS,1275,-0.504131,-0.592675,-0.052542,-0.060907,0.097958,0.348874,0.464766,0.866712,-1.333126,88.417582,252
instrument,forex,EURGBP,10,fixed,OOS,547,0.090717,-0.068601,0.003073,-0.004130,0.045364,0.073528,0.478022,0.988138,-0.101071,72.000000,252
instrument,forex,EURGBP,10,fixed,full,1822,-0.389446,-0.485350,-0.036177,-0.044210,0.085633,0.379212,0.469061,0.891737,-1.305054,83.446458,252
instrument,forex,EURGBP,10,vol,5y,1299,-0.535687,-0.666590,-0.093742,-0.113278,0.161365,0.520555,0.463377,0.876369,-1.513433,216.457802,252
instrument,forex,EURGBP,10,vol,3y,777,-0.403949,-0.587218,-0.056485,-0.078648,0.125978,0.309747,0.464516,0.904489,-1.031121,236.327635,252
instrument,forex,EURGBP,10,vol,1y,260,0.083312,-0.125901,0.003054,-0.020775,0.114708,0.120455,0.463320,0.970730,-0.127884,239.715418,252
instrument,forex,EURGBP,10,vol,IS,1275,-0.681186,-0.801985,-0.118962,-0.137140,0.166999,0.583572,0.462490,0.848192,-1.803937,207.210989,252
instrument,forex,EURGBP,10,vol,OOS,547,0.041648,-0.121214,-0.003021,-0.024257,0.131456,0.205539,0.478022,0.979175,-0.178585,213.931163,252
instrument,forex,EURGBP,10,vol,full,1822,-0.496634,-0.626723,-0.085647,-0.104696,0.157176,0.640085,0.467614,0.883795,-1.685193,209.112144,252
instrument,forex,EURGBP,20,fixed,5y,1299,-0.659140,-0.724275,-0.059468,-0.064942,0.087442,0.302514,0.468774,0.822634,-1.644402,58.243451,252
instrument,forex,EURGBP,20,fixed,3y,777,-0.728311,-0.841437,-0.031495,-0.036395,0.042961,0.126317,0.469677,0.865762,-1.477516,50.659794,252
instrument,forex,EURGBP,20,fixed,1y,260,-0.686200,-0.789498,-0.026291,-0.030255,0.038001,0.055719,0.455598,0.863696,-0.801931,40.864865,252
instrument,forex,EURGBP,20,fixed,IS,1275,-0.315054,-0.376610,-0.034754,-0.040613,0.097514,0.287899,0.482043,0.912473,-0.847123,60.725275,252
instrument,forex,EURGBP,20,fixed,OOS,547,-0.515022,-0.610293,-0.023840,-0.028159,0.045133,0.080161,0.472527,0.899503,-0.899149,44.307692,252
instrument,forex,EURGBP,20,fixed,full,1822,-0.333969,-0.398571,-0.031490,-0.036891,0.085226,0.334266,0.479444,0.909639,-1.071717,55.769357,252
instrument,forex,EURGBP,20,vol,5y,1299,-0.803568,-0.898987,-0.131810,-0.145672,0.161066,0.574155,0.468774,0.833562,-2.041069,159.775151,252
instrument,forex,EURGBP,20,vol,3y,777,-0.776470,-0.892396,-0.099274,-0.112953,0.125465,0.348988,0.469677,0.858473,-1.566995,152.100660,252
instrument,forex,EURGBP,20,vol,1y,260,-0.690752,-0.794686,-0.081124,-0.092402,0.113853,0.161358,0.455598,0.864490,-0.807201,123.169749,252
instrument,forex,EURGBP,20,vol,IS,1275,-0.390953,-0.479804,-0.075467,-0.089462,0.167059,0.501315,0.481451,0.906186,-1.079242,151.368973,252
instrument,forex,EURGBP,20,vol,OOS,547,-0.571744,-0.670088,-0.079472,-0.091702,0.130771,0.238985,0.472527,0.890259,-0.987246,132.993193,252
instrument,forex,EURGBP,20,vol,full,1822,-0.433982,-0.524793,-0.076671,-0.090135,0.157013,0.601669,0.478977,0.901634,-1.411112,145.776142,252
instrument,forex,EURGBP,40,fixed,5y,1299,-0.377501,-0.429236,-0.036087,-0.040503,0.087448,0.241744,0.480740,0.890289,-0.974542,45.818182,252
instrument,forex,EURGBP,40,fixed,3y,777,-0.533510,-0.630818,-0.023420,-0.027600,0.042909,0.095343,0.478093,0.897551,-1.107679,42.865979,252
instrument,forex,EURGBP,40,fixed,1y,260,-0.470661,-0.575190,-0.018337,-0.022333,0.038014,0.047759,0.482625,0.896477,-0.584248,40.864865,252
instrument,forex,EURGBP,40,fixed,IS,1275,-0.354320,-0.399302,-0.038157,-0.042401,0.096813,0.285797,0.480551,0.905913,-0.898166,44.109890,252
instrument,forex,EURGBP,40,fixed,OOS,547,-0.614580,-0.709537,-0.028187,-0.032486,0.045111,0.091541,0.481685,0.884244,-1.045366,44.307692,252
instrument,forex,EURGBP,40,fixed,full,1822,-0.381619,-0.433035,-0.035174,-0.039435,0.084661,0.327109,0.481190,0.901064,-1.164387,44.144975,252
instrument,forex,EURGBP,40,vol,5y,1299,-0.282348,-0.356189,-0.056181,-0.067529,0.160973,0.345007,0.480740,0.929569,-0.808695,120.270446,252
instrument,forex,EURGBP,40,vol,3y,777,-0.445094,-0.543354,-0.061332,-0.073123,0.125309,0.240908,0.478093,0.911236,-0.954099,125.815562,252
instrument,forex,EURGBP,40,vol,1y,260,-0.472913,-0.578182,-0.058207,-0.069774,0.113896,0.139776,0.482625,0.897638,-0.587287,123.276181,252
instrument,forex,EURGBP,40,vol,IS,1275,-0.202115,-0.262263,-0.045969,-0.055627,0.166762,0.424996,0.481054,0.947545,-0.589918,101.154984,252
instrument,forex,EURGBP,40,vol,OOS,547,-0.496036,-0.592016,-0.070366,-0.082330,0.130711,0.228124,0.481685,0.902511,-0.872222,128.886348,252
instrument,forex,EURGBP,40,vol,full,1822,-0.274423,-0.343394,-0.053360,-0.063725,0.156779,0.501145,0.481545,0.934485,-0.923351,109.414275,252
instrument,forex,EURGBP,60,fixed,5y,1299,-0.379494,-0.430370,-0.036255,-0.040595,0.087441,0.213986,0.484592,0.890054,-0.977116,45.041602,252
instrument,forex,EURGBP,60,fixed,3y,777,-0.312075,-0.410232,-0.014145,-0.018365,0.042939,0.074088,0.474227,0.932018,-0.720345,42.865979,252
instrument,forex,EURGBP,60,fixed,1y,260,-0.438149,-0.573406,-0.017131,-0.022269,0.038019,0.062264,0.455598,0.896881,-0.582437,52.540541,252
instrument,forex,EURGBP,60,fixed,IS,1275,-0.332173,-0.375276,-0.035953,-0.040018,0.096476,0.295823,0.482702,0.910327,-0.844123,42.131868,252
instrument,forex,EURGBP,60,fixed,OOS,547,-0.081718,-0.183460,-0.004666,-0.009250,0.045119,0.062264,0.487179,0.968661,-0.270293,46.153846,252
instrument,forex,EURGBP,60,fixed,full,1822,-0.278863,-0.329643,-0.026665,-0.030883,0.084397,0.317380,0.484384,0.923139,-0.886375,43.314662,252
instrument,forex,EURGBP,60,vol,5y,1299,-0.294792,-0.370677,-0.058069,-0.069736,0.161030,0.364271,0.484592,0.926879,-0.841590,123.838165,252
instrument,forex,EURGBP,60,vol,3y,777,-0.318966,-0.420341,-0.046457,-0.058777,0.125414,0.218013,0.474227,0.930528,-0.738095,129.373074,252
instrument,forex,EURGBP,60,vol,1y,260,-0.436271,-0.571265,-0.054292,-0.069043,0.113901,0.177241,0.455598,0.898838,-0.580262,157.031927,252
instrument,forex,EURGBP,60,vol,IS,1275,-0.240751,-0.301882,-0.052084,-0.061890,0.166853,0.488330,0.482702,0.939894,-0.679035,103.234483,252
instrument,forex,EURGBP,60,vol,OOS,547,-0.081873,-0.187964,-0.018919,-0.032562,0.130745,0.177241,0.487179,0.967920,-0.276929,139.467811,252
instrument,forex,EURGBP,60,vol,full,1822,-0.199739,-0.271755,-0.042247,-0.053180,0.156855,0.505511,0.484384,0.947813,-0.730720,114.041821,252
instrument,forex,EURGBP,120,fixed,5y,1299,-0.073205,-0.106426,-0.010136,-0.013020,0.087403,0.181132,0.494988,0.970686,-0.241631,29.121726,252
instrument,forex,EURGBP,120,fixed,3y,777,-0.025106,-0.084141,-0.001980,-0.004506,0.042806,0.062793,0.487742,0.985541,-0.147746,25.329897,252
instrument,forex,EURGBP,120,fixed,1y,260,0.515038,0.441761,0.018875,0.016109,0.037786,0.035754,0.468992,1.069350,0.448718,27.243243,252
instrument,forex,EURGBP,120,fixed,IS,1275,-0.296230,-0.325339,-0.032036,-0.034737,0.094888,0.194622,0.493068,0.918854,-0.731799,27.890110,252
instrument,forex,EURGBP,120,fixed,OOS,547,0.340993,0.293085,0.014395,0.012243,0.044960,0.036011,0.493578,1.052350,0.431804,21.230769,252
instrument,forex,EURGBP,120,fixed,full,1822,-0.181397,-0.212336,-0.018324,-0.020867,0.083108,0.200986,0.493529,0.948456,-0.570949,25.878089,252
instrument,forex,EURGBP,120,vol,5y,1299,0.111126,0.062842,0.005352,-0.002435,0.160742,0.246936,0.494988,1.011174,0.142676,77.378173,252
instrument,forex,EURGBP,120,vol,3y,777,-0.019135,-0.080678,-0.010095,-0.017728,0.125005,0.183216,0.487742,0.986148,-0.141667,77.094096,252
instrument,forex,EURGBP,120,vol,1y,260,0.514078,0.440065,0.053047,0.044398,0.113213,0.104218,0.468992,1.070988,0.446995,82.411316,252
instrument,forex,EURGBP,120,vol,IS,1275,-0.191325,-0.232485,-0.043018,-0.049488,0.162913,0.308979,0.493068,0.952034,-0.522938,67.521404,252
instrument,forex,EURGBP,120,vol,OOS,547,0.362733,0.311945,0.039470,0.032691,0.130252,0.104265,0.493578,1.055774,0.459591,65.144276,252
instrument,forex,EURGBP,120,vol,full,1822,-0.049695,-0.093003,-0.018966,-0.025528,0.153819,0.310859,0.493529,0.981540,-0.250076,66.771578,252
instrument,forex,EURGBP,180,fixed,5y,1299,-0.232149,-0.268324,-0.023780,-0.026889,0.087404,0.169475,0.488820,0.929492,-0.609207,31.839753,252
instrument,forex,EURGBP,180,fixed,3y,777,-0.453132,-0.544926,-0.020064,-0.024005,0.042900,0.084990,0.485161,0.910858,-0.956858,40.268041,252
instrument,forex,EURGBP,180,fixed,1y,260,-0.365272,-0.460998,-0.014418,-0.018046,0.037947,0.053641,0.484496,0.914666,-0.468259,36.972973,252
instrument,forex,EURGBP,180,fixed,IS,1275,-0.232994,-0.258089,-0.025673,-0.027968,0.093165,0.177107,0.489031,0.932037,-0.580529,23.538462,252
instrument,forex,EURGBP,180,fixed,OOS,547,-0.088444,-0.157544,-0.004967,-0.008088,0.045100,0.053641,0.504587,0.973145,-0.232110,31.384615,252
instrument,forex,EURGBP,180,fixed,full,1822,-0.200479,-0.231926,-0.019503,-0.022042,0.081747,0.195783,0.494512,0.942001,-0.623624,25.878089,252
instrument,forex,EURGBP,180,vol,5y,1299,-0.169440,-0.224261,-0.038929,-0.047455,0.160802,0.285292,0.488820,0.954547,-0.509164,88.696279,252
instrument,forex,EURGBP,180,vol,3y,777,-0.442682,-0.533619,-0.061056,-0.071947,0.125224,0.237935,0.485161,0.912807,-0.937004,116.179836,252
instrument,forex,EURGBP,180,vol,1y,260,-0.367386,-0.463849,-0.046875,-0.057463,0.113694,0.154427,0.484496,0.915877,-0.471155,111.600505,252
instrument,forex,EURGBP,180,vol,IS,1275,-0.147033,-0.185349,-0.034934,-0.040836,0.158945,0.265562,0.489031,0.960138,-0.416913,61.157940,252
instrument,forex,EURGBP,180,vol,OOS,547,-0.060027,-0.126684,-0.016134,-0.024747,0.130582,0.154427,0.504587,0.978400,-0.186645,87.478720,252
instrument,forex,EURGBP,180,vol,full,1822,-0.123957,-0.169468,-0.029328,-0.036034,0.150956,0.314628,0.494512,0.965751,-0.455683,69.016253,252
instrument,forex,EURGBP,250,fixed,5y,1299,-0.051292,-0.068138,-0.008242,-0.009707,0.087376,0.145532,0.500770,0.980629,-0.154701,14.755008,252
instrument,forex,EURGBP,250,fixed,3y,777,0.141355,0.112335,0.005141,0.003900,0.042802,0.065673,0.506443,1.019715,0.197253,12.340206,252
instrument,forex,EURGBP,250,fixed,1y,260,0.212910,0.197459,0.007367,0.006781,0.037835,0.028945,0.494208,1.024554,0.200568,5.837838,252
instrument,forex,EURGBP,250,fixed,IS,1275,-0.119385,-0.136968,-0.014373,-0.015913,0.088590,0.133786,0.489258,0.960947,-0.308086,15.626374,252
instrument,forex,EURGBP,250,fixed,OOS,547,-0.000752,-0.021223,-0.001041,-0.001965,0.045004,0.065673,0.509158,0.996282,-0.031269,9.230769,252
instrument,forex,EURGBP,250,fixed,full,1822,-0.094921,-0.112406,-0.010389,-0.011747,0.078091,0.145532,0.496499,0.970298,-0.302249,13.700165,252
instrument,forex,EURGBP,250,vol,5y,1299,0.070401,0.044654,-0.001217,-0.005352,0.160657,0.207453,0.500770,1.007416,0.101384,41.307313,252
instrument,forex,EURGBP,250,vol,3y,777,0.118779,0.089022,0.007051,0.003311,0.124971,0.178580,0.506443,1.015631,0.156318,37.017465,252
instrument,forex,EURGBP,250,vol,1y,260,0.211556,0.195450,0.017737,0.015885,0.113359,0.086454,0.494208,1.026061,0.198528,18.195100,252
instrument,forex,EURGBP,250,vol,IS,1275,0.029445,0.002859,-0.006831,-0.010880,0.153372,0.207715,0.489258,1.000701,0.006432,40.791838,252
instrument,forex,EURGBP,250,vol,OOS,547,-0.036859,-0.057917,-0.013189,-0.015933,0.130359,0.178580,0.509158,0.989963,-0.085329,27.584947,252
instrument,forex,EURGBP,250,vol,full,1822,0.011719,-0.013349,-0.008745,-0.012400,0.146807,0.207715,0.496499,0.997232,-0.035894,36.809546,252
instrument,forex,EURGBP,composite,fixed,5y,1299,-0.317124,-0.361412,-0.028162,-0.031619,0.080071,0.185933,0.485224,0.875002,-0.820552,35.625578,252
instrument,forex,EURGBP,composite,fixed,3y,777,-0.317195,-0.420608,-0.010294,-0.013500,0.031162,0.054140,0.476948,0.923363,-0.738564,32.474227,252
instrument,forex,EURGBP,composite,fixed,1y,260,-0.132719,-0.243503,-0.004150,-0.007284,0.028376,0.037353,0.449339,0.943650,-0.247338,31.621622,252
instrument,forex,EURGBP,composite,fixed,IS,1275,-0.390691,-0.430487,-0.033851,-0.036944,0.080035,0.184098,0.484663,0.837970,-0.968311,32.043956,252
instrument,forex,EURGBP,composite,fixed,OOS,547,-0.084431,-0.172524,-0.003458,-0.006463,0.034198,0.037427,0.491304,0.970168,-0.254181,30.230769,252
instrument,forex,EURGBP,composite,fixed,full,1822,-0.327240,-0.372298,-0.024826,-0.027892,0.069519,0.201749,0.487461,0.873104,-1.001071,31.482702,252
instrument,forex,EURGBP,composite,vol,5y,1299,-0.273691,-0.345199,-0.044386,-0.053593,0.134444,0.283090,0.484271,0.915801,-0.783743,96.643715,252
instrument,forex,EURGBP,composite,vol,3y,777,-0.342809,-0.449009,-0.034524,-0.043867,0.090728,0.159737,0.475358,0.918783,-0.788434,97.170447,252
instrument,forex,EURGBP,composite,vol,1y,260,-0.134470,-0.245190,-0.014873,-0.024127,0.084956,0.108478,0.444934,0.945994,-0.249052,94.581414,252
instrument,forex,EURGBP,composite,vol,IS,1275,-0.377904,-0.440132,-0.054157,-0.061680,0.127130,0.317012,0.484663,0.877879,-0.990007,79.709280,252
instrument,forex,EURGBP,composite,vol,OOS,547,-0.107922,-0.198753,-0.015431,-0.024285,0.099025,0.113069,0.489130,0.965462,-0.292824,90.306679,252
instrument,forex,EURGBP,composite,vol,full,1822,-0.308553,-0.377527,-0.042694,-0.050607,0.119367,0.344405,0.486677,0.906967,-1.015131,82.842982,252
instrument,forex,EURGBP,buyhold,long1x,5y,1299,0.037663,0.037663,-0.000506,-0.000506,0.087329,0.159397,0.492296,1.011466,0.085510,0.000000,252
instrument,forex,EURGBP,buyhold,long1x,3y,777,0.017146,0.017146,-0.000178,-0.000178,0.042735,0.060259,0.497423,1.003242,0.030108,0.000000,252
instrument,forex,EURGBP,buyhold,long1x,1y,260,-0.191815,-0.191815,-0.007936,-0.007936,0.037821,0.034030,0.486486,0.957839,-0.194836,0.000000,252
instrument,forex,EURGBP,buyhold,long1x,IS,1275,-0.054483,-0.054483,-0.010035,-0.010035,0.097778,0.131348,0.489796,0.986954,-0.122551,0.000000,252
instrument,forex,EURGBP,buyhold,long1x,OOS,547,0.051372,0.051372,0.001303,0.001303,0.044918,0.045169,0.490842,1.008997,0.075687,0.000000,252
instrument,forex,EURGBP,buyhold,long1x,full,1822,-0.035539,-0.035539,-0.006645,-0.006645,0.085403,0.159397,0.489841,0.991642,-0.095560,0.000000,252
instrument,forex,EURJPY,10,fixed,5y,1299,-0.416854,-0.497389,-0.040065,-0.047113,0.089047,0.256810,0.485736,0.917948,-1.129276,73.386749,252
instrument,forex,EURJPY,10,fixed,3y,777,-0.569449,-0.665195,-0.047607,-0.055145,0.080409,0.175191,0.489032,0.896318,-1.168044,78.587629,252
instrument,forex,EURJPY,10,fixed,1y,260,-1.885920,-2.033423,-0.107301,-0.115940,0.059714,0.139425,0.436293,0.708849,-2.065448,97.297297,252
instrument,forex,EURJPY,10,fixed,IS,1275,-0.479479,-0.555704,-0.043409,-0.049831,0.085410,0.271471,0.486144,0.909312,-1.249966,67.054945,252
instrument,forex,EURJPY,10,fixed,OOS,547,-0.177967,-0.275181,-0.016937,-0.024543,0.078989,0.175191,0.494505,0.951451,-0.405426,77.538462,252
instrument,forex,EURJPY,10,fixed,full,1822,-0.393654,-0.475827,-0.035538,-0.042309,0.083515,0.297347,0.488950,0.921805,-1.279448,70.161450,252
instrument,forex,EURJPY,10,vol,5y,1299,-0.418253,-0.509959,-0.073925,-0.087466,0.155689,0.411116,0.485736,0.916696,-1.157817,146.139686,252
instrument,forex,EURJPY,10,vol,3y,777,-0.623917,-0.728066,-0.101507,-0.116333,0.153630,0.339956,0.489032,0.886701,-1.278442,164.113625,252
instrument,forex,EURJPY,10,vol,1y,260,-1.880342,-2.032345,-0.252381,-0.270980,0.149900,0.315025,0.436293,0.706352,-2.064353,250.767458,252
instrument,forex,EURJPY,10,vol,IS,1275,-0.497193,-0.583023,-0.083513,-0.095933,0.152890,0.445502,0.483100,0.905143,-1.311415,135.271677,252
instrument,forex,EURJPY,10,vol,OOS,547,-0.372513,-0.483392,-0.064641,-0.080497,0.150268,0.339956,0.494505,0.919137,-0.712185,169.980358,252
instrument,forex,EURJPY,10,vol,full,1822,-0.460327,-0.553602,-0.077888,-0.091326,0.152067,0.520393,0.486932,0.910024,-1.488579,145.604646,252
instrument,forex,EURJPY,20,fixed,5y,1299,-0.241906,-0.300825,-0.025070,-0.030265,0.089000,0.177685,0.493446,0.949248,-0.682997,53.195686,252
instrument,forex,EURJPY,20,fixed,3y,777,-0.404615,-0.478807,-0.034995,-0.040887,0.080426,0.144251,0.507732,0.925059,-0.840757,61.051546,252
instrument,forex,EURJPY,20,fixed,1y,260,-0.423250,-0.531137,-0.026658,-0.033069,0.059936,0.055063,0.478764,0.914904,-0.539502,66.162162,252
instrument,forex,EURJPY,20,fixed,IS,1275,-0.123467,-0.182349,-0.013955,-0.018935,0.085034,0.149262,0.487220,0.969255,-0.410165,50.439560,252
instrument,forex,EURJPY,20,fixed,OOS,547,-0.331333,-0.406967,-0.028727,-0.034641,0.078963,0.144251,0.503663,0.930120,-0.599588,60.923077,252
instrument,forex,EURJPY,20,fixed,full,1822,-0.182583,-0.246263,-0.018413,-0.023677,0.083237,0.188880,0.492496,0.958660,-0.662176,53.555189,252
instrument,forex,EURJPY,20,vol,5y,1299,-0.214998,-0.281162,-0.044329,-0.054310,0.155559,0.295088,0.493446,0.952628,-0.638352,104.186272,252
instrument,forex,EURJPY,20,vol,3y,777,-0.306744,-0.386996,-0.056970,-0.068780,0.153600,0.227142,0.507732,0.939496,-0.679542,125.230261,252
instrument,forex,EURJPY,20,vol,1y,260,-0.520113,-0.628703,-0.085236,-0.100489,0.150402,0.149162,0.478764,0.898745,-0.638604,167.602123,252
instrument,forex,EURJPY,20,vol,IS,1275,-0.080135,-0.144923,-0.023474,-0.033212,0.152703,0.247204,0.490099,0.975662,-0.325980,99.447681,252
instrument,forex,EURJPY,20,vol,OOS,547,-0.277235,-0.360987,-0.051272,-0.063369,0.150076,0.227142,0.503663,0.938320,-0.531845,127.613059,252
instrument,forex,EURJPY,20,vol,full,1822,-0.138602,-0.209051,-0.031904,-0.042367,0.151881,0.295088,0.494599,0.965097,-0.562115,107.838410,252
instrument,forex,EURJPY,40,fixed,5y,1299,0.093427,0.062273,0.004366,0.001590,0.088859,0.150427,0.507704,1.009857,0.141385,27.568567,252
instrument,forex,EURJPY,40,fixed,3y,777,-0.016840,-0.052349,-0.004549,-0.007399,0.080296,0.150427,0.525773,0.994658,-0.091922,28.577320,252
instrument,forex,EURJPY,40,fixed,1y,260,0.514480,0.474176,0.029328,0.026926,0.059795,0.083124,0.490347,1.085546,0.481644,23.351351,252
instrument,forex,EURJPY,40,fixed,IS,1275,0.162893,0.137597,0.010230,0.008086,0.084359,0.101089,0.512966,1.024174,0.309503,21.164835,252
instrument,forex,EURJPY,40,fixed,OOS,547,0.083868,0.041592,0.003512,0.000174,0.078844,0.150427,0.516484,1.004506,0.061277,33.230769,252
instrument,forex,EURJPY,40,fixed,full,1822,0.140261,0.110096,0.008208,0.005704,0.082721,0.150427,0.514318,1.019234,0.296037,24.771005,252
instrument,forex,EURJPY,40,vol,5y,1299,0.132138,0.095589,0.008513,0.002797,0.155303,0.221080,0.507704,1.014803,0.217027,56.429557,252
instrument,forex,EURJPY,40,vol,3y,777,0.170791,0.133478,0.014524,0.008742,0.153313,0.220051,0.525773,1.026337,0.234380,56.791708,252
instrument,forex,EURJPY,40,vol,1y,260,0.648600,0.606479,0.089679,0.083000,0.149984,0.183500,0.490347,1.111288,0.616031,61.185688,252
instrument,forex,EURJPY,40,vol,IS,1275,0.142804,0.110407,0.010211,0.005229,0.152502,0.221080,0.511532,1.019105,0.248344,49.051325,252
instrument,forex,EURJPY,40,vol,OOS,547,0.330147,0.286221,0.038914,0.032162,0.149782,0.220051,0.516484,1.047034,0.421691,64.837453,252
instrument,forex,EURJPY,40,vol,full,1822,0.198371,0.162564,0.018744,0.013240,0.151651,0.221080,0.513345,1.028125,0.437118,53.757993,252
instrument,forex,EURJPY,60,fixed,5y,1299,-0.310081,-0.351615,-0.030954,-0.034614,0.088924,0.266595,0.496148,0.942602,-0.798311,37.275809,252
instrument,forex,EURJPY,60,fixed,3y,777,-0.526326,-0.572362,-0.044349,-0.048019,0.080331,0.238905,0.503866,0.910375,-1.005034,38.319588,252
instrument,forex,EURJPY,60,fixed,1y,260,0.585364,0.534871,0.033682,0.030669,0.059815,0.058782,0.517375,1.096785,0.543295,29.189189,252
instrument,forex,EURJPY,60,fixed,IS,1275,-0.181557,-0.214801,-0.018558,-0.021343,0.083997,0.168389,0.502471,0.963150,-0.483159,28.285714,252
instrument,forex,EURJPY,60,fixed,OOS,547,-0.499924,-0.548543,-0.041507,-0.045317,0.078868,0.192051,0.501832,0.907718,-0.808173,39.692308,252
instrument,forex,EURJPY,60,fixed,full,1822,-0.272858,-0.310578,-0.025505,-0.028603,0.082472,0.266595,0.502555,0.947427,-0.835113,31.690280,252
instrument,forex,EURJPY,60,vol,5y,1299,-0.235976,-0.281381,-0.047454,-0.054316,0.155441,0.379346,0.496148,0.955232,-0.638851,70.499128,252
instrument,forex,EURJPY,60,vol,3y,777,-0.320197,-0.367374,-0.058913,-0.065892,0.153436,0.360016,0.503866,0.942580,-0.645088,73.846124,252
instrument,forex,EURJPY,60,vol,1y,260,0.574388,0.522821,0.077652,0.069544,0.150120,0.142702,0.517375,1.095380,0.531055,75.101931,252
instrument,forex,EURJPY,60,vol,IS,1275,-0.197020,-0.233446,-0.040744,-0.046188,0.152595,0.314486,0.502471,0.960905,-0.525098,56.362341,252
instrument,forex,EURJPY,60,vol,OOS,547,-0.248807,-0.299823,-0.047219,-0.054654,0.149928,0.293017,0.501832,0.948043,-0.441731,77.765215,252
instrument,forex,EURJPY,60,vol,full,1822,-0.212420,-0.253188,-0.042693,-0.048737,0.151758,0.417333,0.502555,0.957789,-0.680796,62.749093,252
instrument,forex,EURJPY,120,fixed,5y,1299,-0.098991,-0.128951,-0.012637,-0.015290,0.088854,0.204149,0.501157,0.979071,-0.292772,26.791988,252
instrument,forex,EURJPY,120,fixed,3y,777,-0.136934,-0.162495,-0.014083,-0.016141,0.080296,0.204149,0.512887,0.976184,-0.285333,20.783505,252
instrument,forex,EURJPY,120,fixed,1y,260,1.399960,1.399960,0.084836,0.084836,0.059432,0.026759,0.536680,1.270960,1.422008,0.000000,252
instrument,forex,EURJPY,120,fixed,IS,1275,-0.255148,-0.287208,-0.024313,-0.026965,0.083133,0.195143,0.494363,0.949965,-0.646027,27.098901,252
instrument,forex,EURJPY,120,fixed,OOS,547,-0.202716,-0.228031,-0.018855,-0.020854,0.078804,0.188644,0.509158,0.959088,-0.335959,20.307692,252
instrument,forex,EURJPY,120,fixed,full,1822,-0.239981,-0.270090,-0.022678,-0.025135,0.081836,0.271556,0.499412,0.953442,-0.726245,25.047776,252
instrument,forex,EURJPY,120,vol,5y,1299,-0.124645,-0.160572,-0.030862,-0.036341,0.155319,0.379676,0.501157,0.974741,-0.364564,56.236411,252
instrument,forex,EURJPY,120,vol,3y,777,0.072298,0.046882,-0.000661,-0.004567,0.153283,0.317243,0.512887,1.011346,0.082322,38.826823,252
instrument,forex,EURJPY,120,vol,1y,260,1.335475,1.330442,0.206992,0.206103,0.149257,0.062625,0.536680,1.258777,1.351395,7.328336,252
instrument,forex,EURJPY,120,vol,IS,1275,-0.447752,-0.487714,-0.075021,-0.080763,0.149656,0.428670,0.494363,0.918218,-1.097033,61.676492,252
instrument,forex,EURJPY,120,vol,OOS,547,0.096097,0.071672,0.003187,-0.000485,0.149691,0.293077,0.509158,1.009650,0.105594,36.430691,252
instrument,forex,EURJPY,120,vol,full,1822,-0.284340,-0.319794,-0.052204,-0.057364,0.149645,0.509631,0.499412,0.946166,-0.859894,54.073408,252
instrument,forex,EURJPY,180,fixed,5y,1299,0.468258,0.456608,0.038300,0.037248,0.088729,0.178136,0.533898,1.081929,1.036688,10.095532,252
instrument,forex,EURJPY,180,fixed,3y,777,0.243058,0.228274,0.016395,0.015203,0.080195,0.178136,0.546392,1.043343,0.400836,11.690722,252
instrument,forex,EURJPY,180,fixed,1y,260,1.399960,1.399960,0.084836,0.084836,0.059432,0.026759,0.536680,1.270960,1.422008,0.000000,252
instrument,forex,EURJPY,180,fixed,IS,1275,0.607244,0.596418,0.046657,0.045765,0.080465,0.085568,0.517367,1.115836,1.341546,8.505495,252
instrument,forex,EURJPY,180,fixed,OOS,547,-0.132023,-0.152906,-0.013389,-0.015032,0.078754,0.178136,0.545788,0.971511,-0.225277,16.615385,252
instrument,forex,EURJPY,180,fixed,full,1822,0.388760,0.374821,0.028256,0.027129,0.079953,0.178136,0.527118,1.069770,1.007854,10.932455,252
instrument,forex,EURJPY,180,vol,5y,1299,0.506410,0.492064,0.068690,0.066352,0.155042,0.277758,0.533898,1.087694,1.117186,21.773656,252
instrument,forex,EURJPY,180,vol,3y,777,0.419477,0.403996,0.053845,0.051378,0.153084,0.277758,0.546392,1.074665,0.709394,23.313115,252
instrument,forex,EURJPY,180,vol,1y,260,1.335475,1.330442,0.206992,0.206103,0.149257,0.062625,0.536680,1.258777,1.351395,7.328336,252
instrument,forex,EURJPY,180,vol,IS,1275,0.580811,0.567215,0.075208,0.073163,0.142374,0.171035,0.517367,1.107072,1.275859,18.946095,252
instrument,forex,EURJPY,180,vol,OOS,547,0.158180,0.137730,0.012528,0.009435,0.149620,0.277758,0.545788,1.021025,0.202918,30.434631,252
instrument,forex,EURJPY,180,vol,full,1822,0.449496,0.433730,0.055993,0.053620,0.144556,0.277758,0.527118,1.079370,1.166256,22.380726,252
instrument,forex,EURJPY,250,fixed,5y,1299,0.358333,0.351134,0.028236,0.027593,0.088742,0.195512,0.525424,1.062613,0.797219,6.212635,252
instrument,forex,EURJPY,250,fixed,3y,777,-0.037125,-0.046805,-0.006166,-0.006944,0.080187,0.195512,0.530928,0.995601,-0.082188,7.793814,252
instrument,forex,EURJPY,250,fixed,1y,260,1.224080,1.220403,0.073627,0.073417,0.059506,0.026759,0.532819,1.229251,1.239623,1.945946,252
instrument,forex,EURJPY,250,fixed,IS,1275,0.813449,0.808849,0.061979,0.061620,0.077665,0.062942,0.521994,1.167535,1.819375,3.362637,252
instrument,forex,EURJPY,250,fixed,OOS,547,-0.537759,-0.551258,-0.044351,-0.045413,0.078687,0.195512,0.523810,0.907322,-0.812173,11.076923,252
instrument,forex,EURJPY,250,fixed,full,1822,0.404064,0.396569,0.028870,0.028284,0.078012,0.195512,0.522930,1.076080,1.066334,5.673806,252
instrument,forex,EURJPY,250,vol,5y,1299,0.361442,0.351457,0.044976,0.043376,0.155060,0.335002,0.525424,1.062278,0.797952,15.224593,252
instrument,forex,EURJPY,250,vol,3y,777,0.064740,0.052624,-0.001815,-0.003673,0.153126,0.335002,0.530928,1.012338,0.092405,18.514687,252
instrument,forex,EURJPY,250,vol,1y,260,1.175387,1.167114,0.178658,0.177268,0.149418,0.062625,0.532819,1.220827,1.185494,11.722553,252
instrument,forex,EURJPY,250,vol,IS,1275,0.796658,0.789641,0.105740,0.104692,0.138206,0.130215,0.521994,1.158391,1.776170,9.450399,252
instrument,forex,EURJPY,250,vol,OOS,547,-0.357570,-0.373037,-0.062584,-0.064809,0.149573,0.335002,0.523810,0.936361,-0.549598,23.614887,252
instrument,forex,EURJPY,250,vol,full,1822,0.430418,0.420576,0.052256,0.050807,0.141753,0.335002,0.522930,1.078895,1.130885,13.692589,252
instrument,forex,EURJPY,composite,fixed,5y,1299,-0.099495,-0.146470,-0.008581,-0.011630,0.065304,0.154787,0.504080,0.974837,-0.332547,30.674884,252
instrument,forex,EURJPY,composite,fixed,3y,777,-0.383501,-0.437663,-0.023513,-0.026601,0.057783,0.154787,0.519766,0.929479,-0.768510,31.662371,252
instrument,forex,EURJPY,composite,fixed,1y,260,0.783488,0.737130,0.040833,0.038313,0.052902,0.030376,0.527778,1.143784,0.748739,24.324324,252
instrument,forex,EURJPY,composite,fixed,IS,1275,0.283800,0.248787,0.015194,0.013096,0.059383,0.078758,0.501129,1.056356,0.559606,20.670330,252
instrument,forex,EURJPY,composite,fixed,OOS,547,-0.580994,-0.641022,-0.031792,-0.034937,0.053259,0.153243,0.514039,0.883070,-0.944422,32.538462,252
instrument,forex,EURJPY,composite,fixed,full,1822,0.043597,0.001542,0.000853,-0.001570,0.057616,0.154787,0.505926,1.002420,0.004146,24.217463,252
instrument,forex,EURJPY,composite,vol,5y,1299,-0.071036,-0.121769,-0.015024,-0.020877,0.116996,0.239794,0.504080,0.980005,-0.276465,59.203663,252
instrument,forex,EURJPY,composite,vol,3y,777,-0.157354,-0.208775,-0.025513,-0.031508,0.119229,0.239794,0.519766,0.967684,-0.366597,61.606062,252
instrument,forex,EURJPY,composite,vol,1y,260,0.717895,0.669777,0.090718,0.083808,0.133484,0.082718,0.527778,1.131693,0.680325,63.645586,252
instrument,forex,EURJPY,composite,vol,IS,1275,0.261305,0.221512,0.022210,0.017948,0.105332,0.175380,0.501129,1.048770,0.498255,41.715334,252
instrument,forex,EURJPY,composite,vol,OOS,547,-0.262399,-0.318354,-0.035102,-0.041197,0.112281,0.238188,0.514039,0.938281,-0.469033,63.312852,252
instrument,forex,EURJPY,composite,vol,full,1822,0.096983,0.052082,0.004655,-0.000182,0.107448,0.254839,0.505926,1.012611,0.140043,48.168490,252
instrument,forex,EURJPY,buyhold,long1x,5y,1299,0.806936,0.806936,0.069894,0.069894,0.088600,0.109344,0.530046,1.148594,1.832075,0.000000,252
instrument,forex,EURJPY,buyhold,long1x,3y,777,0.716180,0.716180,0.055614,0.055614,0.080048,0.109344,0.537371,1.133699,1.257570,0.000000,252
instrument,forex,EURJPY,buyhold,long1x,1y,260,1.399960,1.399960,0.084836,0.084836,0.059432,0.026759,0.536680,1.270960,1.422008,0.000000,252
instrument,forex,EURJPY,buyhold,long1x,IS,1275,0.814416,0.814416,0.067816,0.067816,0.085014,0.066992,0.511774,1.149246,1.831898,0.000000,252
instrument,forex,EURJPY,buyhold,long1x,OOS,547,0.551991,0.551991,0.041124,0.041124,0.078604,0.109344,0.532967,1.096447,0.813253,0.000000,252
instrument,forex,EURJPY,buyhold,long1x,full,1822,0.739583,0.739583,0.059731,0.059731,0.083124,0.109344,0.518396,1.134842,1.988662,0.000000,252
instrument,forex,GBPJPY,10,fixed,5y,1299,-0.028388,-0.100938,-0.007208,-0.014110,0.095599,0.217994,0.493837,0.982740,-0.229172,69.503852,252
instrument,forex,GBPJPY,10,fixed,3y,777,-0.723186,-0.808584,-0.063646,-0.070820,0.086234,0.216661,0.483247,0.874104,-1.419827,75.989691,252
instrument,forex,GBPJPY,10,fixed,1y,260,-1.513594,-1.620457,-0.094982,-0.102006,0.065079,0.127393,0.498069,0.762141,-1.645978,77.837838,252
instrument,forex,GBPJPY,10,fixed,IS,1275,0.278949,0.212174,0.023205,0.016420,0.100517,0.131304,0.506329,1.037886,0.477252,66.263736,252
instrument,forex,GBPJPY,10,fixed,OOS,547,-0.539618,-0.622477,-0.048947,-0.055963,0.086509,0.187745,0.487179,0.896351,-0.917100,73.846154,252
instrument,forex,GBPJPY,10,fixed,full,1822,0.058259,-0.012873,0.000987,-0.005875,0.096526,0.217994,0.500828,0.997782,-0.034613,68.500824,252
instrument,forex,GBPJPY,10,vol,5y,1299,-0.007437,-0.088147,-0.013298,-0.025845,0.157169,0.400982,0.493837,0.985024,-0.200131,127.000178,252
instrument,forex,GBPJPY,10,vol,3y,777,-0.826990,-0.919679,-0.130145,-0.143318,0.155069,0.400982,0.483247,0.856891,-1.614902,150.288421,252
instrument,forex,GBPJPY,10,vol,1y,260,-1.630839,-1.741958,-0.223798,-0.238448,0.149838,0.286431,0.498069,0.741219,-1.769392,188.964852,252
instrument,forex,GBPJPY,10,vol,IS,1275,0.291840,0.220080,0.033531,0.022281,0.153576,0.228483,0.502471,1.039857,0.495036,108.691446,252
instrument,forex,GBPJPY,10,vol,OOS,547,-0.684881,-0.776682,-0.108934,-0.121971,0.152472,0.353273,0.487179,0.873405,-1.144291,146.227841,252
instrument,forex,GBPJPY,10,vol,full,1822,0.000533,-0.077647,-0.011480,-0.023353,0.153267,0.400982,0.498012,0.986503,-0.208785,119.886519,252
instrument,forex,GBPJPY,20,fixed,5y,1299,-0.283090,-0.331545,-0.031008,-0.035569,0.095496,0.220503,0.490755,0.944422,-0.752744,46.983051,252
instrument,forex,GBPJPY,20,fixed,3y,777,-0.183430,-0.235614,-0.019260,-0.023724,0.086159,0.201896,0.505155,0.963528,-0.413725,45.463918,252
instrument,forex,GBPJPY,20,fixed,1y,260,-1.490353,-1.571458,-0.093636,-0.098916,0.064928,0.115931,0.471042,0.768662,-1.596207,58.378378,252
instrument,forex,GBPJPY,20,fixed,IS,1275,-0.129143,-0.176896,-0.017678,-0.022408,0.099945,0.307526,0.484051,0.969397,-0.397900,48.065934,252
instrument,forex,GBPJPY,20,fixed,OOS,547,-0.551140,-0.602770,-0.049893,-0.054283,0.086396,0.201896,0.503663,0.899337,-0.888066,46.153846,252
instrument,forex,GBPJPY,20,fixed,full,1822,-0.242776,-0.291553,-0.027463,-0.032089,0.096060,0.307526,0.490283,0.950278,-0.783955,47.466227,252
instrument,forex,GBPJPY,20,vol,5y,1299,-0.353265,-0.408949,-0.065275,-0.073624,0.156911,0.364984,0.490755,0.932422,-0.928482,89.041442,252
instrument,forex,GBPJPY,20,vol,3y,777,-0.234501,-0.294732,-0.046974,-0.056012,0.154876,0.361643,0.505155,0.953385,-0.517533,94.590516,252
instrument,forex,GBPJPY,20,vol,1y,260,-1.503049,-1.586846,-0.209067,-0.219963,0.149427,0.252784,0.471042,0.761854,-1.611837,137.823833,252
instrument,forex,GBPJPY,20,vol,IS,1275,-0.145765,-0.199796,-0.033415,-0.041516,0.153457,0.441847,0.481878,0.965204,-0.449409,83.577685,252
instrument,forex,GBPJPY,20,vol,OOS,547,-0.650779,-0.710136,-0.104337,-0.112785,0.152159,0.361643,0.503663,0.883414,-1.046249,94.056153,252
instrument,forex,GBPJPY,20,vol,full,1822,-0.296429,-0.352157,-0.055278,-0.063494,0.153043,0.452301,0.488927,0.940156,-0.946913,86.673629,252
instrument,forex,GBPJPY,40,fixed,5y,1299,-0.202862,-0.242589,-0.023577,-0.027343,0.095498,0.173639,0.500770,0.959006,-0.550776,38.440678,252
instrument,forex,GBPJPY,40,fixed,3y,777,-0.475172,-0.522018,-0.043525,-0.047508,0.086129,0.168984,0.502577,0.917653,-0.916634,41.567010,252
instrument,forex,GBPJPY,40,fixed,1y,260,-0.266264,-0.330580,-0.019174,-0.023367,0.065122,0.101949,0.517375,0.950789,-0.335786,42.810811,252
instrument,forex,GBPJPY,40,fixed,IS,1275,0.155453,0.126585,0.010538,0.007668,0.098867,0.173639,0.505673,1.022787,0.284732,28.285714,252
instrument,forex,GBPJPY,40,fixed,OOS,547,-0.399351,-0.453576,-0.037399,-0.042022,0.086419,0.168082,0.498168,0.922685,-0.668256,48.000000,252
instrument,forex,GBPJPY,40,fixed,full,1822,0.004272,-0.031588,-0.004099,-0.007515,0.095289,0.173639,0.503650,0.994474,-0.084937,34.181219,252
instrument,forex,GBPJPY,40,vol,5y,1299,-0.180626,-0.224604,-0.039694,-0.046426,0.156882,0.284579,0.500770,0.962285,-0.509943,69.758629,252
instrument,forex,GBPJPY,40,vol,3y,777,-0.399932,-0.450106,-0.071004,-0.078426,0.154791,0.278361,0.502577,0.928390,-0.790360,79.580258,252
instrument,forex,GBPJPY,40,vol,1y,260,-0.260038,-0.326861,-0.048718,-0.058441,0.149886,0.219209,0.517375,0.949028,-0.332009,102.094155,252
instrument,forex,GBPJPY,40,vol,IS,1275,0.328795,0.298157,0.039387,0.034564,0.153276,0.236833,0.507414,1.054365,0.670656,46.159712,252
instrument,forex,GBPJPY,40,vol,OOS,547,-0.328130,-0.387072,-0.059449,-0.068075,0.152205,0.278361,0.498168,0.933565,-0.570276,91.515475,252
instrument,forex,GBPJPY,40,vol,full,1822,0.132773,0.093452,0.008671,0.002616,0.152943,0.284579,0.504827,1.016540,0.251284,59.733647,252
instrument,forex,GBPJPY,60,fixed,5y,1299,-0.384601,-0.416339,-0.040337,-0.043329,0.095439,0.307492,0.513867,0.930660,-0.945260,31.063174,252
instrument,forex,GBPJPY,60,fixed,3y,777,-0.719507,-0.756824,-0.063354,-0.066527,0.086059,0.232670,0.509021,0.881630,-1.328939,33.773196,252
instrument,forex,GBPJPY,60,fixed,1y,260,0.226499,0.190109,0.012667,0.010302,0.065013,0.053982,0.552124,1.039539,0.193103,23.351351,252
instrument,forex,GBPJPY,60,fixed,IS,1275,-0.107863,-0.136518,-0.015216,-0.018012,0.097982,0.259808,0.514827,0.975860,-0.307076,28.285714,252
instrument,forex,GBPJPY,60,fixed,OOS,547,-0.416780,-0.439514,-0.038844,-0.040804,0.086309,0.154181,0.529304,0.924876,-0.647539,20.307692,252
instrument,forex,GBPJPY,60,fixed,full,1822,-0.192319,-0.219316,-0.022370,-0.024911,0.094608,0.307492,0.519591,0.961879,-0.589717,25.878089,252
instrument,forex,GBPJPY,60,vol,5y,1299,-0.248430,-0.285573,-0.049847,-0.055507,0.156842,0.420912,0.513867,0.952282,-0.648368,59.203607,252
instrument,forex,GBPJPY,60,vol,3y,777,-0.661147,-0.703466,-0.107679,-0.113831,0.154701,0.375616,0.509021,0.889009,-1.235245,68.519508,252
instrument,forex,GBPJPY,60,vol,1y,260,0.161801,0.122241,0.013069,0.007092,0.149698,0.122713,0.552124,1.026317,0.124166,58.694495,252
instrument,forex,GBPJPY,60,vol,IS,1275,0.089195,0.055880,0.001951,-0.003173,0.153338,0.358572,0.514827,1.010003,0.125693,50.868908,252
instrument,forex,GBPJPY,60,vol,OOS,547,-0.339719,-0.368094,-0.061127,-0.065325,0.152038,0.262462,0.529304,0.936562,-0.542316,44.358073,252
instrument,forex,GBPJPY,60,vol,full,1822,-0.038785,-0.070662,-0.017419,-0.022254,0.152919,0.420912,0.519591,0.987706,-0.190003,48.888822,252
instrument,forex,GBPJPY,120,fixed,5y,1299,-0.203649,-0.235775,-0.023656,-0.026700,0.095449,0.298731,0.503082,0.960131,-0.535307,31.063174,252
instrument,forex,GBPJPY,120,fixed,3y,777,-0.470005,-0.503518,-0.043102,-0.045971,0.086095,0.298731,0.509021,0.920511,-0.884148,29.876289,252
instrument,forex,GBPJPY,120,fixed,1y,260,1.417251,1.417251,0.093561,0.093561,0.064587,0.029716,0.567568,1.283266,1.439572,0.000000,252
instrument,forex,GBPJPY,120,fixed,IS,1275,0.042415,0.021292,-0.000462,-0.002466,0.094736,0.192255,0.504333,1.003922,0.047894,19.978022,252
instrument,forex,GBPJPY,120,fixed,OOS,547,-1.029625,-1.067445,-0.088136,-0.091343,0.086235,0.298731,0.500000,0.830156,-1.572674,35.076923,252
instrument,forex,GBPJPY,120,fixed,full,1822,-0.258056,-0.284168,-0.027634,-0.030025,0.092283,0.298731,0.503233,0.950398,-0.764098,24.494234,252
instrument,forex,GBPJPY,120,vol,5y,1299,-0.027159,-0.059875,-0.016359,-0.021440,0.156762,0.427480,0.503082,0.989810,-0.135940,51.397086,252
instrument,forex,GBPJPY,120,vol,3y,777,-0.199393,-0.231321,-0.041810,-0.046621,0.154642,0.427480,0.509021,0.963742,-0.406186,49.968438,252
instrument,forex,GBPJPY,120,vol,1y,260,1.310148,1.305085,0.201783,0.200890,0.148786,0.067856,0.567568,1.261710,1.325638,7.383581,252
instrument,forex,GBPJPY,120,vol,IS,1275,0.189499,0.165693,0.017286,0.013691,0.148998,0.258279,0.504333,1.030338,0.372700,35.139947,252
instrument,forex,GBPJPY,120,vol,OOS,547,-0.677848,-0.713180,-0.108003,-0.112982,0.151875,0.427480,0.500000,0.882925,-1.050734,55.625412,252
instrument,forex,GBPJPY,120,vol,full,1822,-0.074288,-0.101697,-0.022073,-0.026130,0.149875,0.427480,0.503233,0.982169,-0.273454,41.262941,252
instrument,forex,GBPJPY,180,fixed,5y,1299,0.370779,0.349934,0.031256,0.029245,0.095377,0.137275,0.530046,1.062268,0.794495,19.414484,252
instrument,forex,GBPJPY,180,fixed,3y,777,0.590654,0.571929,0.048149,0.046511,0.085952,0.129823,0.546392,1.105584,1.004275,15.587629,252
instrument,forex,GBPJPY,180,fixed,1y,260,1.223551,1.203807,0.080052,0.078790,0.064746,0.030008,0.559846,1.237116,1.222766,11.675676,252
instrument,forex,GBPJPY,180,fixed,IS,1275,0.206949,0.192218,0.014831,0.013478,0.091338,0.166605,0.509141,1.036753,0.432363,13.252747,252
instrument,forex,GBPJPY,180,fixed,OOS,547,0.376209,0.350038,0.029118,0.026834,0.086283,0.129823,0.549451,1.059273,0.515714,22.153846,252
instrument,forex,GBPJPY,180,fixed,full,1822,0.255731,0.237714,0.019099,0.017470,0.089827,0.166605,0.522852,1.044413,0.639187,15.914333,252
instrument,forex,GBPJPY,180,vol,5y,1299,0.418372,0.394455,0.054647,0.050757,0.156636,0.219901,0.530046,1.069868,0.895574,36.685517,252
instrument,forex,GBPJPY,180,vol,3y,777,0.609464,0.588963,0.085566,0.082203,0.154407,0.214009,0.546392,1.108729,1.034186,30.864805,252
instrument,forex,GBPJPY,180,vol,1y,260,1.147212,1.126098,0.173158,0.169671,0.149065,0.067856,0.559846,1.222866,1.143833,29.574355,252
instrument,forex,GBPJPY,180,vol,IS,1275,0.389569,0.371700,0.046957,0.044289,0.144732,0.219901,0.509141,1.071432,0.836079,25.327071,252
instrument,forex,GBPJPY,180,vol,OOS,547,0.392891,0.365428,0.049250,0.044931,0.151886,0.214009,0.549451,1.061680,0.538387,41.027728,252
instrument,forex,GBPJPY,180,vol,full,1822,0.390616,0.369766,0.047645,0.044482,0.146874,0.219901,0.522852,1.069107,0.994262,30.020799,252
instrument,forex,GBPJPY,250,fixed,5y,1299,0.345578,0.337249,0.028785,0.027982,0.095301,0.170129,0.530046,1.059942,0.765695,7.765794,252
instrument,forex,GBPJPY,250,fixed,3y,777,0.216482,0.205767,0.015021,0.014094,0.085975,0.170129,0.541237,1.038729,0.361315,9.092784,252
instrument,forex,GBPJPY,250,fixed,1y,260,1.187900,1.184662,0.077579,0.077370,0.064676,0.030331,0.555985,1.217534,1.203320,1.945946,252
instrument,forex,GBPJPY,250,fixed,IS,1275,0.411408,0.404103,0.031954,0.031320,0.085329,0.113162,0.512695,1.081196,0.908964,6.131868,252
instrument,forex,GBPJPY,250,fixed,OOS,547,-0.153251,-0.168055,-0.016777,-0.018052,0.086263,0.170129,0.542125,0.969036,-0.247597,12.923077,252
instrument,forex,GBPJPY,250,fixed,full,1822,0.240704,0.231048,0.017076,0.016242,0.085598,0.170129,0.523234,1.043940,0.621263,8.164745,252
instrument,forex,GBPJPY,250,vol,5y,1299,0.405613,0.394430,0.052543,0.050721,0.156518,0.299363,0.530046,1.069867,0.895517,17.227531,252
instrument,forex,GBPJPY,250,vol,3y,777,0.279248,0.266037,0.031672,0.029580,0.154448,0.299363,0.541237,1.049206,0.467146,20.185262,252
instrument,forex,GBPJPY,250,vol,1y,260,1.127927,1.120239,0.169811,0.168506,0.148938,0.067856,0.555985,1.210081,1.137882,11.089633,252
instrument,forex,GBPJPY,250,vol,IS,1275,0.468747,0.458374,0.057336,0.055816,0.139824,0.186375,0.512695,1.091819,1.031038,14.344195,252
instrument,forex,GBPJPY,250,vol,OOS,547,-0.083891,-0.100815,-0.023965,-0.026498,0.151859,0.299363,0.542125,0.980350,-0.148531,25.849475,252
instrument,forex,GBPJPY,250,vol,full,1822,0.292994,0.280477,0.032241,0.030398,0.143519,0.299363,0.523234,1.053128,0.754174,17.786033,252
instrument,forex,GBPJPY,composite,fixed,5y,1299,-0.188561,-0.230825,-0.014616,-0.017398,0.066471,0.170021,0.508870,0.958177,-0.524067,28.248074,252
instrument,forex,GBPJPY,composite,fixed,3y,777,-0.416535,-0.463272,-0.026248,-0.028996,0.059669,0.170021,0.523520,0.922551,-0.813479,28.252577,252
instrument,forex,GBPJPY,composite,fixed,1y,260,0.399695,0.360891,0.020438,0.018310,0.054367,0.039218,0.558233,1.073451,0.366574,20.918919,252
instrument,forex,GBPJPY,composite,fixed,IS,1275,0.099320,0.063840,0.004202,0.002038,0.060865,0.143148,0.501746,1.016409,0.143598,21.560440,252
instrument,forex,GBPJPY,composite,fixed,OOS,547,-0.807756,-0.854660,-0.046800,-0.049436,0.057388,0.170021,0.528090,0.842423,-1.259177,27.692308,252
instrument,forex,GBPJPY,composite,fixed,full,1822,-0.161725,-0.200612,-0.011390,-0.013702,0.059846,0.170021,0.511111,0.960922,-0.539425,23.387150,252
instrument,forex,GBPJPY,composite,vol,5y,1299,-0.076532,-0.120677,-0.015129,-0.020106,0.114249,0.272303,0.508870,0.978833,-0.273986,50.563769,252
instrument,forex,GBPJPY,composite,vol,3y,777,-0.274028,-0.320829,-0.037353,-0.042570,0.114957,0.272303,0.523520,0.945613,-0.563358,54.235412,252
instrument,forex,GBPJPY,composite,vol,1y,260,0.328295,0.286272,0.033691,0.028317,0.124771,0.092536,0.558233,1.058514,0.290781,52.107974,252
instrument,forex,GBPJPY,composite,vol,IS,1275,0.217535,0.180216,0.017286,0.013381,0.103303,0.183395,0.501746,1.042556,0.405366,38.399622,252
instrument,forex,GBPJPY,composite,vol,OOS,547,-0.604761,-0.650915,-0.069919,-0.074731,0.109986,0.272303,0.528090,0.876264,-0.958997,51.777647,252
instrument,forex,GBPJPY,composite,vol,full,1822,-0.040179,-0.080352,-0.009721,-0.013919,0.105356,0.272303,0.511111,0.985343,-0.216057,42.389765,252
instrument,forex,GBPJPY,buyhold,long1x,5y,1299,0.763157,0.763157,0.070458,0.070458,0.095163,0.116132,0.543143,1.140837,1.732680,0.000000,252
instrument,forex,GBPJPY,buyhold,long1x,3y,777,0.675672,0.675672,0.055816,0.055816,0.085845,0.116132,0.556701,1.125313,1.186441,0.000000,252
instrument,forex,GBPJPY,buyhold,long1x,1y,260,1.417251,1.417251,0.093561,0.093561,0.064587,0.029716,0.567568,1.283266,1.439572,0.000000,252
instrument,forex,GBPJPY,buyhold,long1x,IS,1275,0.805429,0.805429,0.078590,0.078590,0.100172,0.145551,0.529042,1.150979,1.811682,0.000000,252
instrument,forex,GBPJPY,buyhold,long1x,OOS,547,0.496461,0.496461,0.039827,0.039827,0.086140,0.116132,0.564103,1.086270,0.731440,0.000000,252
instrument,forex,GBPJPY,buyhold,long1x,full,1822,0.720674,0.720674,0.066803,0.066803,0.096158,0.145551,0.539813,1.133706,1.937818,0.000000,252
instrument,forex,EURCHF,10,fixed,5y,1299,0.049757,-0.071727,0.001231,-0.005370,0.054432,0.123394,0.492296,0.987007,-0.162849,66.009245,252
instrument,forex,EURCHF,10,fixed,3y,777,-0.026170,-0.166752,-0.002506,-0.009488,0.049762,0.123394,0.484536,0.972281,-0.292807,70.144330,252
instrument,forex,EURCHF,10,fixed,1y,260,-0.223447,-0.402194,-0.008650,-0.015176,0.036383,0.036358,0.482625,0.939916,-0.408529,66.162162,252
instrument,forex,EURCHF,10,fixed,IS,1275,-0.020695,-0.151618,-0.002294,-0.008896,0.050520,0.115888,0.500000,0.974517,-0.341039,66.263736,252
instrument,forex,EURCHF,10,fixed,OOS,547,-0.478134,-0.624979,-0.025041,-0.032489,0.050786,0.123394,0.467033,0.893579,-0.920786,76.615385,252
instrument,forex,EURCHF,10,fixed,full,1822,-0.158454,-0.294306,-0.009179,-0.016039,0.050591,0.138720,0.490337,0.951004,-0.791358,69.331137,252
instrument,forex,EURCHF,10,vol,5y,1299,0.090124,-0.038638,0.002849,-0.015213,0.140771,0.277064,0.492296,0.992518,-0.087723,180.553780,252
instrument,forex,EURCHF,10,vol,3y,777,0.116411,-0.026766,0.006635,-0.013003,0.137442,0.277064,0.484536,0.995512,-0.047000,195.840784,252
instrument,forex,EURCHF,10,vol,1y,260,-0.219778,-0.399000,-0.029097,-0.048273,0.109139,0.106547,0.482625,0.939826,-0.405284,198.823564,252
instrument,forex,EURCHF,10,vol,IS,1275,-0.072116,-0.210016,-0.017731,-0.035557,0.131328,0.297243,0.500000,0.964822,-0.472397,181.958276,252
instrument,forex,EURCHF,10,vol,OOS,547,-0.330379,-0.481155,-0.052150,-0.071835,0.135828,0.277064,0.467033,0.916093,-0.708889,208.729855,252
instrument,forex,EURCHF,10,vol,full,1822,-0.151492,-0.293387,-0.028194,-0.046595,0.132662,0.345091,0.490062,0.951249,-0.788886,189.885417,252
instrument,forex,EURCHF,20,fixed,5y,1299,-0.421659,-0.516626,-0.023915,-0.029068,0.054250,0.231095,0.493056,0.916900,-1.172953,52.807396,252
instrument,forex,EURCHF,20,fixed,3y,777,-0.208176,-0.312067,-0.011375,-0.016505,0.049423,0.107032,0.492248,0.948913,-0.547971,51.958763,252
instrument,forex,EURCHF,20,fixed,1y,260,1.089455,1.014697,0.039147,0.036526,0.035993,0.020275,0.511628,1.187903,1.030677,25.297297,252
instrument,forex,EURCHF,20,fixed,IS,1275,-0.493581,-0.612780,-0.025568,-0.031556,0.050262,0.217357,0.495611,0.900344,-1.378349,61.516484,252
instrument,forex,EURCHF,20,fixed,OOS,547,-0.330848,-0.435230,-0.017665,-0.022914,0.050354,0.093997,0.479779,0.923237,-0.641227,53.538462,252
instrument,forex,EURCHF,20,fixed,full,1822,-0.444746,-0.559554,-0.023202,-0.028969,0.050277,0.254937,0.491101,0.908619,-1.504582,59.090610,252
instrument,forex,EURCHF,20,vol,5y,1299,-0.294894,-0.392017,-0.049535,-0.062684,0.140118,0.484604,0.493056,0.937541,-0.890040,138.352341,252
instrument,forex,EURCHF,20,vol,3y,777,-0.148112,-0.252464,-0.028848,-0.042765,0.136381,0.284153,0.492248,0.958859,-0.443313,143.541035,252
instrument,forex,EURCHF,20,vol,1y,260,1.093282,1.018069,0.118236,0.109710,0.107968,0.059866,0.511628,1.187799,1.034103,76.228969,252
instrument,forex,EURCHF,20,vol,IS,1275,-0.404687,-0.531037,-0.059377,-0.075262,0.131142,0.471675,0.496290,0.913392,-1.194482,169.275541,252
instrument,forex,EURCHF,20,vol,OOS,547,-0.258471,-0.363046,-0.042534,-0.056150,0.134387,0.245920,0.479779,0.934849,-0.534878,142.548504,252
instrument,forex,EURCHF,20,vol,full,1822,-0.360063,-0.479835,-0.054352,-0.069565,0.132089,0.540911,0.491468,0.921585,-1.290225,161.168875,252
instrument,forex,EURCHF,40,fixed,5y,1299,-0.364237,-0.454839,-0.020939,-0.025839,0.054313,0.161094,0.490755,0.924803,-1.032672,50.089368,252
instrument,forex,EURCHF,40,fixed,3y,777,-0.463621,-0.559701,-0.023817,-0.028566,0.049585,0.145764,0.471649,0.910065,-0.982803,48.061856,252
instrument,forex,EURCHF,40,fixed,1y,260,-1.527531,-1.668379,-0.053871,-0.059001,0.036058,0.069718,0.444015,0.757536,-1.694654,52.540541,252
instrument,forex,EURCHF,40,fixed,IS,1275,-0.035581,-0.128393,-0.003000,-0.007632,0.049951,0.099382,0.525122,0.978079,-0.288799,46.483516,252
instrument,forex,EURCHF,40,fixed,OOS,547,-0.907302,-1.009196,-0.045848,-0.050944,0.050544,0.145764,0.445055,0.836215,-1.486855,53.538462,252
instrument,forex,EURCHF,40,fixed,full,1822,-0.299552,-0.394987,-0.016062,-0.020839,0.050133,0.161094,0.500842,0.934121,-1.062078,48.573311,252
instrument,forex,EURCHF,40,vol,5y,1299,-0.355244,-0.451140,-0.057702,-0.070604,0.140435,0.359850,0.490755,0.926219,-1.024273,137.029355,252
instrument,forex,EURCHF,40,vol,3y,777,-0.406347,-0.504904,-0.062644,-0.075523,0.136981,0.341705,0.471649,0.919148,-0.886583,135.701607,252
instrument,forex,EURCHF,40,vol,1y,260,-1.531958,-1.672313,-0.156723,-0.170377,0.108164,0.198118,0.444015,0.757453,-1.698650,157.958699,252
instrument,forex,EURCHF,40,vol,IS,1275,-0.014786,-0.112824,-0.010373,-0.023103,0.131021,0.257590,0.522241,0.980959,-0.253779,128.652317,252
instrument,forex,EURCHF,40,vol,OOS,547,-0.876910,-0.982604,-0.119316,-0.132325,0.135157,0.341705,0.445055,0.840869,-1.447678,148.220455,252
instrument,forex,EURCHF,40,vol,full,1822,-0.279403,-0.379605,-0.044425,-0.057264,0.132283,0.382553,0.498580,0.937298,-1.020719,134.448885,252
instrument,forex,EURCHF,60,fixed,5y,1299,-0.188173,-0.244825,-0.011573,-0.014645,0.054253,0.130641,0.484592,0.958419,-0.555853,31.063174,252
instrument,forex,EURCHF,60,fixed,3y,777,-0.292909,-0.365452,-0.015559,-0.019135,0.049518,0.100300,0.467784,0.940260,-0.641713,36.371134,252
instrument,forex,EURCHF,60,fixed,1y,260,-1.579235,-1.738735,-0.055605,-0.061270,0.035988,0.071990,0.424710,0.749294,-1.766118,58.378378,252
instrument,forex,EURCHF,60,fixed,IS,1275,-0.233647,-0.281949,-0.012671,-0.015076,0.049527,0.111381,0.508656,0.952112,-0.634199,24.329670,252
instrument,forex,EURCHF,60,fixed,OOS,547,-0.635284,-0.726413,-0.032720,-0.037263,0.050522,0.100300,0.435897,0.878111,-1.070230,47.076923,252
instrument,forex,EURCHF,60,fixed,full,1822,-0.356001,-0.417312,-0.018733,-0.021790,0.049818,0.154678,0.486364,0.930233,-1.122107,31.136738,252
instrument,forex,EURCHF,60,vol,5y,1299,-0.166285,-0.228869,-0.032480,-0.041064,0.140260,0.333149,0.484592,0.961398,-0.519627,88.566967,252
instrument,forex,EURCHF,60,vol,3y,777,-0.289559,-0.368286,-0.047601,-0.057968,0.136800,0.262725,0.467784,0.940267,-0.646689,109.011265,252
instrument,forex,EURCHF,60,vol,1y,260,-1.583671,-1.742053,-0.161351,-0.176298,0.107956,0.203683,0.424710,0.749299,-1.769489,174.798058,252
instrument,forex,EURCHF,60,vol,IS,1275,-0.223792,-0.275496,-0.036961,-0.043605,0.130766,0.285625,0.508656,0.954120,-0.619684,68.669900,252
instrument,forex,EURCHF,60,vol,OOS,547,-0.672180,-0.773804,-0.094765,-0.107435,0.135105,0.262725,0.435897,0.871533,-1.140051,140.539189,252
instrument,forex,EURCHF,60,vol,full,1822,-0.361544,-0.428561,-0.054693,-0.063233,0.132061,0.392316,0.486364,0.929584,-1.152355,90.181137,252
instrument,forex,EURCHF,120,fixed,5y,1299,-0.556823,-0.596123,-0.031073,-0.033222,0.054208,0.218356,0.495378,0.904505,-1.353444,22.132512,252
instrument,forex,EURCHF,120,fixed,3y,777,-0.801272,-0.851029,-0.039923,-0.042419,0.049491,0.170738,0.489691,0.866144,-1.494359,25.979381,252
instrument,forex,EURCHF,120,fixed,1y,260,-0.994756,-1.076679,-0.035728,-0.038719,0.036072,0.050224,0.474903,0.841070,-1.093635,31.135135,252
instrument,forex,EURCHF,120,fixed,IS,1275,0.067710,0.040399,0.002113,0.000782,0.048709,0.108129,0.508239,1.007401,0.090870,13.252747,252
instrument,forex,EURCHF,120,fixed,OOS,547,-1.525187,-1.586618,-0.074854,-0.078014,0.050387,0.168652,0.468864,0.756642,-2.337576,34.153846,252
instrument,forex,EURCHF,120,fixed,full,1822,-0.420764,-0.459261,-0.021644,-0.023556,0.049261,0.218356,0.495882,0.922156,-1.234905,19.512356,252
instrument,forex,EURCHF,120,vol,5y,1299,-0.473183,-0.514935,-0.073105,-0.078705,0.140112,0.461126,0.495378,0.918299,-1.169113,60.143439,252
instrument,forex,EURCHF,120,vol,3y,777,-0.703594,-0.753473,-0.099837,-0.106250,0.136675,0.394943,0.489691,0.881444,-1.323055,71.015482,252
instrument,forex,EURCHF,120,vol,1y,260,-0.991140,-1.073506,-0.106506,-0.114868,0.108207,0.146432,0.474903,0.840983,-1.090413,93.742482,252
instrument,forex,EURCHF,120,vol,IS,1275,0.164073,0.134127,0.012885,0.009018,0.127980,0.241105,0.508239,1.023960,0.301696,38.010426,252
instrument,forex,EURCHF,120,vol,OOS,547,-1.471151,-1.534048,-0.186580,-0.194081,0.134694,0.389458,0.468864,0.764999,-2.260125,92.076318,252
instrument,forex,EURCHF,120,vol,full,1822,-0.343502,-0.384321,-0.051657,-0.056819,0.130155,0.461126,0.495882,0.935526,-1.033399,54.200413,252
instrument,forex,EURCHF,180,fixed,5y,1299,-0.052372,-0.093788,-0.004286,-0.006529,0.054201,0.131424,0.506554,0.985155,-0.212937,22.520801,252
instrument,forex,EURCHF,180,fixed,3y,777,-0.150978,-0.205551,-0.008637,-0.011341,0.049529,0.097601,0.505155,0.965854,-0.360937,27.278351,252
instrument,forex,EURCHF,180,fixed,1y,260,0.135047,0.070356,0.004225,0.001890,0.036027,0.028535,0.498069,1.016743,0.071464,21.405405,252
instrument,forex,EURCHF,180,fixed,IS,1275,0.069499,0.050992,0.002192,0.001299,0.048232,0.093516,0.512351,1.009534,0.114698,8.901099,252
instrument,forex,EURCHF,180,fixed,OOS,547,-0.452176,-0.525205,-0.023768,-0.027458,0.050578,0.091328,0.496337,0.908721,-0.773788,37.846154,252
instrument,forex,EURCHF,180,fixed,full,1822,-0.092063,-0.127782,-0.005673,-0.007423,0.048941,0.131424,0.507317,0.977422,-0.343594,17.574959,252
instrument,forex,EURCHF,180,vol,5y,1299,-0.040618,-0.084299,-0.015337,-0.021393,0.140101,0.295850,0.506554,0.987074,-0.191393,61.353160,252
instrument,forex,EURCHF,180,vol,3y,777,-0.097197,-0.148048,-0.022312,-0.029160,0.136732,0.249170,0.505155,0.975474,-0.259964,69.927743,252
instrument,forex,EURCHF,180,vol,1y,260,0.139281,0.075008,0.009282,0.002299,0.108067,0.084402,0.498069,1.016736,0.076189,64.553293,252
instrument,forex,EURCHF,180,vol,IS,1275,0.057445,0.035192,-0.000711,-0.003528,0.126429,0.212708,0.512351,1.006512,0.079160,28.075316,252
instrument,forex,EURCHF,180,vol,OOS,547,-0.411687,-0.481351,-0.062520,-0.071523,0.135158,0.217409,0.496337,0.915778,-0.709178,96.068835,252
instrument,forex,EURCHF,180,vol,full,1822,-0.089836,-0.127185,-0.019683,-0.024448,0.129089,0.295850,0.507317,0.977889,-0.341987,48.446753,252
instrument,forex,EURCHF,250,fixed,5y,1299,-0.041318,-0.077770,-0.003690,-0.005664,0.054184,0.089056,0.498459,0.987793,-0.176570,19.802773,252
instrument,forex,EURCHF,250,fixed,3y,777,-0.257219,-0.309057,-0.013824,-0.016385,0.049495,0.087987,0.481959,0.949200,-0.542687,25.979381,252
instrument,forex,EURCHF,250,fixed,1y,260,-0.507038,-0.580630,-0.018710,-0.021373,0.036091,0.039360,0.486486,0.912717,-0.589774,27.243243,252
instrument,forex,EURCHF,250,fixed,IS,1275,-0.062428,-0.087109,-0.004029,-0.005193,0.047072,0.088204,0.514648,0.983737,-0.195937,11.670330,252
instrument,forex,EURCHF,250,fixed,OOS,547,-0.202715,-0.251509,-0.011421,-0.013883,0.050520,0.060047,0.478022,0.952727,-0.370550,24.923077,252
instrument,forex,EURCHF,250,fixed,full,1822,-0.106609,-0.138904,-0.006254,-0.007810,0.048120,0.089056,0.502228,0.974911,-0.373499,15.637562,252
instrument,forex,EURCHF,250,vol,5y,1299,-0.123131,-0.166942,-0.026632,-0.032664,0.140123,0.258086,0.498459,0.973454,-0.379027,61.794595,252
instrument,forex,EURCHF,250,vol,3y,777,-0.306999,-0.363926,-0.049887,-0.057401,0.136738,0.258086,0.481959,0.940903,-0.639034,79.006226,252
instrument,forex,EURCHF,250,vol,1y,260,-0.503391,-0.577424,-0.058359,-0.066073,0.108264,0.114619,0.486486,0.912627,-0.586518,82.066807,252
instrument,forex,EURCHF,250,vol,IS,1275,-0.138445,-0.168430,-0.024088,-0.027724,0.122437,0.245410,0.514648,0.969328,-0.378855,37.061986,252
instrument,forex,EURCHF,250,vol,OOS,547,-0.267554,-0.322818,-0.044134,-0.051379,0.135112,0.183930,0.478022,0.941026,-0.475610,75.740818,252
instrument,forex,EURCHF,250,vol,full,1822,-0.179774,-0.217868,-0.030150,-0.034887,0.126340,0.259602,0.502228,0.961520,-0.585823,48.638911,252
instrument,forex,EURCHF,composite,fixed,5y,1299,-0.419660,-0.496701,-0.016928,-0.019901,0.038943,0.141525,0.492782,0.910726,-1.127716,30.286595,252
instrument,forex,EURCHF,composite,fixed,3y,777,-0.554199,-0.648686,-0.019638,-0.022877,0.034746,0.093218,0.484992,0.887069,-1.139055,33.123711,252
instrument,forex,EURCHF,composite,fixed,1y,260,-0.686070,-0.818200,-0.018049,-0.021471,0.026111,0.029842,0.471698,0.860766,-0.831086,34.540541,252
instrument,forex,EURCHF,composite,fixed,IS,1275,-0.259552,-0.328810,-0.009421,-0.011789,0.034281,0.081598,0.494424,0.932363,-0.739606,23.934066,252
instrument,forex,EURCHF,composite,fixed,OOS,547,-0.991900,-1.098910,-0.033829,-0.037408,0.034161,0.087271,0.455581,0.802184,-1.619033,37.153846,252
instrument,forex,EURCHF,composite,fixed,full,1822,-0.478960,-0.559457,-0.016813,-0.019551,0.034244,0.141525,0.481155,0.890201,-1.504321,27.884679,252
instrument,forex,EURCHF,composite,vol,5y,1299,-0.372849,-0.455377,-0.040967,-0.048859,0.099202,0.321130,0.492782,0.920310,-1.033892,82.528672,252
instrument,forex,EURCHF,composite,vol,3y,777,-0.514904,-0.612111,-0.052497,-0.061372,0.095952,0.238894,0.484992,0.894156,-1.074832,94.075566,252
instrument,forex,EURCHF,composite,vol,1y,260,-0.683733,-0.815312,-0.054919,-0.064734,0.078331,0.087557,0.471698,0.860777,-0.828152,103.284545,252
instrument,forex,EURCHF,composite,vol,IS,1275,-0.219197,-0.294818,-0.022712,-0.029216,0.087580,0.189353,0.494424,0.941579,-0.663145,66.660181,252
instrument,forex,EURCHF,composite,vol,OOS,547,-0.992256,-1.104580,-0.089473,-0.098845,0.090505,0.221372,0.455581,0.802904,-1.627387,103.464101,252
instrument,forex,EURCHF,composite,vol,full,1822,-0.456637,-0.543480,-0.043254,-0.050667,0.088469,0.323303,0.481155,0.896072,-1.461362,77.658687,252
instrument,forex,EURCHF,buyhold,long1x,5y,1299,-0.586550,-0.586550,-0.032627,-0.032627,0.054059,0.176468,0.489214,0.905995,-1.331710,0.000000,252
instrument,forex,EURCHF,buyhold,long1x,3y,777,-0.346173,-0.346173,-0.018145,-0.018145,0.049377,0.092529,0.501289,0.943274,-0.607859,0.000000,252
instrument,forex,EURCHF,buyhold,long1x,1y,260,-0.369216,-0.369216,-0.013835,-0.013835,0.035986,0.046655,0.486486,0.937177,-0.375031,0.000000,252
instrument,forex,EURCHF,buyhold,long1x,IS,1275,-0.440088,-0.440088,-0.023109,-0.023109,0.050256,0.167982,0.475667,0.927833,-0.989908,0.000000,252
instrument,forex,EURCHF,buyhold,long1x,OOS,547,-0.619168,-0.619168,-0.031938,-0.031938,0.050374,0.092529,0.492674,0.894205,-0.912225,0.000000,252
instrument,forex,EURCHF,buyhold,long1x,full,1822,-0.494069,-0.494069,-0.025768,-0.025768,0.050278,0.192717,0.481054,0.919153,-1.328499,0.000000,252
instrument,forex,AUDJPY,10,fixed,5y,1299,-0.365751,-0.432140,-0.045663,-0.052860,0.111337,0.438897,0.496918,0.928716,-0.981136,75.328197,252
instrument,forex,AUDJPY,10,fixed,3y,777,-0.746844,-0.821059,-0.081112,-0.088633,0.106173,0.261587,0.479381,0.863766,-1.441732,81.835052,252
instrument,forex,AUDJPY,10,fixed,1y,260,-0.785158,-0.860170,-0.068906,-0.075233,0.086572,0.098585,0.474903,0.875011,-0.873716,68.108108,252
instrument,forex,AUDJPY,10,fixed,IS,1275,-0.161079,-0.224674,-0.023723,-0.030704,0.111267,0.401567,0.496044,0.962395,-0.505368,71.406593,252
instrument,forex,AUDJPY,10,fixed,OOS,547,-0.220104,-0.289909,-0.030842,-0.038621,0.113666,0.171731,0.494505,0.947764,-0.427124,80.307692,252
instrument,forex,AUDJPY,10,fixed,full,1822,-0.179106,-0.244608,-0.025866,-0.033088,0.111962,0.438897,0.495859,0.958622,-0.657726,74.036244,252
instrument,forex,AUDJPY,10,vol,5y,1299,-0.304976,-0.375811,-0.059609,-0.070472,0.160308,0.555430,0.496918,0.937536,-0.853244,115.328202,252
instrument,forex,AUDJPY,10,vol,3y,777,-0.744512,-0.823460,-0.123260,-0.134780,0.160236,0.373753,0.479381,0.864736,-1.445949,131.351941,252
instrument,forex,AUDJPY,10,vol,1y,260,-0.793381,-0.871230,-0.125076,-0.136067,0.154203,0.170732,0.474903,0.869050,-0.884951,125.408132,252
instrument,forex,AUDJPY,10,vol,IS,1275,-0.209151,-0.277368,-0.042810,-0.052989,0.153719,0.513974,0.497529,0.953287,-0.623895,106.112626,252
instrument,forex,AUDJPY,10,vol,OOS,547,-0.204047,-0.278900,-0.045229,-0.057018,0.163076,0.247322,0.494505,0.949506,-0.410905,123.478759,252
instrument,forex,AUDJPY,10,vol,full,1822,-0.207536,-0.277823,-0.043537,-0.054201,0.156542,0.555430,0.496877,0.952828,-0.747037,111.261964,252
instrument,forex,AUDJPY,20,fixed,5y,1299,0.215848,0.171500,0.017972,0.012986,0.111180,0.209190,0.505393,1.029253,0.389375,48.924499,252
instrument,forex,AUDJPY,20,fixed,3y,777,0.338017,0.291591,0.030658,0.025638,0.106046,0.110520,0.520619,1.054542,0.512017,48.711340,252
instrument,forex,AUDJPY,20,fixed,1y,260,0.739305,0.699606,0.061868,0.058358,0.086395,0.064540,0.509653,1.134382,0.710624,33.081081,252
instrument,forex,AUDJPY,20,fixed,IS,1275,0.094380,0.052211,0.004347,-0.000331,0.110638,0.209190,0.498405,1.009013,0.117440,46.483516,252
instrument,forex,AUDJPY,20,fixed,OOS,547,0.687601,0.650231,0.074059,0.069600,0.113329,0.080697,0.527473,1.120692,0.957991,41.538462,252
instrument,forex,AUDJPY,20,fixed,full,1822,0.275610,0.234797,0.024787,0.020169,0.111439,0.209190,0.507496,1.041543,0.631343,44.975288,252
instrument,forex,AUDJPY,20,vol,5y,1299,0.383588,0.335468,0.049767,0.041788,0.160047,0.283026,0.505393,1.058189,0.761649,75.850764,252
instrument,forex,AUDJPY,20,vol,3y,777,0.439462,0.387389,0.059175,0.050487,0.160071,0.195757,0.520619,1.071559,0.680233,81.920269,252
instrument,forex,AUDJPY,20,vol,1y,260,0.816380,0.773632,0.120289,0.113192,0.153861,0.107744,0.509653,1.147135,0.785816,62.924595,252
instrument,forex,AUDJPY,20,vol,IS,1275,0.167443,0.119625,0.014055,0.006642,0.153517,0.283026,0.498353,1.020886,0.269077,72.879233,252
instrument,forex,AUDJPY,20,vol,OOS,547,0.871798,0.831294,0.136948,0.129673,0.162488,0.107744,0.527473,1.156251,1.224752,63.965721,252
instrument,forex,AUDJPY,20,vol,full,1822,0.387422,0.341768,0.049485,0.042100,0.156256,0.283026,0.507666,1.061294,0.918979,70.167257,252
instrument,forex,AUDJPY,40,fixed,5y,1299,-0.082067,-0.114034,-0.015140,-0.018670,0.111182,0.356731,0.505393,0.980412,-0.258903,35.722650,252
instrument,forex,AUDJPY,40,fixed,3y,777,0.695146,0.670620,0.070321,0.067606,0.105893,0.085911,0.525773,1.127427,1.177570,25.329897,252
instrument,forex,AUDJPY,40,fixed,1y,260,1.531178,1.518901,0.136361,0.135255,0.085963,0.056074,0.540541,1.300467,1.542822,9.729730,252
instrument,forex,AUDJPY,40,fixed,IS,1275,-0.294200,-0.327608,-0.037170,-0.040744,0.108895,0.356731,0.493517,0.945060,-0.736901,36.989011,252
instrument,forex,AUDJPY,40,fixed,OOS,547,0.997684,0.979804,0.112304,0.110144,0.113171,0.079927,0.532967,1.188615,1.443553,19.384615,252
instrument,forex,AUDJPY,40,fixed,full,1822,0.104404,0.075518,0.005461,0.002263,0.110246,0.356731,0.505896,1.013266,0.203060,31.690280,252
instrument,forex,AUDJPY,40,vol,5y,1299,0.235081,0.200216,0.025160,0.019475,0.159992,0.428482,0.505393,1.034103,0.454571,55.266385,252
instrument,forex,AUDJPY,40,vol,3y,777,0.942797,0.915011,0.147616,0.142659,0.159635,0.133401,0.525773,1.175068,1.606707,43.152142,252
instrument,forex,AUDJPY,40,vol,1y,260,1.613512,1.598606,0.264938,0.262188,0.153012,0.079327,0.540541,1.318863,1.623783,21.377848,252
instrument,forex,AUDJPY,40,vol,IS,1275,-0.146350,-0.184297,-0.033544,-0.039239,0.153454,0.428482,0.494234,0.968733,-0.414547,58.694737,252
instrument,forex,AUDJPY,40,vol,OOS,547,1.287486,1.268855,0.215841,0.212305,0.162068,0.080107,0.532967,1.249763,1.869414,29.047184,252
instrument,forex,AUDJPY,40,vol,full,1822,0.300851,0.268560,0.035410,0.030236,0.156191,0.428482,0.506530,1.047854,0.722131,49.773753,252
instrument,forex,AUDJPY,60,fixed,5y,1299,0.127721,0.101017,0.008062,0.005077,0.111143,0.289295,0.504622,1.016976,0.229351,29.510015,252
instrument,forex,AUDJPY,60,fixed,3y,777,0.257686,0.234813,0.021935,0.019475,0.105977,0.144711,0.509021,1.044048,0.412318,24.030928,252
instrument,forex,AUDJPY,60,fixed,1y,260,1.709930,1.702647,0.153755,0.153082,0.085834,0.039563,0.528958,1.340869,1.729462,5.837838,252
instrument,forex,AUDJPY,60,fixed,IS,1275,-0.070940,-0.103433,-0.013451,-0.016954,0.108496,0.260744,0.505766,0.982211,-0.232656,35.406593,252
instrument,forex,AUDJPY,60,fixed,OOS,547,0.467131,0.453019,0.047615,0.045967,0.113327,0.144711,0.518315,1.081954,0.667437,15.692308,252
instrument,forex,AUDJPY,60,fixed,full,1822,0.095677,0.068758,0.004499,0.001528,0.109952,0.289295,0.509938,1.012136,0.184883,29.476112,252
instrument,forex,AUDJPY,60,vol,5y,1299,0.386560,0.357964,0.050261,0.045515,0.159920,0.328647,0.504622,1.062241,0.812726,45.020341,252
instrument,forex,AUDJPY,60,vol,3y,777,0.511689,0.485870,0.071458,0.067096,0.159833,0.192233,0.509021,1.090154,0.853159,40.634800,252
instrument,forex,AUDJPY,60,vol,1y,260,1.653625,1.641434,0.272643,0.270377,0.152956,0.078402,0.528958,1.328380,1.667285,17.437015,252
instrument,forex,AUDJPY,60,vol,IS,1275,0.018646,-0.018821,-0.008806,-0.014524,0.153444,0.328647,0.505766,0.996788,-0.042335,57.485926,252
instrument,forex,AUDJPY,60,vol,OOS,547,0.756217,0.741181,0.115874,0.113207,0.162404,0.192233,0.518315,1.137876,1.091987,23.846248,252
instrument,forex,AUDJPY,60,vol,full,1822,0.249091,0.218440,0.027086,0.022202,0.156184,0.328647,0.509938,1.038757,0.587362,47.368626,252
instrument,forex,AUDJPY,120,fixed,5y,1299,0.190205,0.175369,0.015077,0.013413,0.111084,0.210293,0.508475,1.030692,0.398160,16.308166,252
instrument,forex,AUDJPY,120,fixed,3y,777,0.103978,0.092869,0.005434,0.004251,0.105990,0.210293,0.509021,1.018255,0.163072,11.690722,252
instrument,forex,AUDJPY,120,fixed,1y,260,1.468561,1.461087,0.130319,0.129658,0.085980,0.050044,0.521236,1.263047,1.484097,5.837838,252
instrument,forex,AUDJPY,120,fixed,IS,1275,0.256167,0.242107,0.021921,0.020397,0.107034,0.210287,0.514731,1.044024,0.544581,14.835165,252
instrument,forex,AUDJPY,120,fixed,OOS,547,0.017028,0.005639,-0.004456,-0.005749,0.113398,0.210293,0.498168,0.999007,0.008308,12.923077,252
instrument,forex,AUDJPY,120,fixed,full,1822,0.181421,0.168197,0.013929,0.012476,0.108955,0.210293,0.509700,1.030401,0.452265,14.253707,252
instrument,forex,AUDJPY,120,vol,5y,1299,0.368601,0.350685,0.047246,0.044280,0.159872,0.274457,0.508475,1.062079,0.796199,28.146226,252
instrument,forex,AUDJPY,120,vol,3y,777,0.435629,0.422074,0.058520,0.056263,0.159838,0.274457,0.509021,1.078087,0.741137,21.188596,252
instrument,forex,AUDJPY,120,vol,1y,260,1.442372,1.431144,0.232538,0.230532,0.153169,0.089347,0.521236,1.264866,1.453683,15.872444,252
instrument,forex,AUDJPY,120,vol,IS,1275,0.384197,0.366296,0.047658,0.044866,0.150762,0.255632,0.514731,1.066814,0.823923,26.513740,252
instrument,forex,AUDJPY,120,vol,OOS,547,0.337172,0.323628,0.042533,0.040258,0.162572,0.274457,0.498168,1.056614,0.476804,21.715384,252
instrument,forex,AUDJPY,120,vol,full,1822,0.369200,0.352686,0.046117,0.043480,0.154357,0.274457,0.509700,1.064355,0.948336,25.061094,252
instrument,forex,AUDJPY,180,fixed,5y,1299,0.323137,0.307516,0.030160,0.028393,0.111058,0.185285,0.524653,1.054142,0.698188,17.084746,252
instrument,forex,AUDJPY,180,fixed,3y,777,0.270878,0.257169,0.023360,0.021891,0.105977,0.185285,0.525773,1.048175,0.451574,14.288660,252
instrument,forex,AUDJPY,180,fixed,1y,260,1.136041,1.119329,0.098660,0.097164,0.086159,0.053928,0.532819,1.193170,1.136957,13.621622,252
instrument,forex,AUDJPY,180,fixed,IS,1275,0.228094,0.209586,0.018301,0.016381,0.102608,0.205294,0.522852,1.038815,0.471430,18.791209,252
instrument,forex,AUDJPY,180,fixed,OOS,547,0.037990,0.026587,-0.002087,-0.003383,0.113387,0.185285,0.518315,1.002745,0.039171,12.923077,252
instrument,forex,AUDJPY,180,fixed,full,1822,0.166811,0.150610,0.012136,0.010406,0.105929,0.205294,0.521633,1.027592,0.404974,17.021417,252
instrument,forex,AUDJPY,180,vol,5y,1299,0.446670,0.427167,0.060376,0.057116,0.159848,0.254693,0.524653,1.075992,0.969843,30.592701,252
instrument,forex,AUDJPY,180,vol,3y,777,0.503293,0.485835,0.070008,0.067077,0.159841,0.254693,0.525773,1.090167,0.853098,27.241924,252
instrument,forex,AUDJPY,180,vol,1y,260,0.955314,0.931050,0.144336,0.140263,0.153655,0.106519,0.532819,1.162474,0.945713,35.117070,252
instrument,forex,AUDJPY,180,vol,IS,1275,0.416456,0.395996,0.050592,0.047556,0.143138,0.214750,0.522852,1.073957,0.890730,28.781982,252
instrument,forex,AUDJPY,180,vol,OOS,547,0.198031,0.181450,0.019223,0.016483,0.162634,0.254693,0.518315,1.030298,0.267332,26.736948,252
instrument,forex,AUDJPY,180,vol,full,1822,0.344356,0.325197,0.041074,0.038129,0.149215,0.254693,0.521633,1.060106,0.874422,28.153633,252
instrument,forex,AUDJPY,250,fixed,5y,1299,-0.359231,-0.377009,-0.044975,-0.046913,0.111086,0.346947,0.511556,0.938158,-0.855965,20.191063,252
instrument,forex,AUDJPY,250,fixed,3y,777,-0.598798,-0.622314,-0.066637,-0.069073,0.105992,0.298914,0.512887,0.897626,-1.092748,25.979381,252
instrument,forex,AUDJPY,250,fixed,1y,260,-0.081826,-0.110802,-0.010714,-0.013219,0.086479,0.124026,0.505792,0.972313,-0.112547,25.297297,252
instrument,forex,AUDJPY,250,fixed,IS,1275,0.061971,0.050262,0.001435,0.000340,0.093223,0.193408,0.520508,1.009393,0.113056,10.879121,252
instrument,forex,AUDJPY,250,fixed,OOS,547,-0.693712,-0.715512,-0.081419,-0.083803,0.113354,0.298914,0.510989,0.878429,-1.054169,25.846154,252
instrument,forex,AUDJPY,250,fixed,full,1822,-0.196157,-0.211356,-0.024195,-0.025702,0.099694,0.346947,0.517505,0.961990,-0.568314,15.360791,252
instrument,forex,AUDJPY,250,vol,5y,1299,-0.304737,-0.326237,-0.059585,-0.062892,0.159928,0.440987,0.511556,0.946493,-0.740692,34.937376,252
instrument,forex,AUDJPY,250,vol,3y,777,-0.425857,-0.453321,-0.077575,-0.081756,0.159976,0.423194,0.512887,0.925182,-0.796006,45.062526,252
instrument,forex,AUDJPY,250,vol,1y,260,-0.253174,-0.286868,-0.049442,-0.054493,0.154045,0.220832,0.505792,0.946472,-0.291386,52.566173,252
instrument,forex,AUDJPY,250,vol,IS,1275,0.119010,0.104915,0.006924,0.004965,0.137999,0.266924,0.520508,1.019759,0.235989,19.347970,252
instrument,forex,AUDJPY,250,vol,OOS,547,-0.675986,-0.702585,-0.115657,-0.119663,0.162613,0.423194,0.510989,0.880673,-1.035124,45.041372,252
instrument,forex,AUDJPY,250,vol,full,1822,-0.147352,-0.165732,-0.031563,-0.034199,0.145827,0.441319,0.517505,0.970039,-0.445636,27.041763,252
instrument,forex,AUDJPY,composite,fixed,5y,1299,0.059160,0.024794,0.001502,-0.001316,0.081953,0.173824,0.505882,1.006974,0.056292,28.151002,252
instrument,forex,AUDJPY,composite,fixed,3y,777,0.032202,-0.000154,-0.000767,-0.003458,0.083251,0.127818,0.511962,1.004473,-0.000270,26.953608,252
instrument,forex,AUDJPY,composite,fixed,1y,260,1.175034,1.149043,0.083223,0.081331,0.070196,0.029823,0.520000,1.243348,1.167139,17.513514,252
instrument,forex,AUDJPY,composite,fixed,IS,1275,0.110367,0.075419,0.005160,0.002814,0.066923,0.148020,0.510328,1.018122,0.169642,23.340659,252
instrument,forex,AUDJPY,composite,fixed,OOS,547,0.152019,0.125569,0.009639,0.007266,0.089087,0.127818,0.511574,1.026635,0.185002,23.538462,252
instrument,forex,AUDJPY,composite,fixed,full,1822,0.124371,0.092800,0.006503,0.004149,0.074250,0.173824,0.511146,1.022274,0.249530,23.387150,252
instrument,forex,AUDJPY,composite,vol,5y,1299,0.277042,0.240977,0.026456,0.022027,0.120304,0.196296,0.505882,1.052441,0.547116,43.164517,252
instrument,forex,AUDJPY,composite,vol,3y,777,0.297497,0.263002,0.030556,0.025995,0.129061,0.178301,0.511962,1.060342,0.461816,44.291299,252
instrument,forex,AUDJPY,composite,vol,1y,260,1.138270,1.108410,0.141625,0.137583,0.123141,0.052160,0.520000,1.237357,1.125866,35.459000,252
instrument,forex,AUDJPY,composite,vol,IS,1275,0.198548,0.162060,0.015123,0.011377,0.101560,0.196296,0.510328,1.037583,0.364528,36.903367,252
instrument,forex,AUDJPY,composite,vol,OOS,547,0.405508,0.377334,0.045036,0.041265,0.129076,0.178301,0.511574,1.082873,0.555929,36.113440,252
instrument,forex,AUDJPY,composite,vol,full,1822,0.269892,0.236537,0.024012,0.020259,0.110510,0.196296,0.511146,1.054652,0.636023,36.646884,252
instrument,forex,AUDJPY,buyhold,long1x,5y,1299,0.591301,0.591301,0.061221,0.061221,0.110919,0.204060,0.533898,1.106365,1.342495,0.000000,252
instrument,forex,AUDJPY,buyhold,long1x,3y,777,0.560738,0.560738,0.055197,0.055197,0.105831,0.204060,0.541237,1.105822,0.984623,0.000000,252
instrument,forex,AUDJPY,buyhold,long1x,1y,260,1.947783,1.947783,0.177209,0.177209,0.085662,0.035220,0.536680,1.397094,1.978459,0.000000,252
instrument,forex,AUDJPY,buyhold,long1x,IS,1275,0.614754,0.614754,0.063984,0.063984,0.110897,0.176638,0.525903,1.110357,1.382790,0.000000,252
instrument,forex,AUDJPY,buyhold,long1x,OOS,547,0.394893,0.394893,0.039041,0.039041,0.113271,0.204060,0.538462,1.070811,0.581799,0.000000,252
instrument,forex,AUDJPY,buyhold,long1x,full,1822,0.547882,0.547882,0.056433,0.056433,0.111586,0.204060,0.529929,1.099158,1.473198,0.000000,252
instrument,futures,ES,10,fixed,5y,1257,0.126135,0.057469,0.006916,-0.004926,0.171805,0.243459,0.519904,1.009496,0.128351,58.585987,252
instrument,futures,ES,10,fixed,3y,754,0.167191,0.089856,0.013898,0.001935,0.153587,0.243459,0.513944,1.017909,0.155429,58.900398,252
instrument,futures,ES,10,fixed,1y,251,-0.710778,-0.801755,-0.092527,-0.103489,0.126296,0.230519,0.488000,0.874046,-0.800163,60.480000,252
instrument,futures,ES,10,fixed,IS,1232,0.414877,0.360425,0.067845,0.055666,0.213113,0.264815,0.527437,1.071580,0.796929,56.705118,252
instrument,futures,ES,10,fixed,OOS,529,-0.092822,-0.172832,-0.028678,-0.041657,0.165936,0.243459,0.496212,0.967396,-0.250410,66.818182,252
instrument,futures,ES,10,fixed,full,1761,0.286094,0.225509,0.037883,0.025435,0.200090,0.281206,0.518286,1.044350,0.596134,59.706818,252
instrument,futures,ES,10,vol,5y,1257,0.002199,-0.076864,-0.012491,-0.025148,0.161491,0.361418,0.519904,0.985838,-0.171669,63.881788,252
instrument,futures,ES,10,vol,3y,754,-0.057733,-0.143010,-0.022645,-0.036470,0.164731,0.361418,0.513944,0.976367,-0.247372,70.585002,252
instrument,futures,ES,10,vol,1y,251,-0.854414,-0.949800,-0.136500,-0.150356,0.158302,0.284827,0.488000,0.850358,-0.947914,80.038903,252
instrument,futures,ES,10,vol,IS,1232,0.419597,0.350411,0.055227,0.043922,0.158386,0.222809,0.530316,1.063547,0.774788,53.338167,252
instrument,futures,ES,10,vol,OOS,529,-0.449231,-0.538801,-0.085600,-0.099800,0.168645,0.361418,0.496212,0.906298,-0.780650,77.623449,252
instrument,futures,ES,10,vol,full,1761,0.147061,0.071387,0.010784,-0.001510,0.161543,0.361418,0.520000,1.012788,0.188712,60.594949,252
instrument,futures,ES,20,fixed,5y,1257,0.407644,0.362155,0.056620,0.048522,0.171494,0.152107,0.521497,1.065605,0.808840,38.121019,252
instrument,futures,ES,20,fixed,3y,754,0.459173,0.415186,0.060180,0.053191,0.153271,0.145129,0.527224,1.080923,0.718171,32.796813,252
instrument,futures,ES,20,fixed,1y,251,-0.079838,-0.146334,-0.017757,-0.026073,0.126177,0.101934,0.516000,0.977045,-0.146044,42.336000,252
instrument,futures,ES,20,fixed,IS,1232,0.315957,0.276990,0.045544,0.036981,0.212108,0.327850,0.526837,1.054839,0.612448,40.737612,252
instrument,futures,ES,20,fixed,OOS,529,0.253584,0.212645,0.028568,0.021654,0.165704,0.145129,0.524621,1.040887,0.308094,33.409091,252
instrument,futures,ES,20,fixed,full,1761,0.298641,0.259397,0.040415,0.032353,0.199261,0.327850,0.526437,1.051368,0.685715,38.515909,252
instrument,futures,ES,20,vol,5y,1257,0.300348,0.245519,0.035956,0.026918,0.161206,0.195217,0.521497,1.041664,0.548344,43.394511,252
instrument,futures,ES,20,vol,3y,754,0.385073,0.331024,0.050881,0.041718,0.164383,0.158530,0.527224,1.061541,0.572592,43.368959,252
instrument,futures,ES,20,vol,1y,251,-0.084667,-0.155673,-0.025412,-0.036454,0.158149,0.126209,0.516000,0.974494,-0.155364,56.385081,252
instrument,futures,ES,20,vol,IS,1232,0.356754,0.302719,0.044804,0.036022,0.158238,0.239823,0.527754,1.054682,0.669337,41.805787,252
instrument,futures,ES,20,vol,OOS,529,0.135782,0.084287,0.008701,-0.000035,0.168475,0.158530,0.524621,1.015062,0.122120,43.021001,252
instrument,futures,ES,20,vol,full,1761,0.287403,0.234156,0.033825,0.025056,0.161336,0.239823,0.527059,1.042505,0.618991,42.148101,252
instrument,futures,ES,40,fixed,5y,1257,-0.119516,-0.159396,-0.034535,-0.041248,0.171555,0.421166,0.519108,0.971343,-0.355996,34.509554,252
instrument,futures,ES,40,fixed,3y,754,0.262542,0.223463,0.028794,0.022695,0.153313,0.243832,0.523240,1.043364,0.386536,29.450199,252
instrument,futures,ES,40,fixed,1y,251,1.031350,1.003570,0.129102,0.125444,0.125641,0.079102,0.544000,1.187913,1.001577,16.128000,252
instrument,futures,ES,40,fixed,IS,1232,0.210368,0.181454,0.022399,0.016202,0.210253,0.366143,0.530647,1.036084,0.401210,30.092608,252
instrument,futures,ES,40,fixed,OOS,529,0.334003,0.298714,0.042316,0.036309,0.165621,0.201488,0.528409,1.058109,0.432795,28.636364,252
instrument,futures,ES,40,fixed,full,1761,0.240350,0.210009,0.028341,0.022201,0.197860,0.421166,0.530233,1.041801,0.555159,29.638636,252
instrument,futures,ES,40,vol,5y,1257,-0.084030,-0.129822,-0.026101,-0.033392,0.161210,0.376419,0.519108,0.976940,-0.289946,37.163630,252
instrument,futures,ES,40,vol,3y,754,0.139180,0.092454,0.009386,0.001645,0.164412,0.295139,0.523240,1.017796,0.159922,38.068738,252
instrument,futures,ES,40,vol,1y,251,1.020711,0.988112,0.159529,0.153918,0.157479,0.098138,0.544000,1.185636,0.986149,23.829075,252
instrument,futures,ES,40,vol,IS,1232,0.410261,0.373945,0.053641,0.047710,0.158052,0.286364,0.533732,1.067981,0.826823,27.949641,252
instrument,futures,ES,40,vol,OOS,529,0.183956,0.141225,0.016873,0.009591,0.168351,0.256245,0.528409,1.025655,0.204616,35.552880,252
instrument,futures,ES,40,vol,full,1761,0.339228,0.300865,0.042458,0.036110,0.161170,0.376419,0.532353,1.054957,0.795338,30.216236,252
instrument,futures,ES,60,fixed,5y,1257,0.347133,0.327004,0.045707,0.042150,0.171291,0.274788,0.533439,1.059022,0.730333,16.853503,252
instrument,futures,ES,60,fixed,3y,754,0.860837,0.849734,0.127153,0.125329,0.152801,0.172932,0.536521,1.171427,1.469835,8.031873,252
instrument,futures,ES,60,fixed,1y,251,1.028315,1.014531,0.128678,0.126850,0.125494,0.090011,0.536000,1.190009,1.012516,8.064000,252
instrument,futures,ES,60,fixed,IS,1232,0.381711,0.364377,0.059759,0.055950,0.209736,0.288801,0.545687,1.074319,0.805668,17.809911,252
instrument,futures,ES,60,fixed,OOS,529,0.683376,0.671425,0.104176,0.102056,0.165221,0.172932,0.535985,1.135873,0.972803,9.545455,252
instrument,futures,ES,60,fixed,full,1761,0.455634,0.439715,0.072911,0.069593,0.197378,0.288801,0.542941,1.090022,1.162388,15.320455,252
instrument,futures,ES,60,vol,5y,1257,0.496565,0.472122,0.069101,0.064991,0.160838,0.243531,0.533439,1.082817,1.054439,19.083383,252
instrument,futures,ES,60,vol,3y,754,0.903368,0.886729,0.143784,0.140806,0.163746,0.147211,0.536521,1.171047,1.533827,12.927844,252
instrument,futures,ES,60,vol,1y,251,1.017968,0.998358,0.159038,0.155631,0.157317,0.097207,0.536000,1.187613,0.996375,14.385998,252
instrument,futures,ES,60,vol,IS,1232,0.661984,0.638698,0.096241,0.092347,0.157821,0.243531,0.545687,1.118866,1.412215,17.628582,252
instrument,futures,ES,60,vol,OOS,529,0.739398,0.721544,0.116115,0.112874,0.167812,0.147211,0.535985,1.139945,1.045420,14.438383,252
instrument,futures,ES,60,vol,full,1761,0.686177,0.664591,0.102173,0.098473,0.160841,0.243531,0.542941,1.125399,1.756848,16.663009,252
instrument,futures,ES,120,fixed,5y,1257,0.077072,0.055433,-0.001495,-0.005214,0.171345,0.367477,0.534236,1.009136,0.123805,18.458599,252
instrument,futures,ES,120,fixed,3y,754,0.527643,0.513123,0.071316,0.069001,0.152990,0.210601,0.533865,1.100729,0.887579,10.709163,252
instrument,futures,ES,120,fixed,1y,251,0.885655,0.865220,0.108733,0.106041,0.125619,0.108976,0.532000,1.160260,0.863501,12.096000,252
instrument,futures,ES,120,fixed,IS,1232,-0.096457,-0.112244,-0.040945,-0.044159,0.208687,0.442618,0.527453,0.977734,-0.248182,16.581641,252
instrument,futures,ES,120,fixed,OOS,529,0.226719,0.210343,0.024003,0.021244,0.165440,0.210601,0.530303,1.040466,0.304759,13.363636,252
instrument,futures,ES,120,fixed,full,1761,-0.014325,-0.030174,-0.021880,-0.024965,0.196658,0.442618,0.528659,0.994040,-0.079764,15.606818,252
instrument,futures,ES,120,vol,5y,1257,0.312029,0.289174,0.037896,0.034117,0.160829,0.292598,0.534236,1.049475,0.645843,18.110443,252
instrument,futures,ES,120,vol,3y,754,0.648515,0.631301,0.097164,0.094153,0.163867,0.153637,0.533865,1.119357,1.091999,13.635942,252
instrument,futures,ES,120,vol,1y,251,0.793984,0.769559,0.119053,0.114902,0.157484,0.130651,0.532000,1.141956,0.768031,18.228253,252
instrument,futures,ES,120,vol,IS,1232,0.213523,0.193503,0.021347,0.018169,0.156095,0.292598,0.527453,1.035566,0.427852,15.460158,252
instrument,futures,ES,120,vol,OOS,529,0.395124,0.376252,0.053565,0.050272,0.167966,0.142814,0.530303,1.070470,0.545137,15.526193,252
instrument,futures,ES,120,vol,full,1761,0.270833,0.251181,0.030920,0.027708,0.159709,0.292598,0.528659,1.046521,0.663998,15.472687,252
instrument,futures,ES,180,fixed,5y,1257,0.683597,0.670791,0.107597,0.105261,0.171099,0.256916,0.546975,1.125761,1.498147,10.433121,252
instrument,futures,ES,180,fixed,3y,754,1.293006,1.288943,0.203632,0.202976,0.152479,0.138833,0.549801,1.270754,2.229560,2.677291,252
instrument,futures,ES,180,fixed,1y,251,1.571895,1.571895,0.207636,0.207636,0.125024,0.089539,0.544000,1.308480,1.568773,0.000000,252
instrument,futures,ES,180,fixed,IS,1232,0.110340,0.093231,0.004204,0.001250,0.171291,0.296846,0.544244,1.017667,0.206141,14.534525,252
instrument,futures,ES,180,fixed,OOS,529,1.167067,1.161834,0.195608,0.194680,0.164914,0.138833,0.551136,1.247241,1.683339,3.818182,252
instrument,futures,ES,180,fixed,full,1761,0.419476,0.405651,0.058235,0.055810,0.169430,0.296846,0.546835,1.079356,1.072338,11.311364,252
instrument,futures,ES,180,vol,5y,1257,0.743733,0.728140,0.112325,0.109617,0.160617,0.213652,0.546975,1.131259,1.626230,12.110460,252
instrument,futures,ES,180,vol,3y,754,1.117966,1.110081,0.184479,0.183010,0.163498,0.140413,0.549801,1.218196,1.920171,6.174462,252
instrument,futures,ES,180,vol,1y,251,1.371515,1.365222,0.224840,0.223657,0.156908,0.113761,0.544000,1.264871,1.362511,4.570772,252
instrument,futures,ES,180,vol,IS,1232,0.530954,0.512411,0.065248,0.062611,0.136808,0.213652,0.544244,1.095787,1.132984,12.305905,252
instrument,futures,ES,180,vol,OOS,529,0.965167,0.956153,0.159052,0.157366,0.167601,0.130129,0.551136,1.189752,1.385335,7.229695,252
instrument,futures,ES,180,vol,full,1761,0.677637,0.662402,0.092600,0.090230,0.146713,0.213652,0.546835,1.127010,1.751059,10.777553,252
instrument,futures,ES,250,fixed,5y,1257,0.373770,0.368750,0.050444,0.049573,0.171209,0.278555,0.542197,1.066941,0.823567,4.012739,252
instrument,futures,ES,250,fixed,3y,754,0.911038,0.908480,0.135732,0.135403,0.152803,0.278555,0.553785,1.184373,1.571451,1.338645,252
instrument,futures,ES,250,fixed,1y,251,1.571895,1.571895,0.207636,0.207636,0.125024,0.089539,0.544000,1.308480,1.568773,0.000000,252
instrument,futures,ES,250,fixed,IS,1232,0.577207,0.572235,0.078611,0.077845,0.150955,0.269091,0.544343,1.114722,1.265259,3.480097,252
instrument,futures,ES,250,fixed,OOS,529,0.664428,0.661406,0.100640,0.100186,0.165307,0.278555,0.556818,1.133841,0.958287,1.909091,252
instrument,futures,ES,250,fixed,full,1761,0.604736,0.600393,0.085182,0.084508,0.155360,0.278555,0.549007,1.120898,1.587140,3.006818,252
instrument,futures,ES,250,vol,5y,1257,0.502768,0.494334,0.070152,0.068736,0.160691,0.226493,0.542197,1.086950,1.104047,6.550313,252
instrument,futures,ES,250,vol,3y,754,0.855869,0.849543,0.134929,0.133806,0.163683,0.216959,0.553785,1.163397,1.469504,4.896571,252
instrument,futures,ES,250,vol,1y,251,1.371515,1.365222,0.224840,0.223657,0.156908,0.113761,0.544000,1.264871,1.362511,4.570772,252
instrument,futures,ES,250,vol,IS,1232,0.717574,0.709588,0.091478,0.090346,0.134715,0.226493,0.544343,1.139515,1.568957,5.148149,252
instrument,futures,ES,250,vol,OOS,529,0.601237,0.594467,0.090562,0.089367,0.167814,0.216959,0.556818,1.113897,0.861301,5.407248,252
instrument,futures,ES,250,vol,full,1761,0.673570,0.666042,0.091203,0.090052,0.145402,0.226493,0.549007,1.130604,1.760682,5.224456,252
instrument,futures,ES,composite,fixed,5y,1257,0.413400,0.382025,0.044688,0.040639,0.124830,0.187771,0.542700,1.078938,0.853215,19.361465,252
instrument,futures,ES,composite,fixed,3y,754,0.898752,0.875500,0.103358,0.100437,0.117304,0.112956,0.546921,1.193347,1.514403,13.219124,252
instrument,futures,ES,composite,fixed,1y,251,1.058288,1.026582,0.106872,0.103425,0.100836,0.055478,0.539419,1.199859,1.024544,15.624000,252
instrument,futures,ES,composite,fixed,IS,1232,0.547329,0.517300,0.056679,0.053170,0.112366,0.187771,0.553191,1.117654,1.143794,16.581641,252
instrument,futures,ES,composite,fixed,OOS,529,0.602724,0.579035,0.069827,0.066709,0.125339,0.112956,0.543033,1.125071,0.838943,14.556818,252
instrument,futures,ES,composite,fixed,full,1761,0.564702,0.536754,0.060611,0.057219,0.116380,0.187771,0.549813,1.120289,1.418910,15.964773,252
instrument,futures,ES,composite,vol,5y,1257,0.525639,0.491450,0.058761,0.054368,0.123260,0.175493,0.542700,1.097637,1.097607,20.724688,252
instrument,futures,ES,composite,vol,3y,754,0.880502,0.852487,0.111582,0.107654,0.129906,0.101682,0.546921,1.179176,1.474596,17.640213,252
instrument,futures,ES,composite,vol,1y,251,0.943481,0.907803,0.119997,0.114956,0.129079,0.073784,0.539419,1.178061,0.906000,22.307646,252
instrument,futures,ES,composite,vol,IS,1232,0.638161,0.606145,0.063467,0.059958,0.105221,0.175493,0.553191,1.135342,1.340236,16.479449,252
instrument,futures,ES,composite,vol,OOS,529,0.593923,0.565395,0.072160,0.068193,0.132269,0.101682,0.543033,1.115326,0.819181,18.475580,252
instrument,futures,ES,composite,vol,full,1761,0.619167,0.588548,0.066071,0.062425,0.113984,0.175493,0.549813,1.128152,1.555827,17.070428,252
instrument,futures,ES,buyhold,long1x,5y,1257,0.741529,0.741529,0.118667,0.118667,0.170916,0.250209,0.529459,1.140006,1.656134,0.000000,252
instrument,futures,ES,buyhold,long1x,3y,754,1.246101,1.246101,0.195235,0.195235,0.152449,0.185421,0.552457,1.260670,2.155453,0.000000,252
instrument,futures,ES,buyhold,long1x,1y,251,1.571895,1.571895,0.207636,0.207636,0.125024,0.089539,0.544000,1.308480,1.568773,0.000000,252
instrument,futures,ES,buyhold,long1x,IS,1232,0.665694,0.665694,0.126038,0.126038,0.212434,0.344453,0.535337,1.135895,1.471904,0.000000,252
instrument,futures,ES,buyhold,long1x,OOS,529,1.105326,1.105326,0.183738,0.183738,0.164873,0.185421,0.554924,1.233840,1.601466,0.000000,252
instrument,futures,ES,buyhold,long1x,full,1761,0.771094,0.771094,0.143069,0.143069,0.199300,0.344453,0.541477,1.159790,2.038388,0.000000,252
instrument,futures,NQ,10,fixed,5y,1257,-0.200273,-0.259726,-0.070008,-0.082999,0.230613,0.486750,0.504777,0.955579,-0.580074,69.420382,252
instrument,futures,NQ,10,fixed,3y,754,-0.711909,-0.786083,-0.154079,-0.167593,0.206008,0.486750,0.498008,0.869583,-1.359733,78.980080,252
instrument,futures,NQ,10,fixed,1y,251,-2.102468,-2.193801,-0.327804,-0.340523,0.182041,0.370582,0.472000,0.691863,-2.189444,94.752000,252
instrument,futures,NQ,10,fixed,IS,1232,0.567129,0.520714,0.118726,0.105751,0.255900,0.281758,0.531532,1.097057,1.151341,57.523964,252
instrument,futures,NQ,10,fixed,OOS,529,-0.952327,-1.026493,-0.209570,-0.223334,0.221849,0.486750,0.498106,0.827624,-1.487249,86.863636,252
instrument,futures,NQ,10,fixed,full,1761,0.155003,0.100737,0.007873,-0.005581,0.246325,0.486750,0.521714,1.018260,0.266298,66.293182,252
instrument,futures,NQ,10,vol,5y,1257,-0.368241,-0.436982,-0.069939,-0.080601,0.162131,0.480385,0.504777,0.928650,-0.975959,57.089957,252
instrument,futures,NQ,10,vol,3y,754,-0.938398,-1.017832,-0.153847,-0.165611,0.164478,0.480385,0.498008,0.839116,-1.760604,68.750809,252
instrument,futures,NQ,10,vol,1y,251,-2.059926,-2.153345,-0.298242,-0.310692,0.166232,0.354032,0.472000,0.697731,-2.149069,88.602315,252
instrument,futures,NQ,10,vol,IS,1232,0.590898,0.536042,0.083847,0.074770,0.157722,0.192504,0.534586,1.097058,1.185233,41.658166,252
instrument,futures,NQ,10,vol,OOS,529,-1.287577,-1.367028,-0.206937,-0.218594,0.169757,0.480385,0.498106,0.783264,-1.980638,73.332008,252
instrument,futures,NQ,10,vol,full,1761,-0.002118,-0.065347,-0.013230,-0.023373,0.161642,0.480385,0.523529,0.988707,-0.172744,51.138544,252
instrument,futures,NQ,20,fixed,5y,1257,0.097334,0.056406,-0.004115,-0.013511,0.230234,0.261946,0.503185,1.009582,0.125978,46.949045,252
instrument,futures,NQ,20,fixed,3y,754,-0.030242,-0.081512,-0.027085,-0.037390,0.205746,0.261946,0.511288,0.986552,-0.140997,52.876494,252
instrument,futures,NQ,20,fixed,1y,251,-0.549119,-0.619935,-0.110304,-0.122109,0.182985,0.199825,0.488000,0.901940,-0.618704,66.528000,252
instrument,futures,NQ,20,fixed,IS,1232,0.361936,0.331961,0.061573,0.053542,0.254827,0.265214,0.519405,1.061117,0.733994,37.462226,252
instrument,futures,NQ,20,fixed,OOS,529,0.197502,0.149883,0.019168,0.008456,0.221686,0.202817,0.528409,1.026420,0.217160,52.500000,252
instrument,futures,NQ,20,fixed,full,1761,0.316687,0.281969,0.048653,0.039791,0.245284,0.281844,0.522414,1.052099,0.745385,41.952273,252
instrument,futures,NQ,20,vol,5y,1257,-0.049393,-0.099565,-0.020817,-0.028819,0.161852,0.217907,0.503185,0.982998,-0.222369,40.732612,252
instrument,futures,NQ,20,vol,3y,754,-0.164622,-0.224000,-0.039652,-0.049112,0.164341,0.217907,0.511288,0.962995,-0.387466,49.203680,252
instrument,futures,NQ,20,vol,1y,251,-0.497011,-0.574139,-0.092112,-0.104064,0.167034,0.178046,0.488000,0.909043,-0.572999,65.793099,252
instrument,futures,NQ,20,vol,IS,1232,0.396048,0.358980,0.051179,0.045143,0.157570,0.212195,0.520922,1.064015,0.793734,28.551073,252
instrument,futures,NQ,20,vol,OOS,529,0.047587,-0.009322,-0.006321,-0.015929,0.169831,0.178046,0.528409,0.996785,-0.013507,48.311341,252
instrument,futures,NQ,20,vol,full,1761,0.285724,0.242371,0.033565,0.026409,0.161311,0.222582,0.523529,1.043144,0.640707,34.464826,252
instrument,futures,NQ,40,fixed,5y,1257,0.333117,0.306153,0.051289,0.044822,0.230100,0.366623,0.521497,1.054430,0.683764,30.496815,252
instrument,futures,NQ,40,fixed,3y,754,0.443025,0.413760,0.072191,0.065838,0.205553,0.186510,0.527224,1.078207,0.715704,29.450199,252
instrument,futures,NQ,40,fixed,1y,251,0.928456,0.891731,0.164810,0.157291,0.182546,0.134373,0.556000,1.162829,0.889960,32.256000,252
instrument,futures,NQ,40,fixed,IS,1232,0.024110,-0.004876,-0.025507,-0.032717,0.252960,0.458201,0.520571,0.999149,-0.010781,36.643379,252
instrument,futures,NQ,40,fixed,OOS,529,0.692804,0.667904,0.137107,0.130995,0.221360,0.175866,0.549242,1.128583,0.967703,26.727273,252
instrument,futures,NQ,40,fixed,full,1761,0.206459,0.178576,0.020733,0.013801,0.243874,0.458201,0.529651,1.032967,0.472067,33.647727,252
instrument,futures,NQ,40,vol,5y,1257,0.469320,0.438040,0.064691,0.059413,0.161669,0.186628,0.521497,1.076274,0.978320,24.642109,252
instrument,futures,NQ,40,vol,3y,754,0.430368,0.397223,0.058720,0.053051,0.164132,0.159119,0.527224,1.072626,0.687099,26.663221,252
instrument,futures,NQ,40,vol,1y,251,0.979806,0.940996,0.160703,0.153475,0.166512,0.118391,0.556000,1.170994,0.939127,30.914218,252
instrument,futures,NQ,40,vol,IS,1232,0.258028,0.224743,0.028600,0.023252,0.157583,0.274604,0.522630,1.039632,0.496925,25.825802,252
instrument,futures,NQ,40,vol,OOS,529,0.697228,0.668642,0.109177,0.103946,0.169473,0.159119,0.549242,1.124210,0.968771,23.499417,252
instrument,futures,NQ,40,vol,full,1761,0.396696,0.364838,0.052170,0.046852,0.161214,0.274604,0.531176,1.065657,0.964448,25.115107,252
instrument,futures,NQ,60,fixed,5y,1257,0.320363,0.301202,0.048204,0.043617,0.230015,0.298065,0.533439,1.053524,0.672705,21.668790,252
instrument,futures,NQ,60,fixed,3y,754,0.044819,0.021352,-0.011978,-0.016778,0.205607,0.298065,0.520584,1.004920,0.036933,24.095618,252
instrument,futures,NQ,60,fixed,1y,251,0.465252,0.429171,0.070633,0.063705,0.182849,0.189985,0.528000,1.075728,0.428318,32.256000,252
instrument,futures,NQ,60,fixed,IS,1232,0.329294,0.312257,0.052495,0.048002,0.252213,0.362822,0.543980,1.058491,0.690425,21.085297,252
instrument,futures,NQ,60,fixed,OOS,529,-0.056028,-0.080039,-0.036455,-0.041641,0.221582,0.295675,0.528409,0.984128,-0.115966,26.727273,252
instrument,futures,NQ,60,fixed,full,1761,0.223436,0.204502,0.024945,0.020227,0.243370,0.362822,0.539412,1.038045,0.540601,22.765909,252
instrument,futures,NQ,60,vol,5y,1257,0.378799,0.355013,0.049253,0.045276,0.161624,0.214908,0.533439,1.061304,0.792888,18.834256,252
instrument,futures,NQ,60,vol,3y,754,0.143310,0.116188,0.010075,0.005581,0.164178,0.214908,0.520584,1.021563,0.200978,22.107484,252
instrument,futures,NQ,60,vol,1y,251,0.500296,0.460444,0.071889,0.064909,0.166828,0.174402,0.528000,1.080512,0.459529,32.270134,252
instrument,futures,NQ,60,vol,IS,1232,0.533468,0.511708,0.074088,0.070497,0.157389,0.206595,0.543980,1.092468,1.131430,16.603047,252
instrument,futures,NQ,60,vol,OOS,529,0.054865,0.026825,-0.005092,-0.009844,0.169674,0.214908,0.528409,1.003194,0.038866,23.756493,252
instrument,futures,NQ,60,vol,full,1761,0.381901,0.358135,0.049662,0.045701,0.161144,0.214908,0.539412,1.064405,0.946730,18.741542,252
instrument,futures,NQ,120,fixed,5y,1257,0.313337,0.299847,0.046488,0.043266,0.229627,0.347010,0.541833,1.053340,0.669679,15.248408,252
instrument,futures,NQ,120,fixed,3y,754,0.428782,0.416706,0.068888,0.066284,0.204834,0.347010,0.550532,1.078947,0.720800,12.047809,252
instrument,futures,NQ,120,fixed,1y,251,1.213370,1.208402,0.226572,0.225569,0.182109,0.100347,0.560000,1.226417,1.206002,4.032000,252
instrument,futures,NQ,120,fixed,IS,1232,0.210655,0.201151,0.021275,0.018828,0.250871,0.574427,0.553555,1.038133,0.444761,11.668562,252
instrument,futures,NQ,120,fixed,OOS,529,0.079547,0.063936,-0.007012,-0.010458,0.220749,0.347010,0.546490,1.010506,0.092635,17.181818,252
instrument,futures,NQ,120,fixed,full,1761,0.174460,0.163298,0.012694,0.009941,0.242156,0.574427,0.551556,1.030787,0.431679,13.315909,252
instrument,futures,NQ,120,vol,5y,1257,0.553295,0.539753,0.079119,0.076802,0.161266,0.208416,0.541833,1.094966,1.205486,10.689447,252
instrument,futures,NQ,120,vol,3y,754,0.641551,0.630174,0.095787,0.093790,0.163576,0.208416,0.550532,1.117105,1.090049,9.066624,252
instrument,futures,NQ,120,vol,1y,251,1.193849,1.184638,0.202535,0.200797,0.166180,0.095754,0.560000,1.219660,1.182285,6.948132,252
instrument,futures,NQ,120,vol,IS,1232,0.520173,0.509533,0.071106,0.069369,0.155426,0.320591,0.553555,1.094626,1.126620,8.056478,252
instrument,futures,NQ,120,vol,OOS,529,0.328391,0.314217,0.042016,0.039540,0.169080,0.208416,0.546490,1.055821,0.455258,11.825766,252
instrument,futures,NQ,120,vol,full,1761,0.458898,0.447134,0.062283,0.060319,0.159604,0.320591,0.551556,1.082657,1.182000,9.184581,252
instrument,futures,NQ,180,fixed,5y,1257,0.801877,0.795227,0.170638,0.168922,0.229633,0.335323,0.560510,1.148152,1.776063,7.222930,252
instrument,futures,NQ,180,fixed,3y,754,1.256898,1.255336,0.266239,0.265890,0.204732,0.173584,0.571049,1.254288,2.171428,1.338645,252
instrument,futures,NQ,180,fixed,1y,251,1.539336,1.539336,0.300942,0.300942,0.181703,0.118905,0.572000,1.296698,1.536279,0.000000,252
instrument,futures,NQ,180,fixed,IS,1232,0.877003,0.870101,0.184971,0.183246,0.221750,0.335323,0.568982,1.171887,1.923866,7.164907,252
instrument,futures,NQ,180,fixed,OOS,529,1.174182,1.172163,0.264227,0.263730,0.220767,0.173584,0.575758,1.237978,1.698305,1.909091,252
instrument,futures,NQ,180,fixed,full,1761,0.966251,0.960793,0.208242,0.206869,0.221401,0.335323,0.571519,1.191653,2.539856,5.584091,252
instrument,futures,NQ,180,vol,5y,1257,0.873383,0.864644,0.136260,0.134706,0.161271,0.217611,0.560510,1.156562,1.931099,6.800783,252
instrument,futures,NQ,180,vol,3y,754,1.131895,1.127250,0.187222,0.186353,0.163538,0.136996,0.571049,1.217716,1.949871,3.646826,252
instrument,futures,NQ,180,vol,1y,251,1.447840,1.443230,0.253971,0.253035,0.165891,0.119815,0.572000,1.273610,1.440364,3.493987,252
instrument,futures,NQ,180,vol,IS,1232,0.946462,0.937611,0.129340,0.128003,0.138775,0.217611,0.568982,1.181220,2.073135,5.891706,252
instrument,futures,NQ,180,vol,OOS,529,1.004139,0.999074,0.168113,0.167149,0.169117,0.136996,0.575758,1.192158,1.447522,4.096396,252
instrument,futures,NQ,180,vol,full,1761,0.962317,0.954801,0.140850,0.139622,0.148497,0.217611,0.571519,1.185557,2.524018,5.351660,252
instrument,futures,NQ,250,fixed,5y,1257,0.407849,0.403459,0.069447,0.068388,0.229860,0.344193,0.551752,1.072457,0.901088,4.815287,252
instrument,futures,NQ,250,fixed,3y,754,0.861921,0.860120,0.168137,0.167793,0.205148,0.344193,0.568393,1.168291,1.487800,1.338645,252
instrument,futures,NQ,250,fixed,1y,251,1.539336,1.539336,0.300942,0.300942,0.181703,0.118905,0.572000,1.296698,1.536279,0.000000,252
instrument,futures,NQ,250,fixed,IS,1232,0.535732,0.531459,0.094049,0.093096,0.208406,0.335353,0.549439,1.104947,1.175100,4.298944,252
instrument,futures,NQ,250,fixed,OOS,529,0.652730,0.650547,0.126956,0.126484,0.221285,0.344193,0.571970,1.125073,0.942554,1.909091,252
instrument,futures,NQ,250,fixed,full,1761,0.572306,0.568695,0.103832,0.103020,0.212296,0.344193,0.557616,1.111767,1.503346,3.579545,252
instrument,futures,NQ,250,vol,5y,1257,0.561273,0.554505,0.080579,0.079422,0.161408,0.216701,0.551752,1.097614,1.238434,5.321964,252
instrument,futures,NQ,250,vol,3y,754,0.867465,0.862854,0.137138,0.136318,0.163729,0.214600,0.568393,1.163024,1.492529,3.575067,252
instrument,futures,NQ,250,vol,1y,251,1.447840,1.443230,0.253971,0.253035,0.165891,0.119815,0.572000,1.273610,1.440364,3.493987,252
instrument,futures,NQ,250,vol,IS,1232,0.687503,0.681072,0.088444,0.087504,0.136973,0.216701,0.549439,1.132565,1.505907,4.303830,252
instrument,futures,NQ,250,vol,OOS,529,0.640144,0.635185,0.098511,0.097622,0.169344,0.214600,0.571970,1.117566,0.920297,3.994058,252
instrument,futures,NQ,250,vol,full,1761,0.667901,0.662002,0.091458,0.090533,0.147397,0.216701,0.557616,1.127832,1.750003,4.210347,252
instrument,futures,NQ,composite,fixed,5y,1257,0.371552,0.346636,0.051027,0.046446,0.176107,0.184102,0.547032,1.071544,0.774177,21.769108,252
instrument,futures,NQ,composite,fixed,3y,754,0.421328,0.393065,0.055544,0.050846,0.158812,0.184102,0.556222,1.083997,0.679907,22.254980,252
instrument,futures,NQ,composite,fixed,1y,251,0.822599,0.787296,0.116731,0.111012,0.147593,0.124806,0.558952,1.155318,0.785732,25.704000,252
instrument,futures,NQ,composite,fixed,IS,1232,0.588810,0.569004,0.085559,0.082129,0.161749,0.156820,0.545561,1.128574,1.258116,15.762794,252
instrument,futures,NQ,composite,fixed,OOS,529,0.284127,0.255650,0.034115,0.029131,0.170099,0.184102,0.564211,1.052029,0.370402,24.102273,252
instrument,futures,NQ,composite,fixed,full,1761,0.494032,0.471520,0.069842,0.065928,0.164259,0.184102,0.552553,1.104206,1.246463,18.255682,252
instrument,futures,NQ,composite,vol,5y,1257,0.456952,0.428381,0.051344,0.047552,0.127519,0.143967,0.547032,1.085325,0.956748,18.022030,252
instrument,futures,NQ,composite,vol,3y,754,0.461567,0.430756,0.053490,0.049250,0.131921,0.143967,0.556222,1.089711,0.745104,20.131953,252
instrument,futures,NQ,composite,vol,1y,251,0.795281,0.756268,0.105384,0.099531,0.138122,0.118438,0.558952,1.149107,0.754766,26.332866,252
instrument,futures,NQ,composite,vol,IS,1232,0.666260,0.643397,0.068314,0.065723,0.108027,0.112076,0.545561,1.140909,1.422605,12.112621,252
instrument,futures,NQ,composite,vol,OOS,529,0.332859,0.301741,0.036629,0.032267,0.136208,0.143967,0.564211,1.059786,0.437182,21.048362,252
instrument,futures,NQ,composite,vol,full,1761,0.545995,0.520370,0.058696,0.055561,0.117169,0.143967,0.552553,1.111980,1.375598,14.788356,252
instrument,futures,NQ,buyhold,long1x,5y,1257,0.726374,0.726374,0.150775,0.150775,0.229581,0.352760,0.545382,1.134455,1.622287,0.000000,252
instrument,futures,NQ,buyhold,long1x,3y,754,1.195380,1.195380,0.250846,0.250846,0.204752,0.225017,0.569721,1.240803,2.067718,0.000000,252
instrument,futures,NQ,buyhold,long1x,1y,251,1.539336,1.539336,0.300942,0.300942,0.181703,0.118905,0.572000,1.296698,1.536279,0.000000,252
instrument,futures,NQ,buyhold,long1x,IS,1232,0.836356,0.836356,0.198109,0.198109,0.255253,0.352760,0.553209,1.159861,1.849254,0.000000,252
instrument,futures,NQ,buyhold,long1x,OOS,529,1.092936,1.092936,0.242378,0.242378,0.220793,0.225017,0.573864,1.220077,1.583515,0.000000,252
instrument,futures,NQ,buyhold,long1x,full,1761,0.904190,0.904190,0.211239,0.211239,0.245349,0.352760,0.559659,1.175867,2.390227,0.000000,252
instrument,futures,YM,10,fixed,5y,1257,0.263897,0.168333,0.028787,0.014098,0.151316,0.230819,0.514331,1.029145,0.375955,71.426752,252
instrument,futures,YM,10,fixed,3y,754,0.307191,0.207246,0.033602,0.019363,0.140026,0.230819,0.512616,1.035278,0.358486,68.940239,252
instrument,futures,YM,10,fixed,1y,251,-0.629254,-0.733522,-0.082636,-0.095182,0.125616,0.205012,0.472000,0.890369,-0.732065,68.544000,252
instrument,futures,YM,10,fixed,IS,1232,0.392815,0.326428,0.061766,0.047359,0.207466,0.297986,0.517609,1.068331,0.721761,67.759545,252
instrument,futures,YM,10,fixed,OOS,529,0.002503,-0.088213,-0.011251,-0.025019,0.153357,0.230819,0.494318,0.981142,-0.127808,69.681818,252
instrument,futures,YM,10,fixed,full,1761,0.296444,0.224682,0.039283,0.025070,0.192785,0.297986,0.510857,1.045598,0.593946,68.297727,252
instrument,futures,YM,10,vol,5y,1257,0.160700,0.053222,0.012978,-0.004131,0.158498,0.315812,0.514331,1.008072,0.118867,84.531372,252
instrument,futures,YM,10,vol,3y,754,0.209409,0.099076,0.020917,0.002961,0.161256,0.315812,0.512616,1.014458,0.171378,88.031223,252
instrument,futures,YM,10,vol,1y,251,-0.788486,-0.897398,-0.123075,-0.138459,0.153014,0.256459,0.472000,0.864658,-0.895615,87.711191,252
instrument,futures,YM,10,vol,IS,1232,0.342237,0.246455,0.042251,0.026797,0.157460,0.205981,0.515798,1.044771,0.544932,74.150482,252
instrument,futures,YM,10,vol,OOS,529,-0.180571,-0.276741,-0.041741,-0.056996,0.163596,0.315812,0.494318,0.948842,-0.400960,79.624202,252
instrument,futures,YM,10,vol,full,1761,0.181027,0.085055,0.016275,0.000872,0.159300,0.315812,0.509412,1.015192,0.224842,75.751271,252
instrument,futures,YM,20,fixed,5y,1257,0.341421,0.288906,0.040878,0.032743,0.151046,0.194486,0.519904,1.052647,0.645243,38.923567,252
instrument,futures,YM,20,fixed,3y,754,0.636857,0.585163,0.082131,0.074573,0.139625,0.169619,0.525896,1.113231,1.012191,34.804781,252
instrument,futures,YM,20,fixed,1y,251,0.276813,0.204915,0.027136,0.018015,0.125487,0.104182,0.524000,1.039634,0.204508,44.352000,252
instrument,futures,YM,20,fixed,IS,1232,0.089489,0.049909,-0.002769,-0.010937,0.206591,0.465512,0.516928,1.010245,0.110353,40.737612,252
instrument,futures,YM,20,fixed,OOS,529,0.416720,0.368216,0.053282,0.045614,0.153015,0.118354,0.520833,1.072266,0.533496,36.272727,252
instrument,futures,YM,20,fixed,full,1761,0.167038,0.125699,0.013748,0.005721,0.192035,0.465512,0.517816,1.025368,0.332285,39.375000,252
instrument,futures,YM,20,vol,5y,1257,0.297923,0.235341,0.035138,0.025025,0.158170,0.219183,0.519904,1.041755,0.525611,48.674296,252
instrument,futures,YM,20,vol,3y,754,0.590653,0.527580,0.085207,0.074538,0.160764,0.219183,0.525896,1.098064,0.912586,48.985045,252
instrument,futures,YM,20,vol,1y,251,0.149508,0.070725,0.011247,-0.000874,0.153013,0.139403,0.524000,1.014533,0.070585,59.588724,252
instrument,futures,YM,20,vol,IS,1232,0.170685,0.111696,0.014605,0.005242,0.157289,0.325780,0.516652,1.020091,0.246969,45.940864,252
instrument,futures,YM,20,vol,OOS,529,0.297776,0.239219,0.035848,0.026073,0.163270,0.148605,0.520833,1.046992,0.346596,47.009532,252
instrument,futures,YM,20,vol,full,1761,0.209896,0.151032,0.020940,0.011455,0.159064,0.325780,0.517647,1.027130,0.399253,46.236165,252
instrument,futures,YM,40,fixed,5y,1257,-0.237321,-0.295598,-0.046019,-0.054535,0.151033,0.407379,0.507166,0.950259,-0.660189,44.541401,252
instrument,futures,YM,40,fixed,3y,754,0.490894,0.441820,0.060386,0.053273,0.139591,0.192508,0.523240,1.085027,0.764242,33.466135,252
instrument,futures,YM,40,fixed,1y,251,1.054228,1.026985,0.131502,0.127849,0.124730,0.087494,0.548000,1.190935,1.024946,16.128000,252
instrument,futures,YM,40,fixed,IS,1232,0.084519,0.047434,-0.003581,-0.011147,0.204670,0.380082,0.516373,1.009873,0.104880,37.871649,252
instrument,futures,YM,40,fixed,OOS,529,0.374781,0.327817,0.046566,0.039158,0.152945,0.192508,0.513258,1.057932,0.474962,35.318182,252
instrument,futures,YM,40,fixed,full,1761,0.153794,0.114671,0.011225,0.003703,0.190573,0.410247,0.515698,1.023344,0.303133,37.084091,252
instrument,futures,YM,40,vol,5y,1257,-0.246551,-0.311826,-0.049994,-0.059943,0.158108,0.437893,0.507166,0.949418,-0.696433,52.266322,252
instrument,futures,YM,40,vol,3y,754,0.516771,0.463556,0.072453,0.063481,0.160594,0.225785,0.523240,1.086034,0.801840,41.737368,252
instrument,futures,YM,40,vol,1y,251,1.104832,1.074450,0.168979,0.163840,0.151967,0.090006,0.548000,1.197489,1.072316,21.714017,252
instrument,futures,YM,40,vol,IS,1232,0.104520,0.049641,0.004118,-0.004527,0.157144,0.432495,0.521776,1.008904,0.109759,42.934364,252
instrument,futures,YM,40,vol,OOS,529,0.371163,0.322297,0.048284,0.040051,0.163064,0.225785,0.513258,1.054311,0.466964,39.169726,252
instrument,futures,YM,40,vol,full,1761,0.186740,0.133696,0.017186,0.008660,0.158904,0.442097,0.519412,1.023981,0.353424,41.781382,252
instrument,futures,YM,60,fixed,5y,1257,-0.239538,-0.281468,-0.046346,-0.052497,0.150969,0.349795,0.508758,0.951215,-0.628631,32.101911,252
instrument,futures,YM,60,fixed,3y,754,0.226721,0.186052,0.022092,0.016330,0.139577,0.187519,0.516600,1.036410,0.321826,28.111554,252
instrument,futures,YM,60,fixed,1y,251,0.784206,0.757516,0.094183,0.090653,0.124829,0.103754,0.540000,1.138936,0.756012,16.128000,252
instrument,futures,YM,60,fixed,IS,1232,0.023636,0.002982,-0.015862,-0.020046,0.204270,0.436414,0.526046,1.000662,0.006593,21.085297,252
instrument,futures,YM,60,fixed,OOS,529,0.075533,0.033023,-0.000155,-0.006656,0.152925,0.145803,0.509470,1.009321,0.047846,31.500000,252
instrument,futures,YM,60,fixed,full,1761,0.035980,0.010213,-0.011170,-0.016043,0.190264,0.460893,0.520588,1.002098,0.026998,24.484091,252
instrument,futures,YM,60,vol,5y,1257,-0.139747,-0.188345,-0.033873,-0.041390,0.158045,0.348810,0.508758,0.967601,-0.420650,38.733706,252
instrument,futures,YM,60,vol,3y,754,0.324838,0.277501,0.039995,0.032178,0.160590,0.230621,0.516600,1.051762,0.480010,37.488807,252
instrument,futures,YM,60,vol,1y,251,0.893703,0.865158,0.132247,0.127476,0.152029,0.106120,0.540000,1.156652,0.863440,20.843904,252
instrument,futures,YM,60,vol,IS,1232,0.189043,0.156153,0.017500,0.012268,0.157049,0.323973,0.526046,1.028188,0.345267,25.532072,252
instrument,futures,YM,60,vol,OOS,529,0.173725,0.124005,0.015154,0.006960,0.163076,0.170767,0.509470,1.026263,0.179667,38.985696,252
instrument,futures,YM,60,vol,full,1761,0.184347,0.146260,0.016795,0.010670,0.158837,0.348810,0.520588,1.026264,0.386638,29.944574,252
instrument,futures,YM,120,fixed,5y,1257,0.096116,0.068315,0.003129,-0.001085,0.150886,0.241203,0.519108,1.011292,0.152575,20.866242,252
instrument,futures,YM,120,fixed,3y,754,0.269587,0.242239,0.028219,0.024338,0.139573,0.241203,0.525896,1.047079,0.419015,18.071713,252
instrument,futures,YM,120,fixed,1y,251,0.963886,0.936473,0.118901,0.115284,0.124816,0.093126,0.536000,1.173203,0.934613,16.128000,252
instrument,futures,YM,120,fixed,IS,1232,0.001585,-0.012318,-0.020025,-0.022813,0.203051,0.401231,0.522952,0.997424,-0.027236,14.125102,252
instrument,futures,YM,120,fixed,OOS,529,0.139830,0.114656,0.009715,0.005832,0.152900,0.241203,0.515152,1.024134,0.166121,19.090909,252
instrument,futures,YM,120,fixed,full,1761,0.035077,0.018572,-0.011184,-0.014295,0.189344,0.401231,0.520122,1.003856,0.049094,15.606818,252
instrument,futures,YM,120,vol,5y,1257,0.200914,0.167886,0.019434,0.014143,0.157910,0.241920,0.519108,1.027859,0.374957,25.795738,252
instrument,futures,YM,120,vol,3y,754,0.419523,0.387213,0.055895,0.050520,0.160542,0.222972,0.525896,1.072025,0.669784,24.401510,252
instrument,futures,YM,120,vol,1y,251,0.932464,0.901466,0.138921,0.133781,0.152096,0.109379,0.536000,1.163673,0.899676,22.284104,252
instrument,futures,YM,120,vol,IS,1232,0.144631,0.119958,0.010450,0.006590,0.154986,0.241920,0.522952,1.022166,0.265238,18.972823,252
instrument,futures,YM,120,vol,OOS,529,0.359270,0.331463,0.046271,0.041596,0.162934,0.222972,0.515152,1.064133,0.480244,22.211710,252
instrument,futures,YM,120,vol,full,1761,0.211379,0.185740,0.021080,0.016981,0.157373,0.241920,0.520122,1.034062,0.491003,19.934513,252
instrument,futures,YM,180,fixed,5y,1257,0.399760,0.371369,0.050047,0.045633,0.150866,0.243441,0.527070,1.066437,0.829417,20.866242,252
instrument,futures,YM,180,fixed,3y,754,0.996043,0.974928,0.137427,0.134348,0.139315,0.143118,0.543161,1.194024,1.686389,13.386454,252
instrument,futures,YM,180,fixed,1y,251,1.476045,1.462196,0.192100,0.190176,0.124370,0.096453,0.540000,1.279792,1.459292,8.064000,252
instrument,futures,YM,180,fixed,IS,1232,-0.294500,-0.321628,-0.057694,-0.061843,0.159057,0.378135,0.518554,0.939851,-0.711147,21.904143,252
instrument,futures,YM,180,fixed,OOS,529,0.955885,0.939160,0.143347,0.140687,0.152636,0.143118,0.532197,1.189551,1.360715,11.454545,252
instrument,futures,YM,180,fixed,full,1761,0.070209,0.046257,-0.001332,-0.005106,0.157213,0.378135,0.522785,1.008832,0.122280,18.756818,252
instrument,futures,YM,180,vol,5y,1257,0.468895,0.437622,0.063384,0.058231,0.157800,0.233901,0.527070,1.075984,0.977387,24.114596,252
instrument,futures,YM,180,vol,3y,754,0.967412,0.941923,0.152504,0.148023,0.160208,0.133525,0.543161,1.179304,1.629298,19.324300,252
instrument,futures,YM,180,vol,1y,251,1.400461,1.380651,0.222259,0.218729,0.151613,0.113330,0.540000,1.259592,1.377909,14.213935,252
instrument,futures,YM,180,vol,IS,1232,0.141072,0.106790,0.009986,0.005293,0.135894,0.233901,0.518554,1.019458,0.236122,23.144386,252
instrument,futures,YM,180,vol,OOS,529,0.950364,0.933122,0.151593,0.148504,0.162565,0.133525,0.532197,1.183175,1.351967,13.334288,252
instrument,futures,YM,180,vol,full,1761,0.414332,0.385795,0.050590,0.046328,0.144431,0.233901,0.522785,1.071648,1.019848,20.189010,252
instrument,futures,YM,250,fixed,5y,1257,0.105187,0.093371,0.004468,0.002671,0.150794,0.298608,0.518312,1.015754,0.208535,8.828025,252
instrument,futures,YM,250,fixed,3y,754,0.647097,0.640379,0.083624,0.082722,0.139412,0.269717,0.541833,1.124487,1.107701,4.015936,252
instrument,futures,YM,250,fixed,1y,251,1.476830,1.476830,0.192216,0.192216,0.124291,0.096453,0.544000,1.282902,1.473897,0.000000,252
instrument,futures,YM,250,fixed,IS,1232,0.078346,0.063747,0.001615,-0.000327,0.132395,0.296971,0.521916,1.012272,0.140950,9.621446,252
instrument,futures,YM,250,fixed,OOS,529,0.496868,0.491115,0.066164,0.065312,0.152794,0.269717,0.530303,1.096593,0.711559,3.818182,252
instrument,futures,YM,250,fixed,full,1761,0.216529,0.204933,0.020583,0.018954,0.138807,0.298608,0.524503,1.039239,0.541740,7.875000,252
instrument,futures,YM,250,vol,5y,1257,0.213643,0.197565,0.021465,0.018884,0.157733,0.317634,0.518312,1.033066,0.441242,12.556291,252
instrument,futures,YM,250,vol,3y,754,0.710581,0.700144,0.106191,0.104424,0.160247,0.233720,0.541833,1.131238,1.211079,7.895439,252
instrument,futures,YM,250,vol,1y,251,1.395946,1.390366,0.221429,0.220395,0.151527,0.113330,0.544000,1.261630,1.387604,4.008818,252
instrument,futures,YM,250,vol,IS,1232,0.124744,0.105815,0.007767,0.005219,0.133676,0.317634,0.521916,1.019919,0.233966,12.577299,252
instrument,futures,YM,250,vol,OOS,529,0.605095,0.597024,0.088867,0.087489,0.162696,0.233720,0.530303,1.115138,0.865006,6.252475,252
instrument,futures,YM,250,vol,full,1761,0.288448,0.273274,0.031473,0.029256,0.142986,0.317634,0.524503,1.051348,0.722401,10.673510,252
instrument,futures,YM,composite,fixed,5y,1257,0.104107,0.059240,0.005389,0.000448,0.109781,0.175194,0.521698,1.013561,0.132308,24.578025,252
instrument,futures,YM,composite,fixed,3y,754,0.581597,0.540832,0.057849,0.053321,0.106668,0.125394,0.538344,1.119221,0.935509,21.250996,252
instrument,futures,YM,composite,fixed,1y,251,1.096847,1.057758,0.109659,0.105428,0.099436,0.049968,0.556522,1.208430,1.055657,19.152000,252
instrument,futures,YM,composite,fixed,IS,1232,0.137002,0.099385,0.008624,0.004947,0.097226,0.175194,0.531616,1.023348,0.219749,18.219334,252
instrument,futures,YM,composite,fixed,OOS,529,0.372812,0.332820,0.036993,0.032245,0.115650,0.125394,0.527149,1.077052,0.482211,22.670455,252
instrument,futures,YM,composite,fixed,full,1761,0.216060,0.177757,0.017064,0.013070,0.103077,0.175194,0.529684,1.039967,0.469901,19.615909,252
instrument,futures,YM,composite,vol,5y,1257,0.191850,0.141908,0.015762,0.009816,0.117776,0.197770,0.521698,1.028983,0.316938,29.284467,252
instrument,futures,YM,composite,vol,3y,754,0.650744,0.604985,0.076775,0.070664,0.126011,0.115536,0.538344,1.127740,1.046478,28.192927,252
instrument,futures,YM,composite,vol,1y,251,1.037326,0.995385,0.127822,0.122104,0.123395,0.061666,0.556522,1.193369,0.993408,25.219024,252
instrument,futures,YM,composite,vol,IS,1232,0.156259,0.113308,0.010687,0.006350,0.100307,0.197770,0.531616,1.025752,0.250534,21.448423,252
instrument,futures,YM,composite,vol,OOS,529,0.460364,0.416606,0.051619,0.045846,0.126970,0.110723,0.527149,1.092850,0.603606,27.154003,252
instrument,futures,YM,composite,vol,full,1761,0.261767,0.218782,0.022813,0.018055,0.108973,0.197770,0.529684,1.047543,0.578350,23.246244,252
instrument,futures,YM,buyhold,long1x,5y,1257,0.659423,0.659423,0.091905,0.091905,0.150500,0.214697,0.523089,1.121617,1.472758,0.000000,252
instrument,futures,YM,buyhold,long1x,3y,754,1.147404,1.147404,0.161585,0.161585,0.138956,0.160599,0.543161,1.231499,1.984731,0.000000,252
instrument,futures,YM,buyhold,long1x,1y,251,1.476830,1.476830,0.192216,0.192216,0.124291,0.096453,0.544000,1.282902,1.473897,0.000000,252
instrument,futures,YM,buyhold,long1x,IS,1232,0.479203,0.479203,0.080704,0.080704,0.206930,0.373472,0.538587,1.101765,1.059558,0.000000,252
instrument,futures,YM,buyhold,long1x,OOS,529,1.048099,1.048099,0.159574,0.159574,0.152301,0.160599,0.530303,1.213160,1.518552,0.000000,252
instrument,futures,YM,buyhold,long1x,full,1761,0.610675,0.610675,0.103815,0.103815,0.192124,0.373472,0.535795,1.128775,1.614320,0.000000,252
instrument,futures,RTY,10,fixed,5y,1257,0.056776,-0.005880,-0.012688,-0.026770,0.227208,0.327303,0.500796,0.997685,-0.013132,71.025478,252
instrument,futures,RTY,10,fixed,3y,754,0.018342,-0.047167,-0.018698,-0.032543,0.214498,0.327303,0.494024,0.995240,-0.081588,69.609562,252
instrument,futures,RTY,10,fixed,1y,251,-1.121784,-1.194204,-0.210944,-0.223058,0.195301,0.272455,0.484000,0.826998,-1.191832,76.608000,252
instrument,futures,RTY,10,fixed,IS,1232,0.016919,-0.036164,-0.032367,-0.046594,0.275358,0.571683,0.499590,0.993656,-0.079961,73.082047,252
instrument,futures,RTY,10,fixed,OOS,529,-0.109798,-0.174735,-0.047469,-0.061326,0.221728,0.272455,0.486742,0.971130,-0.253168,72.545455,252
instrument,futures,RTY,10,fixed,full,1761,-0.015552,-0.071462,-0.036929,-0.051043,0.260350,0.571683,0.495423,0.987488,-0.188910,72.879545,252
instrument,futures,RTY,10,vol,5y,1257,0.021145,-0.045380,-0.008940,-0.019349,0.157544,0.266128,0.500796,0.990931,-0.101351,52.385327,252
instrument,futures,RTY,10,vol,3y,754,-0.036646,-0.105886,-0.018280,-0.029202,0.159748,0.266128,0.494024,0.985443,-0.183156,54.982199,252
instrument,futures,RTY,10,vol,1y,251,-1.172454,-1.246903,-0.174929,-0.185228,0.154652,0.223844,0.484000,0.817531,-1.244426,62.236544,252
instrument,futures,RTY,10,vol,IS,1232,0.260789,0.199851,0.029205,0.019362,0.158485,0.289068,0.502994,1.035369,0.441888,47.708414,252
instrument,futures,RTY,10,vol,OOS,529,-0.219616,-0.287926,-0.047229,-0.057931,0.161891,0.223844,0.486742,0.952219,-0.417166,56.072177,252
instrument,futures,RTY,10,vol,full,1761,0.114419,0.051142,0.005621,-0.004500,0.159485,0.304194,0.497644,1.008996,0.135194,50.191316,252
instrument,futures,RTY,20,fixed,5y,1257,-0.207761,-0.253572,-0.070130,-0.079959,0.226966,0.487080,0.503981,0.957821,-0.566330,52.566879,252
instrument,futures,RTY,20,fixed,3y,754,0.132876,0.087002,0.005554,-0.004321,0.214209,0.300342,0.507304,1.017891,0.150493,48.860558,252
instrument,futures,RTY,20,fixed,1y,251,0.116244,0.062426,0.003735,-0.006822,0.195452,0.195282,0.512000,1.013903,0.062302,52.416000,252
instrument,futures,RTY,20,fixed,IS,1232,-0.075392,-0.109740,-0.056220,-0.065215,0.274149,0.605696,0.503716,0.980563,-0.242645,47.288383,252
instrument,futures,RTY,20,fixed,OOS,529,0.090360,0.041973,-0.004439,-0.015119,0.221483,0.237738,0.505682,1.007794,0.060813,53.454545,252
instrument,futures,RTY,20,fixed,full,1761,-0.032589,-0.070376,-0.040955,-0.050440,0.259394,0.622037,0.504023,0.987593,-0.186038,49.111364,252
instrument,futures,RTY,20,vol,5y,1257,-0.171837,-0.221740,-0.038534,-0.046177,0.157364,0.347331,0.503981,0.962517,-0.495235,39.625369,252
instrument,futures,RTY,20,vol,3y,754,0.194865,0.145349,0.018527,0.010529,0.159490,0.214817,0.507304,1.028229,0.251418,39.160641,252
instrument,futures,RTY,20,vol,1y,251,0.076322,0.019488,-0.000087,-0.008887,0.154809,0.161115,0.512000,1.005867,0.019450,43.808341,252
instrument,futures,RTY,20,vol,IS,1232,0.050852,0.008335,-0.004390,-0.011112,0.158436,0.440763,0.505551,1.001475,0.018429,33.619339,252
instrument,futures,RTY,20,vol,OOS,529,0.140475,0.087560,0.009729,0.001118,0.161678,0.170534,0.505682,1.015932,0.126862,42.578677,252
instrument,futures,RTY,20,vol,full,1761,0.078172,0.032480,-0.000169,-0.007454,0.159371,0.449732,0.505294,1.005650,0.085861,36.288918,252
instrument,futures,RTY,40,fixed,5y,1257,-0.457991,-0.493859,-0.121349,-0.128740,0.226820,0.616987,0.497611,0.923161,-1.102987,41.732484,252
instrument,futures,RTY,40,fixed,3y,754,0.228121,0.195217,0.026240,0.019042,0.214094,0.311175,0.499336,1.030270,0.337678,34.804781,252
instrument,futures,RTY,40,fixed,1y,251,0.661475,0.644029,0.116118,0.112478,0.194906,0.130140,0.532000,1.114220,0.642750,16.128000,252
instrument,futures,RTY,40,fixed,IS,1232,-0.197817,-0.228952,-0.086583,-0.094455,0.272248,0.607478,0.502939,0.959397,-0.506232,42.784728,252
instrument,futures,RTY,40,fixed,OOS,529,0.343544,0.318009,0.052853,0.046967,0.221287,0.224557,0.509470,1.055318,0.460752,27.681818,252
instrument,futures,RTY,40,fixed,full,1761,-0.057557,-0.087097,-0.046758,-0.054107,0.257966,0.666248,0.505233,0.984539,-0.230242,38.229545,252
instrument,futures,RTY,40,vol,5y,1257,-0.387206,-0.425984,-0.070488,-0.076301,0.157260,0.449211,0.497611,0.933669,-0.951395,31.130439,252
instrument,futures,RTY,40,vol,3y,754,0.291309,0.255689,0.034277,0.028462,0.159384,0.208408,0.499336,1.040994,0.442280,27.991391,252
instrument,futures,RTY,40,vol,1y,251,0.633935,0.614062,0.089685,0.086455,0.154375,0.102104,0.532000,1.108720,0.612842,14.583795,252
instrument,futures,RTY,40,vol,IS,1232,-0.135772,-0.173291,-0.033355,-0.039168,0.158381,0.444140,0.503843,0.970511,-0.383162,29.939900,252
instrument,futures,RTY,40,vol,OOS,529,0.405632,0.377384,0.053837,0.049106,0.161491,0.160308,0.509470,1.066552,0.546778,22.337549,252
instrument,futures,RTY,40,vol,full,1761,0.029128,-0.005611,-0.007949,-0.013462,0.159296,0.491072,0.505882,0.999054,-0.014833,27.643064,252
instrument,futures,RTY,60,fixed,5y,1257,-0.252087,-0.284155,-0.079446,-0.086301,0.226848,0.472374,0.511146,0.955589,-0.634633,36.917197,252
instrument,futures,RTY,60,fixed,3y,754,0.213156,0.179073,0.022951,0.015515,0.214048,0.218231,0.511288,1.027465,0.309753,36.143426,252
instrument,futures,RTY,60,fixed,1y,251,0.322592,0.293283,0.044915,0.038999,0.195043,0.187374,0.516000,1.052541,0.292701,28.224000,252
instrument,futures,RTY,60,fixed,IS,1232,-0.031491,-0.050006,-0.044138,-0.049005,0.271329,0.473041,0.521776,0.990933,-0.110568,25.179529,252
instrument,futures,RTY,60,fixed,OOS,529,0.218039,0.179768,0.024054,0.015414,0.221357,0.204963,0.511364,1.031982,0.260459,41.045455,252
instrument,futures,RTY,60,fixed,full,1761,0.033076,0.009567,-0.024145,-0.030096,0.257282,0.523385,0.518235,1.001745,0.025289,30.211364,252
instrument,futures,RTY,60,vol,5y,1257,-0.213675,-0.249479,-0.044833,-0.050307,0.157282,0.338777,0.511146,0.961249,-0.557188,28.506348,252
instrument,futures,RTY,60,vol,3y,754,0.266450,0.228843,0.030193,0.024068,0.159369,0.159256,0.511288,1.036260,0.395844,29.636074,252
instrument,futures,RTY,60,vol,1y,251,0.269384,0.237607,0.030154,0.025135,0.154487,0.152587,0.516000,1.042399,0.237135,24.188823,252
instrument,futures,RTY,60,vol,IS,1232,0.064426,0.039911,-0.002281,-0.006167,0.158308,0.327712,0.521776,1.006961,0.088245,19.348571,252
instrument,futures,RTY,60,vol,OOS,529,0.310012,0.268407,0.037720,0.030815,0.161563,0.152587,0.511364,1.048308,0.388885,32.373095,252
instrument,futures,RTY,60,vol,full,1761,0.139261,0.109556,0.009571,0.004801,0.159250,0.364168,0.518235,1.019132,0.289611,23.494387,252
instrument,futures,RTY,120,fixed,5y,1257,-0.611668,-0.647303,-0.151356,-0.158491,0.226726,0.670121,0.496815,0.900109,-1.445689,41.732484,252
instrument,futures,RTY,120,fixed,3y,754,-0.247057,-0.274179,-0.072863,-0.078366,0.213999,0.410193,0.499336,0.952003,-0.474264,28.780876,252
instrument,futures,RTY,120,fixed,1y,251,1.172429,1.154608,0.232295,0.228293,0.194476,0.116984,0.568000,1.210475,1.152315,16.128000,252
instrument,futures,RTY,120,fixed,IS,1232,-0.481808,-0.507458,-0.153217,-0.159263,0.270171,0.672543,0.495950,0.909952,-1.122032,35.415110,252
instrument,futures,RTY,120,fixed,OOS,529,0.175924,0.158522,0.014575,0.010668,0.221178,0.273371,0.515152,1.028109,0.229677,19.090909,252
instrument,futures,RTY,120,fixed,full,1761,-0.309544,-0.332976,-0.105960,-0.111461,0.256425,0.720043,0.501829,0.941048,-0.880223,30.497727,252
instrument,futures,RTY,120,vol,5y,1257,-0.580846,-0.620742,-0.098284,-0.104150,0.157224,0.519043,0.496815,0.904115,-1.386369,32.373885,252
instrument,futures,RTY,120,vol,3y,754,-0.224473,-0.255870,-0.047214,-0.052073,0.159378,0.307375,0.499336,0.954568,-0.442594,24.854417,252
instrument,futures,RTY,120,vol,1y,251,1.043224,1.021868,0.160399,0.156769,0.154135,0.096795,0.568000,1.185326,1.019839,15.440102,252
instrument,futures,RTY,120,vol,IS,1232,-0.517080,-0.551184,-0.088947,-0.093988,0.156776,0.497165,0.495950,0.907097,-1.218714,27.518856,252
instrument,futures,RTY,120,vol,OOS,529,0.305451,0.284235,0.036954,0.033434,0.161436,0.174003,0.515152,1.051035,0.411817,16.889100,252
instrument,futures,RTY,120,vol,full,1761,-0.264737,-0.295027,-0.052824,-0.057457,0.158191,0.529340,0.501829,0.949559,-0.779904,24.315174,252
instrument,futures,RTY,180,fixed,5y,1257,-0.077552,-0.095900,-0.042306,-0.046326,0.226614,0.498040,0.507570,0.985693,-0.214183,20.866242,252
instrument,futures,RTY,180,fixed,3y,754,0.105419,0.091605,-0.000328,-0.003290,0.213809,0.408739,0.510638,1.012497,0.158454,14.725100,252
instrument,futures,RTY,180,fixed,1y,251,0.892128,0.877227,0.167198,0.163901,0.194582,0.116256,0.568000,1.148614,0.875485,14.112000,252
instrument,futures,RTY,180,fixed,IS,1232,-0.172164,-0.186543,-0.065778,-0.068969,0.234913,0.431463,0.500000,0.967269,-0.412461,16.991064,252
instrument,futures,RTY,180,fixed,OOS,529,-0.068143,-0.081890,-0.038707,-0.041663,0.221110,0.408739,0.515152,0.986657,-0.118647,15.272727,252
instrument,futures,RTY,180,fixed,full,1761,-0.142212,-0.156403,-0.057727,-0.060849,0.230792,0.522717,0.504750,0.972815,-0.413453,16.465909,252
instrument,futures,RTY,180,vol,5y,1257,-0.073682,-0.095548,-0.023604,-0.026981,0.157109,0.364108,0.507570,0.985993,-0.213397,17.236365,252
instrument,futures,RTY,180,vol,3y,754,0.089749,0.072606,0.001629,-0.001108,0.159202,0.307795,0.510638,1.009222,0.125591,13.618520,252
instrument,futures,RTY,180,vol,1y,251,0.702568,0.683978,0.101229,0.098127,0.154222,0.097354,0.568000,1.115577,0.682620,13.941745,252
instrument,futures,RTY,180,vol,IS,1232,-0.018428,-0.038120,-0.011882,-0.014567,0.137392,0.276265,0.500000,0.993428,-0.084286,13.547287,252
instrument,futures,RTY,180,vol,OOS,529,-0.011906,-0.029002,-0.014792,-0.017526,0.161403,0.307795,0.515152,0.995706,-0.042020,13.826355,252
instrument,futures,RTY,180,vol,full,1761,-0.016200,-0.034973,-0.012757,-0.015457,0.144976,0.364108,0.504750,0.993960,-0.092451,13.624190,252
instrument,futures,RTY,250,fixed,5y,1257,0.012645,-0.004378,-0.022450,-0.026246,0.226238,0.419187,0.496414,1.000665,-0.009779,19.261146,252
instrument,futures,RTY,250,fixed,3y,754,0.110293,0.086415,0.000718,-0.004410,0.213967,0.305779,0.504648,1.011552,0.149476,25.434263,252
instrument,futures,RTY,250,fixed,1y,251,1.085908,1.060293,0.211884,0.206027,0.194485,0.150160,0.552000,1.192007,1.058187,24.192000,252
instrument,futures,RTY,250,fixed,IS,1232,0.173257,0.162189,0.014600,0.012291,0.205445,0.367658,0.498980,1.029684,0.358613,11.259139,252
instrument,futures,RTY,250,fixed,OOS,529,0.348891,0.326097,0.054097,0.048830,0.221172,0.280506,0.515152,1.058011,0.472470,24.818182,252
instrument,futures,RTY,250,fixed,full,1761,0.228694,0.213940,0.026307,0.023132,0.210233,0.419187,0.504307,1.038660,0.565550,15.320455,252
instrument,futures,RTY,250,vol,5y,1257,-0.006587,-0.026924,-0.013220,-0.016384,0.156854,0.284950,0.496414,0.997223,-0.060131,15.965603,252
instrument,futures,RTY,250,vol,3y,754,0.066485,0.040390,-0.002067,-0.006223,0.159293,0.229036,0.504648,1.003668,0.069866,20.749715,252
instrument,futures,RTY,250,vol,1y,251,0.989495,0.960085,0.150895,0.145804,0.154107,0.125241,0.552000,1.173306,0.958178,22.016376,252
instrument,futures,RTY,250,vol,IS,1232,0.059466,0.044847,-0.001041,-0.003012,0.134503,0.283531,0.498980,1.008163,0.099160,9.805780,252
instrument,futures,RTY,250,vol,OOS,529,0.447258,0.423331,0.060933,0.056888,0.161370,0.175449,0.515152,1.076552,0.613349,19.021036,252
instrument,futures,RTY,250,vol,full,1761,0.190649,0.172931,0.017186,0.014616,0.143069,0.284950,0.504307,1.031301,0.457142,12.565666,252
instrument,futures,RTY,composite,fixed,5y,1257,-0.338952,-0.379421,-0.072802,-0.079499,0.176954,0.426915,0.502434,0.931289,-0.847402,36.114650,252
instrument,futures,RTY,composite,fixed,3y,754,0.062924,0.025847,-0.004622,-0.011183,0.177845,0.202197,0.510015,1.004947,0.044709,32.796813,252
instrument,futures,RTY,composite,fixed,1y,251,0.853041,0.817250,0.126694,0.120588,0.153738,0.109857,0.554545,1.159757,0.815627,27.216000,252
instrument,futures,RTY,composite,fixed,IS,1232,-0.214262,-0.248364,-0.044368,-0.049481,0.155542,0.451491,0.508323,0.950297,-0.549153,26.714866,252
instrument,futures,RTY,composite,fixed,OOS,529,0.249040,0.213821,0.029366,0.022692,0.184944,0.167897,0.517391,1.046176,0.309797,32.215909,252
instrument,futures,RTY,composite,fixed,full,1761,-0.057462,-0.091863,-0.022791,-0.028353,0.164888,0.482790,0.511272,0.982968,-0.242841,28.421591,252
instrument,futures,RTY,composite,vol,5y,1257,-0.311252,-0.355385,-0.044665,-0.049883,0.122762,0.315374,0.502434,0.935819,-0.793719,27.317164,252
instrument,futures,RTY,composite,vol,3y,754,0.091957,0.051423,0.003471,-0.001862,0.131324,0.153076,0.510015,1.010074,0.088949,26.465457,252
instrument,futures,RTY,composite,vol,1y,251,0.755346,0.716849,0.087902,0.082888,0.121321,0.091240,0.554545,1.139881,0.715426,22.989081,252
instrument,futures,RTY,composite,vol,IS,1232,-0.305203,-0.342843,-0.035588,-0.039330,0.101867,0.342948,0.508323,0.931420,-0.758054,19.387655,252
instrument,futures,RTY,composite,vol,OOS,529,0.359950,0.321974,0.040242,0.034952,0.134852,0.110235,0.517391,1.069559,0.466497,25.270717,252
instrument,futures,RTY,composite,vol,full,1761,-0.063484,-0.100999,-0.013409,-0.017595,0.112777,0.360305,0.511272,0.981048,-0.266990,21.203261,252
instrument,futures,RTY,buyhold,long1x,5y,1257,0.368176,0.368176,0.059472,0.059472,0.226407,0.326276,0.514331,1.063947,0.822287,0.000000,252
instrument,futures,RTY,buyhold,long1x,3y,754,0.872922,0.872922,0.177670,0.177670,0.213386,0.276214,0.525896,1.154993,1.509944,0.000000,252
instrument,futures,RTY,buyhold,long1x,1y,251,1.661666,1.661666,0.354017,0.354017,0.193729,0.110810,0.568000,1.314392,1.658366,0.000000,252
instrument,futures,RTY,buyhold,long1x,IS,1232,0.349162,0.349162,0.059592,0.059592,0.274669,0.415001,0.522340,1.064053,0.772025,0.000000,252
instrument,futures,RTY,buyhold,long1x,OOS,529,0.924671,0.924671,0.196853,0.196853,0.220601,0.276214,0.532197,1.172268,1.339723,0.000000,252
instrument,futures,RTY,buyhold,long1x,full,1761,0.494552,0.494552,0.099083,0.099083,0.259570,0.415001,0.525000,1.091384,1.307348,0.000000,252
instrument,futures,GC,10,fixed,5y,1256,0.029955,-0.051201,-0.011649,-0.026585,0.186182,0.336866,0.494418,0.990074,-0.114308,75.499602,252
instrument,futures,GC,10,fixed,3y,753,0.152595,0.080126,0.010057,-0.005105,0.208213,0.331698,0.511968,1.017444,0.138506,74.393617,252
instrument,futures,GC,10,fixed,1y,251,0.816969,0.775472,0.207059,0.193444,0.278512,0.142314,0.520000,1.151488,0.773932,56.448000,252
instrument,futures,GC,10,fixed,IS,1232,-0.318216,-0.422319,-0.061404,-0.077351,0.160165,0.443400,0.489344,0.927883,-0.933784,84.955321,252
instrument,futures,GC,10,fixed,OOS,528,0.024826,-0.039731,-0.021344,-0.036136,0.233861,0.331698,0.502846,0.995377,-0.057510,74.595825,252
instrument,futures,GC,10,fixed,full,1760,-0.182804,-0.270547,-0.049561,-0.065175,0.185313,0.530554,0.493135,0.952367,-0.714989,82.089824,252
instrument,futures,GC,10,vol,5y,1256,0.199772,0.106335,0.019406,0.004052,0.162729,0.242590,0.494418,1.017549,0.237395,75.300701,252
instrument,futures,GC,10,vol,3y,753,0.421307,0.334184,0.058478,0.043142,0.169448,0.242590,0.511968,1.064307,0.577674,71.694548,252
instrument,futures,GC,10,vol,1y,251,1.106261,1.064239,0.197047,0.188449,0.177121,0.098707,0.520000,1.220691,1.062125,35.977152,252
instrument,futures,GC,10,vol,IS,1232,-0.100991,-0.209773,-0.027597,-0.044326,0.157175,0.342626,0.492308,0.962929,-0.463826,86.051748,252
instrument,futures,GC,10,vol,OOS,528,0.248108,0.176051,0.028054,0.015546,0.170456,0.239795,0.502846,1.034908,0.254832,59.908177,252
instrument,futures,GC,10,vol,full,1760,0.010009,-0.087308,-0.011225,-0.026745,0.161235,0.349908,0.495289,0.984549,-0.230732,78.457143,252
instrument,futures,GC,20,fixed,5y,1256,0.055611,-0.006717,-0.006922,-0.018425,0.185866,0.319564,0.501595,0.999698,-0.014995,57.829482,252
instrument,futures,GC,20,fixed,3y,753,0.259715,0.198639,0.032773,0.019760,0.208037,0.231144,0.515957,1.039393,0.343370,63.000000,252
instrument,futures,GC,20,fixed,1y,251,0.928888,0.896117,0.245131,0.234083,0.278329,0.218072,0.532000,1.177216,0.894337,42.336000,252
instrument,futures,GC,20,fixed,IS,1232,-0.740962,-0.813450,-0.122022,-0.132659,0.159265,0.528798,0.484698,0.864904,-1.798607,60.389927,252
instrument,futures,GC,20,fixed,OOS,528,0.584239,0.534934,0.114982,0.102389,0.233507,0.218072,0.519924,1.102505,0.774314,56.425047,252
instrument,futures,GC,20,fixed,full,1760,-0.224708,-0.288000,-0.056768,-0.067963,0.184774,0.569853,0.495107,0.949206,-0.761111,59.167709,252
instrument,futures,GC,20,vol,5y,1256,0.056322,-0.014248,-0.004018,-0.015427,0.162410,0.343684,0.501595,0.998566,-0.031809,57.194445,252
instrument,futures,GC,20,vol,3y,753,0.315739,0.244606,0.039756,0.027386,0.169350,0.241332,0.515957,1.047671,0.422829,59.468639,252
instrument,futures,GC,20,vol,1y,251,1.477102,1.441857,0.277575,0.270017,0.176764,0.117655,0.532000,1.310608,1.438993,28.419597,252
instrument,futures,GC,20,vol,IS,1232,-0.510649,-0.584977,-0.087781,-0.098756,0.156666,0.470558,0.488452,0.899712,-1.293433,60.004477,252
instrument,futures,GC,20,vol,OOS,528,0.881138,0.829606,0.144563,0.134861,0.170025,0.170304,0.519924,1.160896,1.200849,42.369036,252
instrument,futures,GC,20,vol,full,1760,-0.068025,-0.135728,-0.023525,-0.034233,0.160882,0.500507,0.497938,0.976060,-0.358696,54.688092,252
instrument,futures,GC,40,fixed,5y,1256,0.659459,0.619343,0.110603,0.102542,0.185630,0.202111,0.521116,1.118178,1.382693,36.143426,252
instrument,futures,GC,40,fixed,3y,753,0.936085,0.898406,0.188024,0.179071,0.207578,0.160114,0.541223,1.180086,1.552994,37.531915,252
instrument,futures,GC,40,fixed,1y,251,1.579233,1.554902,0.489635,0.480023,0.277329,0.149083,0.572000,1.328023,1.551814,30.240000,252
instrument,futures,GC,40,fixed,IS,1232,-0.447072,-0.493743,-0.079634,-0.086638,0.158087,0.457482,0.498741,0.915028,-1.091707,37.871649,252
instrument,futures,GC,40,fixed,OOS,528,1.145920,1.110658,0.270215,0.260220,0.232970,0.160114,0.552182,1.221902,1.607670,39.210626,252
instrument,futures,GC,40,fixed,full,1760,0.166858,0.124949,0.013761,0.005968,0.183971,0.457482,0.514834,1.023074,0.330210,38.251279,252
instrument,futures,GC,40,vol,5y,1256,0.627745,0.579867,0.092463,0.084219,0.162247,0.234642,0.521116,1.106350,1.294563,37.574808,252
instrument,futures,GC,40,vol,3y,753,0.946984,0.901068,0.156383,0.147838,0.168987,0.172055,0.541223,1.174906,1.557597,36.779240,252
instrument,futures,GC,40,vol,1y,251,2.022968,1.995740,0.404928,0.398658,0.176048,0.086644,0.572000,1.455673,1.991777,21.134105,252
instrument,futures,GC,40,vol,IS,1232,-0.252618,-0.304604,-0.050399,-0.058282,0.156647,0.427685,0.497865,0.946493,-0.673504,41.333481,252
instrument,futures,GC,40,vol,OOS,528,1.267030,1.227260,0.221568,0.213805,0.169740,0.172055,0.552182,1.245426,1.776451,31.669913,252
instrument,futures,GC,40,vol,full,1760,0.229280,0.180924,0.024128,0.016224,0.160808,0.427685,0.514420,1.032989,0.478136,38.416101,252
instrument,futures,GC,60,fixed,5y,1256,0.831148,0.812605,0.146401,0.142599,0.185374,0.230680,0.532271,1.155587,1.814153,16.465339,252
instrument,futures,GC,60,fixed,3y,753,1.121937,1.106847,0.234436,0.230767,0.207237,0.230680,0.553191,1.225671,1.913308,14.744681,252
instrument,futures,GC,60,fixed,1y,251,1.473163,1.459171,0.446795,0.441509,0.277484,0.230680,0.568000,1.304680,1.456273,18.144000,252
instrument,futures,GC,60,fixed,IS,1232,0.397243,0.376608,0.051180,0.047840,0.156622,0.229865,0.520922,1.070881,0.832712,15.762794,252
instrument,futures,GC,60,fixed,OOS,528,1.325971,1.311054,0.324162,0.319824,0.232597,0.230680,0.561670,1.266487,1.897742,16.258065,252
instrument,futures,GC,60,fixed,full,1760,0.744369,0.726218,0.126565,0.122952,0.182829,0.230680,0.533255,1.142717,1.919212,15.902217,252
instrument,futures,GC,60,vol,5y,1256,0.849390,0.824809,0.132259,0.127920,0.161933,0.178050,0.532271,1.151870,1.841400,19.053120,252
instrument,futures,GC,60,vol,3y,753,1.176655,1.155615,0.201793,0.197757,0.168568,0.153627,0.553191,1.228300,1.997608,16.695130,252
instrument,futures,GC,60,vol,1y,251,1.889392,1.871388,0.372771,0.368720,0.176182,0.120249,0.568000,1.421402,1.867671,14.726660,252
instrument,futures,GC,60,vol,IS,1232,0.361672,0.336155,0.045242,0.041131,0.156405,0.236599,0.520922,1.062686,0.743268,19.535231,252
instrument,futures,GC,60,vol,OOS,528,1.536358,1.517098,0.278100,0.274188,0.169292,0.120249,0.561670,1.310829,2.195990,15.244655,252
instrument,futures,GC,60,vol,full,1760,0.733315,0.709632,0.110251,0.106175,0.160440,0.236599,0.533255,1.135690,1.875380,18.240002,252
instrument,futures,GC,120,fixed,5y,1256,0.821508,0.806226,0.144355,0.141212,0.185328,0.219829,0.533865,1.156298,1.799913,13.654183,252
instrument,futures,GC,120,fixed,3y,753,1.359774,1.357727,0.296330,0.295806,0.206849,0.219829,0.555851,1.276094,2.346981,2.010638,252
instrument,futures,GC,120,fixed,1y,251,1.097525,1.095971,0.304414,0.303881,0.277860,0.219829,0.556000,1.221025,1.093795,2.016000,252
instrument,futures,GC,120,fixed,IS,1232,0.310865,0.290178,0.036789,0.033499,0.155044,0.230886,0.526553,1.055594,0.641608,15.762794,252
instrument,futures,GC,120,fixed,OOS,528,1.374589,1.373676,0.339095,0.338834,0.232383,0.219829,0.569260,1.280896,1.988387,0.956357,252
instrument,futures,GC,120,fixed,full,1760,0.712761,0.699851,0.119507,0.116953,0.181837,0.230886,0.539963,1.139561,1.849531,11.317794,252
instrument,futures,GC,120,vol,5y,1256,0.942106,0.919383,0.149308,0.145245,0.161849,0.218326,0.533865,1.173199,2.052537,17.589123,252
instrument,futures,GC,120,vol,3y,753,1.664816,1.657758,0.303770,0.302303,0.167968,0.132534,0.555851,1.330554,2.865618,5.605634,252
instrument,futures,GC,120,vol,1y,251,1.707348,1.702624,0.329983,0.328957,0.176324,0.130096,0.556000,1.377008,1.699242,3.827000,252
instrument,futures,GC,120,vol,IS,1232,0.394029,0.368039,0.050002,0.045852,0.154219,0.230632,0.526553,1.070770,0.813764,19.665580,252
instrument,futures,GC,120,vol,OOS,528,1.763419,1.759152,0.327561,0.326664,0.168930,0.130096,0.569260,1.368446,2.546361,3.359293,252
instrument,futures,GC,120,vol,full,1760,0.830560,0.811203,0.126547,0.123201,0.158879,0.230632,0.539963,1.159693,2.143807,14.770345,252
instrument,futures,GC,180,fixed,5y,1256,0.464660,0.450965,0.071243,0.068559,0.185483,0.367857,0.523506,1.085014,1.006787,12.449402,252
instrument,futures,GC,180,fixed,3y,753,1.198921,1.193479,0.254143,0.252790,0.207048,0.249718,0.559840,1.238460,2.063060,5.361702,252
instrument,futures,GC,180,fixed,1y,251,0.935466,0.932497,0.247142,0.246134,0.278038,0.249718,0.564000,1.185121,0.930645,4.032000,252
instrument,futures,GC,180,fixed,IS,1232,-0.315777,-0.335262,-0.053639,-0.056326,0.142561,0.493187,0.495718,0.939515,-0.741292,14.125102,252
instrument,futures,GC,180,fixed,OOS,528,1.282202,1.280484,0.310816,0.310312,0.232494,0.249718,0.573055,1.259685,1.853493,1.912713,252
instrument,futures,GC,180,fixed,full,1760,0.331872,0.319733,0.043524,0.041328,0.174691,0.493187,0.521216,1.062025,0.844975,10.458215,252
instrument,futures,GC,180,vol,5y,1256,0.532756,0.512202,0.075810,0.072304,0.162048,0.387850,0.523506,1.093536,1.143499,16.190246,252
instrument,futures,GC,180,vol,3y,753,1.434328,1.422822,0.254682,0.252425,0.168271,0.156780,0.559840,1.276917,2.459506,8.928506,252
instrument,futures,GC,180,vol,1y,251,1.554398,1.548108,0.294939,0.293577,0.176500,0.152841,0.564000,1.337369,1.545033,5.232296,252
instrument,futures,GC,180,vol,IS,1232,-0.276383,-0.300802,-0.048057,-0.051428,0.141961,0.491084,0.495718,0.945161,-0.665099,17.611543,252
instrument,futures,GC,180,vol,OOS,528,1.687420,1.682370,0.310816,0.309756,0.169018,0.152841,0.573055,1.349926,2.435220,4.025942,252
instrument,futures,GC,180,vol,full,1760,0.385668,0.367375,0.047829,0.044976,0.150836,0.491084,0.521216,1.069981,0.970881,13.532599,252
instrument,futures,GC,250,fixed,5y,1256,0.478519,0.463008,0.073997,0.070956,0.185509,0.405849,0.521912,1.087436,1.033673,13.654183,252
instrument,futures,GC,250,fixed,3y,753,1.363166,1.363166,0.297222,0.297222,0.206829,0.249718,0.562500,1.277356,2.356384,0.000000,252
instrument,futures,GC,250,fixed,1y,251,0.936547,0.936547,0.247516,0.247516,0.278013,0.249718,0.568000,1.186034,0.934687,0.000000,252
instrument,futures,GC,250,fixed,IS,1232,-0.276406,-0.299440,-0.045066,-0.048095,0.134354,0.472786,0.503568,0.943926,-0.662086,15.762794,252
instrument,futures,GC,250,fixed,OOS,528,1.282819,1.282819,0.311002,0.311002,0.232479,0.249718,0.574953,1.260240,1.856872,0.000000,252
instrument,futures,GC,250,fixed,full,1760,0.373720,0.360500,0.050177,0.047844,0.170061,0.472786,0.528164,1.072168,0.952711,11.031268,252
instrument,futures,GC,250,vol,5y,1256,0.607960,0.585885,0.088982,0.085178,0.162014,0.419094,0.521912,1.107615,1.307997,16.958792,252
instrument,futures,GC,250,vol,3y,753,1.732602,1.728530,0.318547,0.317674,0.167866,0.152841,0.562500,1.347135,2.987955,3.303148,252
instrument,futures,GC,250,vol,1y,251,1.555474,1.552132,0.295182,0.294466,0.176483,0.152841,0.568000,1.338463,1.549050,2.738927,252
instrument,futures,GC,250,vol,IS,1232,-0.145023,-0.171261,-0.029573,-0.033182,0.139818,0.476678,0.503568,0.967377,-0.378672,18.501573,252
instrument,futures,GC,250,vol,OOS,528,1.687955,1.684378,0.310933,0.310184,0.169010,0.152841,0.574953,1.350442,2.438127,2.843129,252
instrument,futures,GC,250,vol,full,1760,0.478387,0.459466,0.062058,0.059110,0.149393,0.476678,0.528164,1.090315,1.214253,13.801095,252
instrument,futures,GC,composite,fixed,5y,1256,0.654396,0.621854,0.093277,0.087836,0.154850,0.216240,0.532319,1.140025,1.388298,24.798406,252
instrument,futures,GC,composite,fixed,3y,753,1.188919,1.166130,0.216731,0.211883,0.178688,0.154351,0.562777,1.267215,2.015784,19.938830,252
instrument,futures,GC,composite,fixed,1y,251,1.307783,1.293896,0.322758,0.318506,0.235570,0.154351,0.567442,1.310074,1.291327,15.624000,252
instrument,futures,GC,composite,fixed,IS,1232,-0.047088,-0.092104,-0.009113,-0.013411,0.096215,0.283081,0.516556,0.981704,-0.203649,21.699431,252
instrument,futures,GC,composite,fixed,OOS,528,1.310243,1.291635,0.277154,0.272455,0.202709,0.154351,0.572314,1.292101,1.869633,18.409867,252
instrument,futures,GC,composite,fixed,full,1760,0.557413,0.526918,0.069276,0.064849,0.137298,0.283081,0.537903,1.128903,1.392513,20.701535,252
instrument,futures,GC,composite,vol,5y,1256,0.738923,0.699493,0.094408,0.088700,0.134504,0.231472,0.532319,1.153145,1.561629,25.989260,252
instrument,futures,GC,composite,vol,3y,753,1.400009,1.371319,0.214769,0.209812,0.146851,0.094967,0.562777,1.308926,2.370476,20.416867,252
instrument,futures,GC,composite,vol,1y,251,1.817721,1.802209,0.321833,0.318648,0.160807,0.091221,0.567442,1.483138,1.798630,11.774269,252
instrument,futures,GC,composite,vol,IS,1232,0.028489,-0.018727,-0.002228,-0.006987,0.101062,0.288044,0.516556,0.998438,-0.041406,23.859964,252
instrument,futures,GC,composite,vol,OOS,528,1.602088,1.581366,0.266102,0.262184,0.154948,0.094967,0.572314,1.367480,2.289018,15.475028,252
instrument,futures,GC,composite,vol,full,1760,0.637821,0.601706,0.071674,0.067100,0.119966,0.288044,0.537903,1.143997,1.590159,21.335597,252
instrument,futures,GC,buyhold,long1x,5y,1256,1.003901,1.003901,0.183529,0.183529,0.185080,0.249718,0.547410,1.195994,2.241224,0.000000,252
instrument,futures,GC,buyhold,long1x,3y,753,1.363166,1.363166,0.297222,0.297222,0.206829,0.249718,0.562500,1.277356,2.356384,0.000000,252
instrument,futures,GC,buyhold,long1x,1y,251,0.936547,0.936547,0.247516,0.247516,0.278013,0.249718,0.568000,1.186034,0.934687,0.000000,252
instrument,futures,GC,buyhold,long1x,IS,1232,0.750822,0.750822,0.112749,0.112749,0.159199,0.208725,0.540211,1.142260,1.660131,0.000000,252
instrument,futures,GC,buyhold,long1x,OOS,528,1.282819,1.282819,0.311002,0.311002,0.232479,0.249718,0.574953,1.260240,1.856872,0.000000,252
instrument,futures,GC,buyhold,long1x,full,1760,0.939593,0.939593,0.168851,0.168851,0.184271,0.249718,0.550313,1.184912,2.483109,0.000000,252
instrument,futures,SI,10,fixed,5y,1256,0.000009,-0.035514,-0.075481,-0.088489,0.390849,0.648119,0.476494,0.993465,-0.079285,69.475697,252
instrument,futures,SI,10,fixed,3y,753,0.175315,0.143257,-0.024622,-0.038652,0.445990,0.438110,0.476064,1.031175,0.247635,70.372340,252
instrument,futures,SI,10,fixed,1y,251,0.748679,0.731396,0.301824,0.287284,0.650202,0.433154,0.500000,1.150711,0.729943,54.432000,252
instrument,futures,SI,10,fixed,IS,1232,-0.234230,-0.280403,-0.123177,-0.136833,0.330053,0.705771,0.481542,0.950288,-0.619995,77.176279,252
instrument,futures,SI,10,fixed,OOS,528,0.245307,0.216549,-0.008310,-0.022724,0.502867,0.433154,0.470588,1.041319,0.313454,71.726755,252
instrument,futures,SI,10,fixed,full,1760,-0.043737,-0.082364,-0.090189,-0.104075,0.389912,0.756389,0.478535,0.984504,-0.217669,75.499716,252
instrument,futures,SI,10,vol,5y,1256,-0.059514,-0.104015,-0.022379,-0.029479,0.161764,0.407942,0.476494,0.982363,-0.232216,36.141023,252
instrument,futures,SI,10,vol,3y,753,0.085820,0.042757,0.000444,-0.006738,0.166613,0.268929,0.476064,1.011841,0.073911,35.332875,252
instrument,futures,SI,10,vol,1y,251,1.002182,0.977410,0.183294,0.178087,0.185300,0.120325,0.500000,1.193928,0.975469,21.934961,252
instrument,futures,SI,10,vol,IS,1232,-0.206545,-0.256321,-0.043616,-0.051214,0.157030,0.386816,0.479487,0.954130,-0.566747,39.561205,252
instrument,futures,SI,10,vol,OOS,528,0.176047,0.136949,0.015578,0.008938,0.167832,0.228391,0.470588,1.022556,0.198233,32.608411,252
instrument,futures,SI,10,vol,full,1760,-0.086247,-0.132741,-0.026230,-0.033555,0.160309,0.436957,0.477032,0.976287,-0.350802,37.456454,252
instrument,futures,SI,20,fixed,5y,1256,0.002477,-0.024237,-0.074608,-0.084371,0.390598,0.629593,0.488446,0.995261,-0.054109,52.207171,252
instrument,futures,SI,20,fixed,3y,753,-0.094140,-0.118682,-0.135008,-0.144608,0.445782,0.593908,0.478723,0.979629,-0.205154,54.957447,252
instrument,futures,SI,20,fixed,1y,251,0.833651,0.814092,0.375674,0.358400,0.649813,0.593908,0.524000,1.168924,0.812475,62.496000,252
instrument,futures,SI,20,fixed,IS,1232,-0.007666,-0.040477,-0.055272,-0.065628,0.330284,0.593880,0.494633,0.992659,-0.089498,54.248578,252
instrument,futures,SI,20,fixed,OOS,528,0.144413,0.123424,-0.057378,-0.067393,0.502673,0.593908,0.480076,1.022763,0.178656,52.599620,252
instrument,futures,SI,20,fixed,full,1760,0.051331,0.023733,-0.055904,-0.066158,0.389937,0.727945,0.490512,1.004544,0.062720,53.723707,252
instrument,futures,SI,20,vol,5y,1256,0.057873,0.024458,-0.003688,-0.009082,0.161627,0.389213,0.488446,1.004032,0.054602,26.947415,252
instrument,futures,SI,20,vol,3y,753,-0.021063,-0.053049,-0.017186,-0.022452,0.166496,0.342229,0.478723,0.994759,-0.091701,26.686686,252
instrument,futures,SI,20,vol,1y,251,1.779626,1.752470,0.364522,0.358077,0.184461,0.139588,0.524000,1.371854,1.748990,23.629130,252
instrument,futures,SI,20,vol,IS,1232,-0.078658,-0.114378,-0.024271,-0.029793,0.156903,0.302520,0.492741,0.979275,-0.252900,28.160834,252
instrument,futures,SI,20,vol,OOS,528,0.430604,0.403399,0.059801,0.055033,0.167683,0.224246,0.480076,1.071718,0.583918,22.424965,252
instrument,futures,SI,20,vol,full,1760,0.081371,0.048260,0.000225,-0.005087,0.160184,0.393834,0.489111,1.008790,0.127540,26.427156,252
instrument,futures,SI,40,fixed,5y,1256,0.397907,0.381965,0.079661,0.072965,0.390359,0.580447,0.509960,1.074816,0.852742,30.521116,252
instrument,futures,SI,40,fixed,3y,753,0.408731,0.392189,0.081998,0.074037,0.445603,0.491361,0.506649,1.082579,0.677941,36.191489,252
instrument,futures,SI,40,fixed,1y,251,1.605705,1.601115,1.261915,1.255440,0.647184,0.384235,0.580000,1.358690,1.597935,14.112000,252
instrument,futures,SI,40,fixed,IS,1232,0.268234,0.252435,0.034777,0.029417,0.327716,0.519786,0.512175,1.047605,0.558154,25.588952,252
instrument,futures,SI,40,fixed,OOS,528,0.660964,0.647275,0.221370,0.213062,0.502200,0.405537,0.516129,1.131742,0.936926,33.472486,252
instrument,futures,SI,40,fixed,full,1760,0.414937,0.400285,0.087544,0.081381,0.388292,0.580759,0.513671,1.079746,1.057853,27.936327,252
instrument,futures,SI,40,vol,5y,1256,0.345267,0.324134,0.043592,0.040073,0.161519,0.343394,0.509960,1.057502,0.723634,16.741882,252
instrument,futures,SI,40,vol,3y,753,0.351896,0.328616,0.045671,0.041672,0.166446,0.276483,0.506649,1.064212,0.568049,18.983289,252
instrument,futures,SI,40,vol,1y,251,2.295473,2.290373,0.497999,0.496659,0.183554,0.103227,0.580000,1.511690,2.285824,4.473114,252
instrument,futures,SI,40,vol,IS,1232,0.343386,0.323336,0.042400,0.039160,0.156731,0.339202,0.514091,1.061102,0.714922,15.457809,252
instrument,futures,SI,40,vol,OOS,528,0.729672,0.710195,0.114142,0.110623,0.167547,0.204215,0.516129,1.131294,1.028003,15.700614,252
instrument,futures,SI,40,vol,full,1760,0.464632,0.444772,0.063424,0.060102,0.160017,0.343394,0.515009,1.083872,1.175422,15.522576,252
instrument,futures,SI,60,fixed,5y,1256,-0.245666,-0.261301,-0.160267,-0.165547,0.390430,0.814653,0.495618,0.951888,-0.583359,30.922709,252
instrument,futures,SI,60,fixed,3y,753,0.042826,0.026578,-0.080946,-0.087699,0.445714,0.597068,0.502660,1.007858,0.045942,36.191489,252
instrument,futures,SI,60,fixed,1y,251,1.153432,1.148837,0.690351,0.685447,0.648830,0.508173,0.560000,1.246110,1.146555,14.112000,252
instrument,futures,SI,60,fixed,IS,1232,-0.598661,-0.617843,-0.218711,-0.223804,0.324371,0.801177,0.495303,0.891478,-1.366103,32.139724,252
instrument,futures,SI,60,fixed,OOS,528,0.234975,0.223836,-0.014064,-0.019641,0.502551,0.508173,0.504744,1.042812,0.324000,27.734345,252
instrument,futures,SI,60,fixed,full,1760,-0.259927,-0.275655,-0.162234,-0.167479,0.386499,0.865975,0.498529,0.948206,-0.728487,30.801592,252
instrument,futures,SI,60,vol,5y,1256,-0.283206,-0.303733,-0.057053,-0.060250,0.161516,0.556637,0.495618,0.948969,-0.678088,16.844631,252
instrument,futures,SI,60,vol,3y,753,0.057029,0.034056,-0.004362,-0.008184,0.166448,0.351175,0.502660,1.010199,0.058870,19.086125,252
instrument,futures,SI,60,vol,1y,251,2.039502,2.034291,0.430408,0.429144,0.183974,0.126841,0.560000,1.443484,2.030251,4.394593,252
instrument,futures,SI,60,vol,IS,1232,-0.616018,-0.639614,-0.102984,-0.106444,0.156708,0.537172,0.495303,0.889349,-1.414240,19.161608,252
instrument,futures,SI,60,vol,OOS,528,0.395123,0.379845,0.053494,0.050833,0.167635,0.265634,0.504744,1.067301,0.549823,12.552413,252
instrument,futures,SI,60,vol,full,1760,-0.297870,-0.318955,-0.058653,-0.061909,0.160086,0.594107,0.498529,0.943912,-0.842918,17.171397,252
instrument,futures,SI,120,fixed,5y,1256,0.373720,0.361426,0.069357,0.064237,0.390230,0.492342,0.511554,1.071010,0.806889,23.694024,252
instrument,futures,SI,120,fixed,3y,753,0.680232,0.670404,0.220567,0.215279,0.445126,0.492342,0.530585,1.143278,1.158868,21.446809,252
instrument,futures,SI,120,fixed,1y,251,1.153457,1.151439,0.690322,0.688188,0.648773,0.492342,0.560000,1.246708,1.149152,6.048000,252
instrument,futures,SI,120,fixed,IS,1232,0.051277,0.034358,-0.034906,-0.040212,0.322236,0.635950,0.513514,1.006601,0.075969,27.226645,252
instrument,futures,SI,120,fixed,OOS,528,0.625594,0.618991,0.199424,0.195471,0.502065,0.492342,0.533207,1.125640,0.895986,16.258065,252
instrument,futures,SI,120,fixed,full,1760,0.274800,0.262258,0.030126,0.025143,0.385049,0.635950,0.520147,1.052718,0.693081,23.924957,252
instrument,futures,SI,120,vol,5y,1256,0.500607,0.482975,0.070051,0.067049,0.161387,0.248747,0.511554,1.087457,1.078250,13.972972,252
instrument,futures,SI,120,vol,3y,753,0.936568,0.921044,0.152118,0.149229,0.166049,0.163595,0.530585,1.181929,1.592126,12.499024,252
instrument,futures,SI,120,vol,1y,251,1.972496,1.968833,0.413154,0.412276,0.184060,0.128275,0.560000,1.426517,1.964923,3.085572,252
instrument,futures,SI,120,vol,IS,1232,0.306898,0.287350,0.036203,0.033086,0.155007,0.295507,0.513514,1.055530,0.635354,14.991847,252
instrument,futures,SI,120,vol,OOS,528,0.901456,0.890981,0.146513,0.144557,0.167338,0.163595,0.533207,1.168027,1.289689,8.503873,252
instrument,futures,SI,120,vol,full,1760,0.494758,0.478043,0.068133,0.065336,0.158788,0.295507,0.520147,1.092026,1.263349,13.040324,252
instrument,futures,SI,180,fixed,5y,1256,0.299434,0.291076,0.038713,0.035313,0.390274,0.528078,0.526693,1.056837,0.649832,16.063745,252
instrument,futures,SI,180,fixed,3y,753,0.887910,0.884144,0.338324,0.336131,0.444782,0.495551,0.555851,1.185928,1.528342,8.042553,252
instrument,futures,SI,180,fixed,1y,251,1.151051,1.151051,0.687525,0.687525,0.648690,0.495551,0.572000,1.246629,1.148765,0.000000,252
instrument,futures,SI,180,fixed,IS,1232,-0.231502,-0.245716,-0.110406,-0.114354,0.304345,0.638292,0.513796,0.953818,-0.543300,21.904143,252
instrument,futures,SI,180,fixed,OOS,528,0.866913,0.866084,0.353431,0.352887,0.501634,0.495551,0.555977,1.180784,1.253651,1.912713,252
instrument,futures,SI,180,fixed,full,1760,0.216683,0.208116,0.008940,0.005682,0.374739,0.638292,0.528182,1.042216,0.550000,15.902217,252
instrument,futures,SI,180,vol,5y,1256,0.371433,0.358431,0.047987,0.045817,0.161443,0.304160,0.526693,1.064263,0.800203,10.268897,252
instrument,futures,SI,180,vol,3y,753,1.215299,1.207749,0.206371,0.204939,0.165827,0.129461,0.555851,1.233229,2.087728,5.895416,252
instrument,futures,SI,180,vol,1y,251,1.970697,1.969146,0.412689,0.412294,0.184036,0.129461,0.572000,1.426616,1.965235,1.395475,252
instrument,futures,SI,180,vol,IS,1232,-0.143699,-0.161293,-0.030430,-0.032912,0.143522,0.386691,0.513796,0.969776,-0.356633,12.730331,252
instrument,futures,SI,180,vol,OOS,528,1.232217,1.229235,0.211390,0.210830,0.167077,0.129461,0.555977,1.239898,1.779310,2.287865,252
instrument,futures,SI,180,vol,full,1760,0.313485,0.300580,0.036551,0.034549,0.151071,0.386691,0.528182,1.057453,0.794357,9.595320,252
instrument,futures,SI,250,fixed,5y,1256,0.302956,0.295444,0.040145,0.037087,0.390239,0.627296,0.520319,1.057713,0.659583,14.457371,252
instrument,futures,SI,250,fixed,3y,753,0.946146,0.943656,0.373330,0.371838,0.444649,0.495551,0.547872,1.199853,1.631215,5.361702,252
instrument,futures,SI,250,fixed,1y,251,1.151051,1.151051,0.687525,0.687525,0.648690,0.495551,0.572000,1.246629,1.148765,0.000000,252
instrument,futures,SI,250,fixed,IS,1232,0.072899,0.062605,-0.021215,-0.024188,0.291440,0.627296,0.508665,1.012685,0.138426,14.943948,252
instrument,futures,SI,250,fixed,OOS,528,0.892745,0.892745,0.371028,0.371028,0.501549,0.495551,0.557875,1.186898,1.292243,0.000000,252
instrument,futures,SI,250,fixed,full,1760,0.406218,0.400410,0.082917,0.080613,0.367370,0.627296,0.526176,1.085426,1.058183,10.458215,252
instrument,futures,SI,250,vol,5y,1256,0.401527,0.390265,0.053085,0.051195,0.161399,0.386864,0.520319,1.070144,0.871274,8.915089,252
instrument,futures,SI,250,vol,3y,753,1.313603,1.307932,0.226063,0.224961,0.165719,0.129461,0.547872,1.255305,2.260906,4.474533,252
instrument,futures,SI,250,vol,1y,251,1.970697,1.969146,0.412689,0.412294,0.184036,0.129461,0.572000,1.426616,1.965235,1.395475,252
instrument,futures,SI,250,vol,IS,1232,0.123341,0.110688,0.007467,0.005668,0.141142,0.386864,0.508665,1.022114,0.244740,8.875335,252
instrument,futures,SI,250,vol,OOS,528,1.266505,1.264721,0.218305,0.217952,0.167023,0.129461,0.557875,1.247681,1.830676,1.445508,252
instrument,futures,SI,250,vol,full,1760,0.506374,0.497251,0.066568,0.065141,0.149436,0.386864,0.526176,1.099245,1.314109,6.645108,252
instrument,futures,SI,composite,fixed,5y,1256,0.130614,0.112469,-0.012568,-0.018376,0.323753,0.558190,0.512869,1.027425,0.251089,29.316335,252
instrument,futures,SI,composite,fixed,3y,753,0.460597,0.445493,0.103715,0.097406,0.380339,0.471670,0.525984,1.113552,0.770083,28.484043,252
instrument,futures,SI,composite,fixed,1y,251,1.208592,1.201238,0.678069,0.671092,0.576094,0.471670,0.563636,1.305687,1.198852,20.664000,252
instrument,futures,SI,composite,fixed,IS,1232,-0.077750,-0.101272,-0.041711,-0.046784,0.223928,0.620103,0.506297,0.977289,-0.223922,26.407799,252
instrument,futures,SI,composite,fixed,OOS,528,0.546072,0.535105,0.146948,0.141491,0.436103,0.471670,0.532009,1.128315,0.774561,23.669829,252
instrument,futures,SI,composite,fixed,full,1760,0.195264,0.178351,0.011372,0.006180,0.303524,0.650695,0.516026,1.046367,0.471337,25.572484,252
instrument,futures,SI,composite,vol,5y,1256,0.210171,0.186129,0.019016,0.015844,0.129912,0.319102,0.512869,1.039991,0.415536,15.554438,252
instrument,futures,SI,composite,vol,3y,753,0.678760,0.657412,0.088698,0.085498,0.139685,0.149880,0.525984,1.149972,1.136410,14.688702,252
instrument,futures,SI,composite,vol,1y,251,2.076132,2.066601,0.407976,0.405757,0.172080,0.112920,0.563636,1.522424,2.062496,7.890925,252
instrument,futures,SI,composite,vol,IS,1232,-0.016796,-0.042773,-0.007517,-0.010286,0.107236,0.346266,0.506297,0.991550,-0.094574,13.945132,252
instrument,futures,SI,composite,vol,OOS,528,0.848896,0.834144,0.121010,0.118616,0.147486,0.148999,0.532009,1.182374,1.207418,10.672521,252
instrument,futures,SI,composite,vol,full,1760,0.300686,0.279083,0.029411,0.026741,0.120740,0.346266,0.516026,1.065791,0.737547,12.957534,252
instrument,futures,SI,buyhold,long1x,5y,1256,0.645171,0.645171,0.188806,0.188806,0.389849,0.495551,0.525100,1.130194,1.440355,0.000000,252
instrument,futures,SI,buyhold,long1x,3y,753,0.988575,0.988575,0.399459,0.399459,0.444539,0.495551,0.541223,1.210488,1.708862,0.000000,252
instrument,futures,SI,buyhold,long1x,1y,251,1.151051,1.151051,0.687525,0.687525,0.648690,0.495551,0.572000,1.246629,1.148765,0.000000,252
instrument,futures,SI,buyhold,long1x,IS,1232,0.635756,0.635756,0.167866,0.167866,0.330134,0.402987,0.521527,1.122141,1.405709,0.000000,252
instrument,futures,SI,buyhold,long1x,OOS,528,0.892745,0.892745,0.371028,0.371028,0.501549,0.495551,0.557875,1.186898,1.292243,0.000000,252
instrument,futures,SI,buyhold,long1x,full,1760,0.722127,0.722127,0.225431,0.225431,0.389469,0.495551,0.532689,1.146786,1.908401,0.000000,252
instrument,futures,HG,10,fixed,5y,1257,-0.777808,-0.837715,-0.226169,-0.239636,0.279459,0.749191,0.447642,0.859090,-1.870956,86.675159,252
instrument,futures,HG,10,fixed,3y,754,-0.450023,-0.501224,-0.160198,-0.173080,0.291774,0.467392,0.476064,0.911535,-0.866996,76.302789,252
instrument,futures,HG,10,fixed,1y,251,-0.955917,-1.003762,-0.356160,-0.368393,0.381443,0.452027,0.476000,0.815460,-1.001768,94.752000,252
instrument,futures,HG,10,fixed,IS,1232,-0.287177,-0.356732,-0.089762,-0.104811,0.233914,0.653171,0.462932,0.942060,-0.788765,82.498781,252
instrument,futures,HG,10,fixed,OOS,529,-0.496962,-0.545658,-0.194310,-0.207451,0.325710,0.467392,0.473485,0.895324,-0.790585,81.136364,252
instrument,futures,HG,10,fixed,full,1761,-0.361164,-0.422126,-0.122519,-0.136968,0.264771,0.757386,0.466437,0.927639,-1.115891,82.043182,252
instrument,futures,HG,10,vol,5y,1257,-0.716272,-0.779749,-0.120886,-0.130250,0.162060,0.505697,0.447642,0.871108,-1.741495,53.170839,252
instrument,futures,HG,10,vol,3y,754,-0.322662,-0.378542,-0.065558,-0.074459,0.167308,0.230253,0.476064,0.936561,-0.654786,47.525368,252
instrument,futures,HG,10,vol,1y,251,-0.873789,-0.922464,-0.160140,-0.167770,0.181111,0.230253,0.476000,0.827593,-0.920632,45.513651,252
instrument,futures,HG,10,vol,IS,1232,-0.222176,-0.293575,-0.045392,-0.056138,0.155646,0.495653,0.465636,0.951148,-0.649118,56.212401,252
instrument,futures,HG,10,vol,OOS,529,-0.335707,-0.385623,-0.069050,-0.077105,0.170310,0.230253,0.473485,0.922868,-0.558716,43.198550,252
instrument,futures,HG,10,vol,full,1761,-0.258342,-0.322810,-0.052561,-0.062486,0.160144,0.521286,0.468399,0.944645,-0.853349,52.277244,252
instrument,futures,HG,20,fixed,5y,1257,-0.482060,-0.521830,-0.160051,-0.169700,0.279784,0.651582,0.476494,0.912973,-1.165458,56.980892,252
instrument,futures,HG,20,fixed,3y,754,-0.121923,-0.153757,-0.076270,-0.085018,0.292092,0.430329,0.492021,0.973978,-0.265963,46.183267,252
instrument,futures,HG,20,fixed,1y,251,-0.044662,-0.066690,-0.089005,-0.096838,0.381934,0.283500,0.492000,0.989950,-0.066557,42.336000,252
instrument,futures,HG,20,fixed,IS,1232,-0.155206,-0.203352,-0.061330,-0.072031,0.233585,0.572451,0.491736,0.966413,-0.449629,56.705118,252
instrument,futures,HG,20,fixed,OOS,529,-0.397257,-0.425306,-0.167884,-0.175774,0.325569,0.401877,0.480076,0.916259,-0.616211,46.772727,252
instrument,futures,HG,20,fixed,full,1761,-0.242794,-0.282882,-0.094698,-0.104497,0.264514,0.668445,0.488493,0.950788,-0.747797,53.693182,252
instrument,futures,HG,20,vol,5y,1257,-0.378088,-0.421992,-0.071747,-0.078499,0.162390,0.375067,0.476494,0.930738,-0.942480,36.264073,252
instrument,futures,HG,20,vol,3y,754,0.038654,0.001303,-0.007560,-0.013794,0.167698,0.233664,0.492021,1.003745,0.002254,30.815500,252
instrument,futures,HG,20,vol,1y,251,-0.013975,-0.038359,-0.018850,-0.023210,0.181259,0.118956,0.492000,0.996367,-0.038283,22.197851,252
instrument,futures,HG,20,vol,IS,1232,0.072775,0.022329,-0.000754,-0.008616,0.155985,0.386115,0.497436,1.003908,0.049371,39.248589,252
instrument,futures,HG,20,vol,OOS,529,-0.401006,-0.432081,-0.079337,-0.084332,0.170176,0.205583,0.480076,0.914725,-0.626026,27.012176,252
instrument,futures,HG,20,vol,full,1761,-0.078389,-0.122557,-0.025040,-0.031996,0.160347,0.386115,0.492344,0.978645,-0.323978,35.556302,252
instrument,futures,HG,40,fixed,5y,1257,-0.267935,-0.291703,-0.108314,-0.114394,0.279573,0.563022,0.476874,0.951272,-0.651492,33.707006,252
instrument,futures,HG,40,fixed,3y,754,0.102595,0.085554,-0.013797,-0.018751,0.291911,0.432860,0.488712,1.019199,0.147987,24.764940,252
instrument,futures,HG,40,fixed,1y,251,0.122603,0.114085,-0.028997,-0.032255,0.381792,0.322340,0.492000,1.027638,0.113859,16.128000,252
instrument,futures,HG,40,fixed,IS,1232,0.225688,0.199171,0.025750,0.019439,0.232616,0.552976,0.507990,1.034471,0.440384,30.502031,252
instrument,futures,HG,40,fixed,OOS,529,-0.124984,-0.137746,-0.090940,-0.094847,0.325489,0.432860,0.494318,0.968330,-0.199575,21.000000,252
instrument,futures,HG,40,fixed,full,1761,0.092832,0.071791,-0.010796,-0.016331,0.263887,0.620991,0.504075,1.013037,0.189779,27.634091,252
instrument,futures,HG,40,vol,5y,1257,-0.116998,-0.144193,-0.031619,-0.035932,0.162238,0.310809,0.476874,0.976985,-0.322042,22.184525,252
instrument,futures,HG,40,vol,3y,754,0.356654,0.335815,0.046698,0.043075,0.167510,0.205183,0.488712,1.066625,0.580879,17.253990,252
instrument,futures,HG,40,vol,1y,251,0.323027,0.313429,0.042884,0.041086,0.181168,0.130915,0.492000,1.072665,0.312806,8.555050,252
instrument,futures,HG,40,vol,IS,1232,0.443353,0.414626,0.058516,0.053853,0.155735,0.358598,0.506416,1.073685,0.916772,21.937123,252
instrument,futures,HG,40,vol,OOS,529,0.039857,0.026098,-0.007716,-0.010052,0.170104,0.205183,0.494318,0.998042,0.037812,11.697591,252
instrument,futures,HG,40,vol,full,1761,0.314286,0.290408,0.038169,0.034234,0.160148,0.358598,0.502945,1.052750,0.767695,18.853737,252
instrument,futures,HG,60,fixed,5y,1257,-0.681217,-0.706585,-0.205478,-0.211422,0.279521,0.715798,0.470916,0.879520,-1.578091,36.917197,252
instrument,futures,HG,60,fixed,3y,754,-0.731864,-0.757005,-0.226657,-0.232629,0.291669,0.571554,0.468085,0.868256,-1.309435,38.151394,252
instrument,futures,HG,60,fixed,1y,251,-0.754480,-0.764429,-0.304969,-0.307853,0.381344,0.429755,0.468000,0.856902,-0.762911,20.160000,252
instrument,futures,HG,60,fixed,IS,1232,0.093032,0.071181,-0.005245,-0.010315,0.231667,0.546291,0.504697,1.012259,0.157388,25.179529,252
instrument,futures,HG,60,fixed,OOS,529,-0.877224,-0.897286,-0.287887,-0.292860,0.325013,0.551979,0.466793,0.836597,-1.300046,34.363636,252
instrument,futures,HG,60,fixed,full,1761,-0.268096,-0.288943,-0.100278,-0.105374,0.263263,0.741134,0.493231,0.949229,-0.763822,27.920455,252
instrument,futures,HG,60,vol,5y,1257,-0.536310,-0.565837,-0.095230,-0.099714,0.162264,0.431353,0.470916,0.904287,-1.263742,24.645607,252
instrument,futures,HG,60,vol,3y,754,-0.486261,-0.517267,-0.091007,-0.095859,0.167544,0.286289,0.468085,0.913196,-0.894747,26.583216,252
instrument,futures,HG,60,vol,1y,251,-0.352122,-0.364666,-0.077120,-0.079266,0.181154,0.173256,0.468000,0.930471,-0.363942,11.583975,252
instrument,futures,HG,60,vol,IS,1232,0.196353,0.171438,0.018631,0.014691,0.155880,0.409643,0.504697,1.029803,0.379064,19.214950,252
instrument,futures,HG,60,vol,OOS,529,-0.617269,-0.640693,-0.112484,-0.116134,0.169971,0.260998,0.466793,0.879053,-0.928277,20.480908,252
instrument,futures,HG,60,vol,full,1761,-0.063126,-0.087474,-0.022671,-0.026523,0.160243,0.457953,0.493231,0.984709,-0.231237,19.584757,252
instrument,futures,HG,120,fixed,5y,1257,-0.115525,-0.135170,-0.069547,-0.074777,0.279659,0.504184,0.494821,0.974079,-0.301890,27.687898,252
instrument,futures,HG,120,fixed,3y,754,0.228807,0.217570,0.023199,0.019819,0.291818,0.353666,0.513298,1.045210,0.376343,16.063745,252
instrument,futures,HG,120,fixed,1y,251,0.063545,0.059284,-0.050686,-0.052354,0.381806,0.353666,0.500000,1.016070,0.059166,8.064000,252
instrument,futures,HG,120,fixed,IS,1232,-0.114333,-0.136859,-0.051062,-0.056040,0.229275,0.505094,0.499099,0.976406,-0.302607,25.998375,252
instrument,futures,HG,120,fixed,OOS,529,0.142596,0.135441,-0.008260,-0.010635,0.325477,0.353666,0.509470,1.020530,0.196235,11.454545,252
instrument,futures,HG,120,fixed,full,1761,-0.016778,-0.033266,-0.038402,-0.042624,0.261825,0.523847,0.502746,0.993956,-0.087940,21.620455,252
instrument,futures,HG,120,vol,5y,1257,-0.034350,-0.058396,-0.018552,-0.022416,0.162251,0.364027,0.494821,0.988067,-0.130422,19.559225,252
instrument,futures,HG,120,vol,3y,754,0.429551,0.413242,0.059503,0.056665,0.167404,0.160411,0.513298,1.081968,0.714808,13.265484,252
instrument,futures,HG,120,vol,1y,251,0.419426,0.414708,0.061237,0.060349,0.181112,0.152538,0.500000,1.095739,0.413884,4.127109,252
instrument,futures,HG,120,vol,IS,1232,-0.052715,-0.078669,-0.019423,-0.023339,0.152513,0.373644,0.499099,0.986339,-0.173943,19.863136,252
instrument,futures,HG,120,vol,OOS,529,0.340971,0.331836,0.044397,0.042795,0.170053,0.152538,0.509470,1.057808,0.480785,7.591044,252
instrument,futures,HG,120,vol,full,1761,0.074728,0.054179,-0.000672,-0.003926,0.157950,0.373644,0.502746,1.009884,0.143222,16.171160,252
instrument,futures,HG,180,fixed,5y,1257,-0.281302,-0.296621,-0.111675,-0.115558,0.279520,0.644156,0.486465,0.946388,-0.662474,21.668790,252
instrument,futures,HG,180,fixed,3y,754,0.247587,0.235617,0.028803,0.025215,0.291670,0.383269,0.512616,1.042944,0.407560,17.402390,252
instrument,futures,HG,180,fixed,1y,251,0.538510,0.532140,0.137864,0.135111,0.381298,0.252718,0.516000,1.120438,0.531084,12.096000,252
instrument,futures,HG,180,fixed,IS,1232,-0.156673,-0.173240,-0.057814,-0.061365,0.222487,0.571796,0.498573,0.969525,-0.383049,18.628757,252
instrument,futures,HG,180,fixed,OOS,529,0.024703,0.015324,-0.045572,-0.048501,0.325266,0.352467,0.505682,0.997236,0.022202,15.272727,252
instrument,futures,HG,180,fixed,full,1761,-0.085253,-0.098862,-0.054153,-0.057519,0.257610,0.645831,0.501266,0.981739,-0.261343,17.611364,252
instrument,futures,HG,180,vol,5y,1257,-0.289228,-0.308705,-0.058299,-0.061322,0.162224,0.419349,0.486465,0.945806,-0.689464,15.983526,252
instrument,futures,HG,180,vol,3y,754,0.249463,0.232608,0.028081,0.025187,0.167458,0.252729,0.512616,1.039752,0.402356,14.066647,252
instrument,futures,HG,180,vol,1y,251,0.583004,0.574846,0.093095,0.091494,0.181004,0.108625,0.516000,1.133202,0.573704,7.331557,252
instrument,futures,HG,180,vol,IS,1232,0.028781,0.009455,-0.006258,-0.009049,0.144640,0.385267,0.498573,1.001729,0.020906,13.966287,252
instrument,futures,HG,180,vol,OOS,529,-0.112579,-0.125261,-0.033105,-0.035201,0.170027,0.225346,0.505682,0.969712,-0.181486,10.826829,252
instrument,futures,HG,180,vol,full,1761,-0.018611,-0.035641,-0.014400,-0.016979,0.152662,0.419349,0.501266,0.993515,-0.094217,13.017452,252
instrument,futures,HG,250,fixed,5y,1257,0.293600,0.284867,0.043112,0.040571,0.279463,0.401401,0.493631,1.049935,0.636224,12.038217,252
instrument,futures,HG,250,fixed,3y,754,0.308767,0.298545,0.047322,0.044206,0.291719,0.291689,0.503320,1.055481,0.516411,14.725100,252
instrument,futures,HG,250,fixed,1y,251,0.780553,0.780553,0.247683,0.247683,0.381020,0.252718,0.524000,1.179586,0.779003,0.000000,252
instrument,futures,HG,250,fixed,IS,1232,0.620016,0.610455,0.116947,0.114686,0.216168,0.359709,0.502548,1.120020,1.349767,10.030869,252
instrument,futures,HG,250,fixed,OOS,529,0.333793,0.330185,0.055331,0.054094,0.325212,0.291689,0.520833,1.059432,0.478393,5.727273,252
instrument,futures,HG,250,fixed,full,1761,0.497916,0.490852,0.098069,0.096127,0.253797,0.401401,0.509272,1.098634,1.297569,8.734091,252
instrument,futures,HG,250,vol,5y,1257,0.352423,0.338643,0.044932,0.042619,0.162189,0.250188,0.493631,1.058915,0.756328,11.010456,252
instrument,futures,HG,250,vol,3y,754,0.375471,0.359015,0.049995,0.047130,0.167497,0.184195,0.503320,1.063941,0.621009,13.579815,252
instrument,futures,HG,250,vol,1y,251,0.836729,0.834615,0.144339,0.143906,0.180852,0.108625,0.524000,1.196822,0.832957,1.894311,252
instrument,futures,HG,250,vol,IS,1232,0.690237,0.675646,0.091586,0.089393,0.141566,0.250188,0.502548,1.133868,1.493909,9.996214,252
instrument,futures,HG,250,vol,OOS,529,0.409206,0.403986,0.056557,0.055629,0.169965,0.143225,0.520833,1.072422,0.585320,4.361731,252
instrument,futures,HG,250,vol,full,1761,0.592562,0.581239,0.080943,0.079139,0.150613,0.250188,0.509272,1.115345,1.536506,8.301127,252
instrument,futures,HG,composite,fixed,5y,1257,-0.310105,-0.338110,-0.089835,-0.095574,0.221890,0.474453,0.482068,0.922828,-0.755136,31.399682,252
instrument,futures,HG,composite,fixed,3y,754,-0.094159,-0.116636,-0.052681,-0.057946,0.244468,0.341752,0.500000,0.974879,-0.201752,27.442231,252
instrument,futures,HG,composite,fixed,1y,251,0.012303,0.002198,-0.057942,-0.061341,0.348022,0.278108,0.502326,1.005732,0.002193,17.640000,252
instrument,futures,HG,composite,fixed,IS,1232,0.166561,0.136981,0.013962,0.008995,0.166017,0.441393,0.501931,1.033438,0.302876,24.463038,252
instrument,futures,HG,composite,fixed,OOS,529,-0.234038,-0.251226,-0.099549,-0.103937,0.276894,0.308877,0.504717,0.932611,-0.363992,24.102273,252
instrument,futures,HG,composite,fixed,full,1761,-0.000590,-0.024250,-0.021563,-0.026349,0.205635,0.516202,0.503328,0.995546,-0.064106,24.340909,252
instrument,futures,HG,composite,vol,5y,1257,-0.190161,-0.222664,-0.031738,-0.035764,0.127118,0.284336,0.482068,0.950806,-0.497299,20.775839,252
instrument,futures,HG,composite,vol,3y,754,0.107354,0.079295,0.005220,0.001294,0.139344,0.166524,0.500000,1.022971,0.137161,19.394609,252
instrument,futures,HG,composite,vol,1y,251,0.237162,0.225801,0.026069,0.024096,0.169748,0.127025,0.502326,1.063872,0.225352,9.600001,252
instrument,futures,HG,composite,vol,IS,1232,0.270417,0.238475,0.023928,0.020360,0.109764,0.312361,0.501931,1.057880,0.527287,17.414315,252
instrument,futures,HG,composite,vol,OOS,529,-0.077623,-0.096764,-0.021921,-0.024680,0.146522,0.155851,0.504717,0.968092,-0.140198,14.080611,252
instrument,futures,HG,composite,vol,full,1761,0.142252,0.115253,0.009934,0.006616,0.121938,0.312361,0.503328,1.028860,0.304671,16.405246,252
instrument,futures,HG,buyhold,long1x,5y,1257,0.418529,0.418529,0.080185,0.080185,0.279295,0.348651,0.507166,1.075311,0.934744,0.000000,252
instrument,futures,HG,buyhold,long1x,3y,754,0.746593,0.746593,0.189737,0.189737,0.291320,0.252718,0.517928,1.149425,1.291426,0.000000,252
instrument,futures,HG,buyhold,long1x,1y,251,0.780553,0.780553,0.247683,0.247683,0.381020,0.252718,0.524000,1.179586,0.779003,0.000000,252
instrument,futures,HG,buyhold,long1x,IS,1232,0.629947,0.629947,0.127644,0.127644,0.234288,0.348651,0.511779,1.110896,1.392864,0.000000,252
instrument,futures,HG,buyhold,long1x,OOS,529,0.563041,0.563041,0.136941,0.136941,0.324989,0.252718,0.528409,1.107929,0.815769,0.000000,252
instrument,futures,HG,buyhold,long1x,full,1761,0.597682,0.597682,0.130429,0.130429,0.264724,0.348651,0.517045,1.111939,1.579974,0.000000,252
instrument,futures,CL,10,fixed,5y,1256,-0.693393,-0.729491,-0.304449,-0.315065,0.405476,0.923062,0.450996,0.880941,-1.628599,75.499602,252
instrument,futures,CL,10,fixed,3y,753,-0.394517,-0.432983,-0.205554,-0.217787,0.390485,0.740752,0.437500,0.930146,-0.748459,75.734043,252
instrument,futures,CL,10,fixed,1y,251,-0.172051,-0.206610,-0.194740,-0.209111,0.508225,0.431937,0.424000,0.969814,-0.206199,88.704000,252
instrument,futures,CL,10,fixed,IS,1232,0.341189,0.332443,-0.044224,-0.057737,1.594874,0.863818,0.484029,1.189427,0.735060,69.397238,252
instrument,futures,CL,10,fixed,OOS,528,-0.597175,-0.635194,-0.292760,-0.304610,0.427356,0.693426,0.430740,0.893046,-0.919440,83.203036,252
instrument,futures,CL,10,fixed,full,1760,0.224731,0.213845,-0.126789,-0.139820,1.354753,0.952162,0.467696,1.106840,0.565139,73.494031,252
instrument,futures,CL,10,vol,5y,1256,-0.578667,-0.619250,-0.102319,-0.108473,0.163791,0.605301,0.450996,0.899143,-1.382485,34.153484,252
instrument,futures,CL,10,vol,3y,753,-0.430130,-0.475507,-0.079375,-0.086319,0.162204,0.454825,0.437500,0.927261,-0.821967,37.330056,252
instrument,futures,CL,10,vol,1y,251,-0.403071,-0.447561,-0.079644,-0.086777,0.170480,0.251045,0.424000,0.931432,-0.446672,38.746105,252
instrument,futures,CL,10,vol,IS,1232,0.369381,0.347179,0.063680,0.058215,0.233153,0.382739,0.490179,1.093193,0.767641,25.568333,252
instrument,futures,CL,10,vol,OOS,528,-0.711883,-0.757769,-0.125357,-0.132366,0.168610,0.420845,0.430740,0.881447,-1.096866,39.986330,252
instrument,futures,CL,10,vol,full,1760,0.112701,0.084923,0.003037,-0.002983,0.215863,0.605301,0.471454,1.019815,0.224430,29.874432,252
instrument,futures,CL,20,fixed,5y,1256,0.327712,0.301791,0.051825,0.040781,0.405616,0.527238,0.504382,1.054682,0.673754,51.805578,252
instrument,futures,CL,20,fixed,3y,753,0.381676,0.355506,0.075059,0.064126,0.390344,0.413300,0.496011,1.060511,0.614531,50.265957,252
instrument,futures,CL,20,fixed,1y,251,0.738111,0.712887,0.277550,0.261446,0.507563,0.413300,0.512000,1.133487,0.711471,62.496000,252
instrument,futures,CL,20,fixed,IS,1232,0.640547,0.635026,0.541736,0.528086,1.593290,0.750571,0.521057,1.399043,1.404096,43.603574,252
instrument,futures,CL,20,fixed,OOS,528,0.317425,0.291180,0.044814,0.033104,0.427425,0.413300,0.491461,1.052371,0.421482,55.468691,252
instrument,futures,CL,20,fixed,full,1760,0.557880,0.550857,0.371888,0.358772,1.353499,0.750571,0.512363,1.302195,1.455777,47.133599,252
instrument,futures,CL,20,vol,5y,1256,0.343558,0.314132,0.043764,0.038788,0.163775,0.232241,0.504382,1.056445,0.701305,23.730631,252
instrument,futures,CL,20,vol,3y,753,0.370716,0.339743,0.048020,0.042824,0.162112,0.198755,0.496011,1.054273,0.587284,24.686331,252
instrument,futures,CL,20,vol,1y,251,0.840426,0.807682,0.137040,0.130904,0.170197,0.107433,0.512000,1.144341,0.806078,26.968648,252
instrument,futures,CL,20,vol,IS,1232,0.816407,0.801089,0.180182,0.176063,0.232845,0.196545,0.522630,1.228824,1.771273,17.365061,252
instrument,futures,CL,20,vol,OOS,528,0.301130,0.269333,0.037215,0.031701,0.168640,0.198755,0.491461,1.044110,0.389859,26.502314,252
instrument,futures,CL,20,vol,full,1760,0.687938,0.668843,0.135337,0.130753,0.215591,0.232241,0.513243,1.167335,1.767585,20.093702,252
instrument,futures,CL,40,fixed,5y,1256,-0.016462,-0.031292,-0.085487,-0.091097,0.405528,0.712092,0.492430,0.995984,-0.069860,30.119522,252
instrument,futures,CL,40,fixed,3y,753,0.462201,0.449538,0.109262,0.103817,0.390093,0.481487,0.498670,1.087936,0.777076,23.457447,252
instrument,futures,CL,40,fixed,1y,251,1.458041,1.452092,0.835122,0.829857,0.505633,0.298968,0.520000,1.302080,1.449208,14.112000,252
instrument,futures,CL,40,fixed,IS,1232,0.494700,0.490121,0.222208,0.213193,1.593060,0.830771,0.512175,1.299426,1.083698,36.233956,252
instrument,futures,CL,40,fixed,OOS,528,0.559449,0.548408,0.158338,0.152926,0.427027,0.411199,0.497154,1.102443,0.793817,22.952562,252
instrument,futures,CL,40,fixed,full,1760,0.460642,0.455842,0.202686,0.194789,1.353122,0.881816,0.507853,1.246663,1.204677,32.234224,252
instrument,futures,CL,40,vol,5y,1256,-0.099052,-0.115980,-0.029174,-0.031899,0.163733,0.408576,0.492430,0.982575,-0.258928,13.940449,252
instrument,futures,CL,40,vol,3y,753,0.302043,0.285625,0.036465,0.033732,0.162024,0.302301,0.498670,1.053420,0.493735,12.829525,252
instrument,futures,CL,40,vol,1y,251,1.629838,1.621283,0.298935,0.297182,0.169373,0.066384,0.520000,1.322144,1.618063,6.717956,252
instrument,futures,CL,40,vol,IS,1232,0.496857,0.484306,0.095636,0.092463,0.233011,0.290410,0.513237,1.132511,1.070840,14.409320,252
instrument,futures,CL,40,vol,OOS,528,0.423107,0.408554,0.058766,0.056208,0.168505,0.255336,0.497154,1.069144,0.591379,12.005030,252
instrument,futures,CL,40,vol,full,1760,0.474976,0.462076,0.084442,0.081458,0.215650,0.419335,0.508534,1.112791,1.221153,13.681772,252
instrument,futures,CL,60,fixed,5y,1256,0.051733,0.036452,-0.059771,-0.065679,0.405385,0.682032,0.485646,1.007677,0.081379,30.922709,252
instrument,futures,CL,60,fixed,3y,753,0.474626,0.459936,0.114717,0.108373,0.389842,0.456306,0.491345,1.090024,0.795050,28.148936,252
instrument,futures,CL,60,fixed,1y,251,1.594435,1.588666,0.964846,0.959283,0.505147,0.257636,0.548000,1.336002,1.585511,14.112000,252
instrument,futures,CL,60,fixed,IS,1232,0.436321,0.433190,0.116420,0.110788,1.591194,0.892212,0.498291,1.264615,0.957819,24.770106,252
instrument,futures,CL,60,fixed,OOS,528,0.638340,0.621877,0.198064,0.189738,0.426953,0.373650,0.497154,1.117261,0.900163,33.472486,252
instrument,futures,CL,60,fixed,full,1760,0.420053,0.415937,0.140311,0.133907,1.351540,0.927727,0.498233,1.225406,1.099218,27.649801,252
instrument,futures,CL,60,vol,5y,1256,-0.097798,-0.117009,-0.028957,-0.032046,0.163692,0.393443,0.485646,0.982411,-0.261224,15.809112,252
instrument,futures,CL,60,vol,3y,753,0.274519,0.253912,0.031857,0.028435,0.161951,0.264660,0.491345,1.047854,0.438914,16.510598,252
instrument,futures,CL,60,vol,1y,251,1.710180,1.700666,0.316520,0.314486,0.169257,0.068203,0.548000,1.341012,1.697289,7.728756,252
instrument,futures,CL,60,vol,IS,1232,0.404442,0.394738,0.072309,0.069901,0.232999,0.263111,0.498291,1.106838,0.872799,11.162069,252
instrument,futures,CL,60,vol,OOS,528,0.469205,0.445663,0.067017,0.062843,0.168518,0.205912,0.497154,1.076058,0.645094,18.803428,252
instrument,futures,CL,60,vol,full,1760,0.415879,0.403041,0.070718,0.067778,0.215642,0.393451,0.498233,1.097758,1.065136,13.655055,252
instrument,futures,CL,120,fixed,5y,1256,-0.425620,-0.438017,-0.225229,-0.229287,0.405327,0.807784,0.482072,0.928702,-0.977881,25.701992,252
instrument,futures,CL,120,fixed,3y,753,-0.817997,-0.834849,-0.326500,-0.331174,0.389796,0.729853,0.462766,0.865950,-1.443128,34.180851,252
instrument,futures,CL,120,fixed,1y,251,-0.060072,-0.070330,-0.148496,-0.153017,0.507826,0.392829,0.484000,0.994813,-0.070190,26.208000,252
instrument,futures,CL,120,fixed,IS,1232,0.484743,0.482751,0.207224,0.203365,1.590055,0.879752,0.510351,1.307753,1.067402,15.762794,252
instrument,futures,CL,120,fixed,OOS,528,-0.680913,-0.695588,-0.317859,-0.322376,0.426991,0.602264,0.459203,0.883279,-1.006860,32.516129,252
instrument,futures,CL,120,fixed,full,1760,0.334881,0.331792,0.017217,0.012919,1.350900,0.936351,0.493594,1.179206,0.876842,20.773167,252
instrument,futures,CL,120,vol,5y,1256,-0.541525,-0.558727,-0.096916,-0.099556,0.163653,0.515024,0.482072,0.911905,-1.247366,14.512913,252
instrument,futures,CL,120,vol,3y,753,-0.928101,-0.951763,-0.150491,-0.153926,0.161837,0.478748,0.462766,0.855998,-1.645228,20.106485,252
instrument,futures,CL,120,vol,1y,251,0.060438,0.042043,-0.004096,-0.007230,0.170356,0.151784,0.484000,1.015722,0.041959,15.675718,252
instrument,futures,CL,120,vol,IS,1232,0.593282,0.585539,0.120125,0.118132,0.232013,0.277753,0.510351,1.167167,1.294676,8.865603,252
instrument,futures,CL,120,vol,OOS,528,-0.811702,-0.833482,-0.139875,-0.143216,0.168439,0.371779,0.459203,0.870083,-1.206460,19.288818,252
instrument,futures,CL,120,vol,full,1760,0.257633,0.246389,0.034797,0.032301,0.215025,0.515024,0.493594,1.059687,0.651144,11.984353,252
instrument,futures,CL,180,fixed,5y,1256,-0.239043,-0.248031,-0.164500,-0.167651,0.405367,0.769990,0.501992,0.959543,-0.553733,18.473307,252
instrument,futures,CL,180,fixed,3y,753,-0.498058,-0.511120,-0.237300,-0.241353,0.390058,0.568571,0.485372,0.917218,-0.883527,26.138298,252
instrument,futures,CL,180,fixed,1y,251,0.156348,0.150789,-0.049806,-0.052509,0.507680,0.392829,0.512000,1.036813,0.150489,14.112000,252
instrument,futures,CL,180,fixed,IS,1232,0.412444,0.411060,0.095743,0.093332,1.574210,0.874588,0.515699,1.276474,0.908888,10.849716,252
instrument,futures,CL,180,fixed,OOS,528,-0.247391,-0.257516,-0.179419,-0.183113,0.427265,0.417565,0.493359,0.953110,-0.372752,21.996205,252
instrument,futures,CL,180,fixed,full,1760,0.316070,0.313940,0.004691,0.001786,1.337702,0.907127,0.508550,1.177556,0.829665,14.183059,252
instrument,futures,CL,180,vol,5y,1256,-0.183507,-0.195368,-0.042496,-0.044387,0.163679,0.399362,0.501992,0.969514,-0.436163,9.804705,252
instrument,futures,CL,180,vol,3y,753,-0.352600,-0.369491,-0.067759,-0.070371,0.162006,0.284534,0.485372,0.943797,-0.638706,13.934148,252
instrument,futures,CL,180,vol,1y,251,0.472434,0.463275,0.068172,0.066524,0.170170,0.092068,0.512000,1.094426,0.462355,7.707047,252
instrument,futures,CL,180,vol,IS,1232,0.476568,0.471196,0.086844,0.085567,0.219956,0.339114,0.515699,1.138221,1.041854,5.859704,252
instrument,futures,CL,180,vol,OOS,528,-0.095811,-0.109700,-0.029834,-0.032140,0.168574,0.211682,0.493359,0.978923,-0.158790,11.794020,252
instrument,futures,CL,180,vol,full,1760,0.332947,0.325450,0.050439,0.048826,0.205875,0.399362,0.508550,1.081184,0.860082,7.635280,252
instrument,futures,CL,250,fixed,5y,1256,-0.086786,-0.092701,-0.111249,-0.113431,0.405323,0.676581,0.497211,0.985522,-0.206956,12.047809,252
instrument,futures,CL,250,fixed,3y,753,-0.241392,-0.249194,-0.156947,-0.159590,0.390099,0.398616,0.481383,0.960897,-0.430759,15.414894,252
instrument,futures,CL,250,fixed,1y,251,-0.049283,-0.050070,-0.143977,-0.144344,0.507681,0.392829,0.516000,0.998590,-0.049970,2.016000,252
instrument,futures,CL,250,fixed,IS,1232,-0.134753,-0.140406,-0.097699,-0.099467,0.337577,0.659207,0.500510,0.974171,-0.310448,9.621446,252
instrument,futures,CL,250,fixed,OOS,528,0.104694,0.100207,-0.046055,-0.047904,0.427116,0.392829,0.499051,1.019807,0.145049,9.563567,252
instrument,futures,CL,250,fixed,full,1760,-0.050254,-0.055475,-0.082507,-0.084299,0.366625,0.676581,0.499669,0.989779,-0.146606,9.598636,252
instrument,futures,CL,250,vol,5y,1256,-0.105921,-0.114494,-0.030267,-0.031646,0.163658,0.365293,0.497211,0.982822,-0.255610,7.057438,252
instrument,futures,CL,250,vol,3y,753,-0.212074,-0.223332,-0.046315,-0.048086,0.161993,0.228479,0.481383,0.967206,-0.386054,9.230085,252
instrument,futures,CL,250,vol,1y,251,0.120234,0.117338,0.006061,0.005564,0.170228,0.136039,0.516000,1.029367,0.117105,2.446962,252
instrument,futures,CL,250,vol,IS,1232,-0.149193,-0.156736,-0.030443,-0.031490,0.140718,0.343328,0.500510,0.970589,-0.346556,5.358172,252
instrument,futures,CL,250,vol,OOS,528,0.253523,0.245867,0.028972,0.027649,0.168459,0.136039,0.499051,1.045470,0.355891,6.397937,252
instrument,futures,CL,250,vol,full,1760,-0.012579,-0.020150,-0.012988,-0.014115,0.149544,0.365293,0.499669,0.996309,-0.053251,5.667615,252
instrument,futures,CL,composite,fixed,5y,1256,-0.044691,-0.063984,-0.057491,-0.062990,0.301336,0.577436,0.487395,0.989986,-0.142846,29.115538,252
instrument,futures,CL,composite,fixed,3y,753,-0.067527,-0.088212,-0.061028,-0.066726,0.292536,0.394438,0.481366,0.985508,-0.152484,30.327128,252
instrument,futures,CL,composite,fixed,1y,251,0.677351,0.664648,0.213723,0.207370,0.414960,0.248587,0.532020,1.171650,0.663328,26.208000,252
instrument,futures,CL,composite,fixed,IS,1232,0.068046,0.050921,-0.011589,-0.015572,0.234576,0.436909,0.503075,1.012495,0.112591,20.061738,252
instrument,futures,CL,composite,fixed,OOS,528,0.121704,0.103334,-0.015403,-0.021425,0.333070,0.260775,0.495516,1.023487,0.149575,30.364326,252
instrument,futures,CL,composite,fixed,full,1760,0.087116,0.069764,-0.012735,-0.017332,0.267854,0.577436,0.500397,1.016709,0.184370,23.208641,252
instrument,futures,CL,composite,vol,5y,1256,-0.139738,-0.163582,-0.023052,-0.025802,0.117544,0.304510,0.487395,0.972401,-0.365199,14.065042,252
instrument,futures,CL,composite,vol,3y,753,-0.176065,-0.204002,-0.026066,-0.029168,0.113546,0.229233,0.481366,0.965329,-0.352641,15.935694,252
instrument,futures,CL,composite,vol,1y,251,0.865723,0.846875,0.112757,0.109988,0.133736,0.064556,0.532020,1.203979,0.845193,12.485714,252
instrument,futures,CL,composite,vol,IS,1232,0.019774,0.001471,-0.002964,-0.004778,0.099238,0.202416,0.503075,1.001385,0.003252,9.083069,252
instrument,futures,CL,composite,vol,OOS,528,0.072594,0.047031,0.001363,-0.001798,0.123555,0.134576,0.495516,1.010285,0.068077,15.629109,252
instrument,futures,CL,composite,vol,full,1760,0.037960,0.017234,-0.001668,-0.003885,0.107078,0.304510,0.500397,1.004779,0.045546,11.091847,252
instrument,futures,CL,buyhold,long1x,5y,1256,0.174350,0.174350,-0.012188,-0.012188,0.405187,0.553193,0.525100,1.031841,0.389240,0.000000,252
instrument,futures,CL,buyhold,long1x,3y,753,0.162944,0.162944,-0.013128,-0.013128,0.389977,0.410013,0.507979,1.024874,0.281667,0.000000,252
instrument,futures,CL,buyhold,long1x,1y,251,0.330216,0.330216,0.038048,0.038048,0.507524,0.392829,0.520000,1.055275,0.329561,0.000000,252
instrument,futures,CL,buyhold,long1x,IS,1232,-0.343485,-0.343485,0.068810,0.068810,1.594908,1.594753,0.536149,0.836400,-0.759474,0.000000,252
instrument,futures,CL,buyhold,long1x,OOS,528,0.053143,0.053143,-0.067088,-0.067088,0.427051,0.392829,0.508539,1.011177,0.076924,0.000000,252
instrument,futures,CL,buyhold,long1x,full,1760,-0.278056,-0.278056,0.026083,0.026083,1.354655,1.594753,0.527572,0.876522,-0.734833,0.000000,252
instrument,futures,NG,10,fixed,5y,1257,-0.238863,-0.256090,-0.429719,-0.438348,0.837671,0.957876,0.489633,0.955697,-0.571952,73.031847,252
instrument,futures,NG,10,fixed,3y,754,-0.401118,-0.418145,-0.485422,-0.492871,0.799298,0.884444,0.503329,0.926373,-0.723289,68.940239,252
instrument,futures,NG,10,fixed,1y,251,0.045590,0.029652,-0.363917,-0.373719,0.934082,0.582347,0.520161,1.008418,0.029593,74.592000,252
instrument,futures,NG,10,fixed,IS,1232,-0.093457,-0.112619,-0.287752,-0.298175,0.737541,0.922395,0.487305,0.980339,-0.249009,71.034931,252
instrument,futures,NG,10,fixed,OOS,529,-0.219334,-0.236880,-0.431918,-0.440681,0.838132,0.791909,0.505703,0.953257,-0.343207,74.454545,252
instrument,futures,NG,10,fixed,full,1761,-0.134536,-0.153139,-0.334533,-0.344430,0.768907,0.973326,0.493135,0.972724,-0.404823,72.020455,252
instrument,futures,NG,10,vol,5y,1257,-0.282640,-0.302371,-0.059125,-0.062289,0.166705,0.356620,0.489633,0.949735,-0.675316,16.702824,252
instrument,futures,NG,10,vol,3y,754,-0.552209,-0.571508,-0.097907,-0.100852,0.162695,0.301493,0.503329,0.903980,-0.988571,16.069990,252
instrument,futures,NG,10,vol,1y,251,-0.221112,-0.241991,-0.051346,-0.054817,0.171717,0.117438,0.520161,0.954271,-0.241511,18.212613,252
instrument,futures,NG,10,vol,IS,1232,-0.015991,-0.038421,-0.015365,-0.018946,0.161077,0.266252,0.483348,0.993334,-0.084953,18.093348,252
instrument,futures,NG,10,vol,OOS,529,-0.364146,-0.384420,-0.069603,-0.072745,0.162098,0.229335,0.505703,0.930003,-0.556973,16.791517,252
instrument,futures,NG,10,vol,full,1761,-0.121064,-0.142852,-0.031982,-0.035427,0.161346,0.356620,0.490577,0.975131,-0.377629,17.692523,252
instrument,futures,NG,20,fixed,5y,1257,-0.379357,-0.393256,-0.493686,-0.499976,0.836701,0.984908,0.498803,0.932440,-0.878300,59.388535,252
instrument,futures,NG,20,fixed,3y,754,-0.791482,-0.806375,-0.624203,-0.629107,0.798494,0.956934,0.498670,0.862100,-1.394834,62.247012,252
instrument,futures,NG,20,fixed,1y,251,-1.077798,-1.091445,-0.779449,-0.782689,0.932463,0.842902,0.516000,0.787507,-1.089278,68.544000,252
instrument,futures,NG,20,fixed,IS,1232,-0.044863,-0.058458,-0.261110,-0.268779,0.735569,0.867849,0.496689,0.989723,-0.129256,50.154346,252
instrument,futures,NG,20,fixed,OOS,529,-0.834768,-0.848876,-0.661870,-0.666287,0.837006,0.929487,0.491461,0.848678,-1.229906,62.045455,252
instrument,futures,NG,20,fixed,full,1761,-0.303550,-0.317310,-0.415754,-0.422289,0.767452,0.984908,0.495392,0.944084,-0.838808,53.693182,252
instrument,futures,NG,20,vol,5y,1257,-0.282503,-0.297207,-0.059077,-0.061434,0.166583,0.466585,0.498803,0.950542,-0.663782,12.439998,252
instrument,futures,NG,20,vol,3y,754,-0.758173,-0.774134,-0.127578,-0.129954,0.162603,0.381421,0.498670,0.871901,-1.339065,13.525763,252
instrument,futures,NG,20,vol,1y,251,-0.830284,-0.845495,-0.145505,-0.147870,0.171644,0.222401,0.516000,0.845514,-0.843816,13.753165,252
instrument,futures,NG,20,vol,IS,1232,0.182013,0.167851,0.016501,0.014190,0.160904,0.280935,0.499144,1.029826,0.371133,11.297110,252
instrument,futures,NG,20,vol,OOS,529,-0.790235,-0.805553,-0.131570,-0.133831,0.161942,0.322000,0.491461,0.861538,-1.167137,12.946073,252
instrument,futures,NG,20,vol,full,1761,-0.111332,-0.125859,-0.030453,-0.032754,0.161235,0.466585,0.497052,0.978049,-0.332709,11.785385,252
instrument,futures,NG,40,fixed,5y,1257,-0.150219,-0.157807,-0.394397,-0.398538,0.837510,0.957855,0.508758,0.972636,-0.352447,32.101911,252
instrument,futures,NG,40,fixed,3y,754,-0.171174,-0.179771,-0.380117,-0.384708,0.799358,0.809565,0.501992,0.968095,-0.310960,34.804781,252
instrument,futures,NG,40,fixed,1y,251,-0.095915,-0.100590,-0.441502,-0.444364,0.934262,0.629622,0.484000,0.979822,-0.100390,22.176000,252
instrument,futures,NG,40,fixed,IS,1232,-0.437415,-0.448213,-0.454326,-0.458975,0.735099,0.960238,0.494542,0.923201,-0.991036,40.737612,252
instrument,futures,NG,40,fixed,OOS,529,0.063455,0.056604,-0.277341,-0.281784,0.838046,0.718507,0.505682,1.007763,0.082012,28.636364,252
instrument,futures,NG,40,fixed,full,1761,-0.272332,-0.281836,-0.406279,-0.410916,0.767312,0.977299,0.498256,0.950002,-0.745033,37.084091,252
instrument,futures,NG,40,vol,5y,1257,-0.125930,-0.134424,-0.034313,-0.035704,0.166679,0.358397,0.508758,0.978043,-0.300222,7.138079,252
instrument,futures,NG,40,vol,3y,754,-0.359147,-0.369108,-0.069180,-0.070742,0.162748,0.241801,0.501992,0.937190,-0.638467,8.314310,252
instrument,futures,NG,40,vol,1y,251,-0.353157,-0.359406,-0.072665,-0.073718,0.171796,0.159194,0.484000,0.932115,-0.358692,5.588130,252
instrument,futures,NG,40,vol,IS,1232,-0.258624,-0.270912,-0.053135,-0.055054,0.161003,0.328249,0.499573,0.953810,-0.599009,10.054717,252
instrument,futures,NG,40,vol,OOS,529,-0.087909,-0.095952,-0.027030,-0.028319,0.162136,0.191972,0.505682,0.979985,-0.139021,6.568566,252
instrument,futures,NG,40,vol,full,1761,-0.207137,-0.218155,-0.045367,-0.047101,0.161300,0.358397,0.501765,0.962250,-0.576692,9.003164,252
instrument,futures,NG,60,fixed,5y,1257,-0.048018,-0.053933,-0.341025,-0.344568,0.837515,0.932194,0.507166,0.990878,-0.120454,24.878981,252
instrument,futures,NG,60,fixed,3y,754,-0.229971,-0.236882,-0.408940,-0.412495,0.799252,0.857723,0.496680,0.957932,-0.409748,28.111554,252
instrument,futures,NG,60,fixed,1y,251,-0.863994,-0.872414,-0.727967,-0.730497,0.933038,0.750678,0.460000,0.826591,-0.870682,42.336000,252
instrument,futures,NG,60,fixed,IS,1232,-0.002493,-0.010800,-0.248270,-0.253087,0.733589,0.928203,0.509837,0.998091,-0.023880,30.502031,252
instrument,futures,NG,60,fixed,OOS,529,-0.505828,-0.513278,-0.552145,-0.555276,0.837702,0.857723,0.488636,0.904606,-0.743670,32.454545,252
instrument,futures,NG,60,fixed,full,1761,-0.167792,-0.175809,-0.356580,-0.360815,0.766207,0.966106,0.503534,0.968361,-0.464751,31.070455,252
instrument,futures,NG,60,vol,5y,1257,-0.029725,-0.036981,-0.018712,-0.019911,0.166665,0.295772,0.507166,0.994853,-0.082594,6.060497,252
instrument,futures,NG,60,vol,3y,754,-0.364527,-0.373490,-0.069989,-0.071385,0.162718,0.275822,0.496680,0.936468,-0.646047,7.449278,252
instrument,futures,NG,60,vol,1y,251,-1.132426,-1.144733,-0.188432,-0.190275,0.171409,0.207775,0.460000,0.796131,-1.142460,11.286041,252
instrument,futures,NG,60,vol,IS,1232,0.126455,0.116562,0.007388,0.005783,0.160862,0.299704,0.509837,1.020634,0.257728,7.909364,252
instrument,futures,NG,60,vol,OOS,529,-0.684501,-0.694372,-0.116609,-0.118090,0.161998,0.272484,0.488636,0.879222,-1.006050,8.325448,252
instrument,futures,NG,60,vol,full,1761,-0.118349,-0.128242,-0.031586,-0.033153,0.161203,0.299704,0.503534,0.977635,-0.339007,8.029700,252
instrument,futures,NG,120,fixed,5y,1257,-0.006839,-0.013543,-0.305471,-0.309511,0.837000,0.911427,0.499601,0.998086,-0.030248,28.089172,252
instrument,futures,NG,120,fixed,3y,754,-0.236445,-0.245234,-0.409633,-0.413954,0.798474,0.854465,0.491345,0.954869,-0.424195,35.474104,252
instrument,futures,NG,120,fixed,1y,251,-0.667082,-0.673381,-0.669698,-0.671768,0.931860,0.741879,0.473896,0.863222,-0.672043,30.240000,252
instrument,futures,NG,120,fixed,IS,1232,0.223362,0.218528,-0.094506,-0.097752,0.726249,0.755103,0.500901,1.041104,0.483183,17.400487,252
instrument,futures,NG,120,fixed,OOS,529,-0.137615,-0.145989,-0.386793,-0.391275,0.837024,0.813357,0.486692,0.975613,-0.211518,35.318182,252
instrument,futures,NG,120,fixed,full,1761,0.103669,0.097662,-0.194557,-0.198347,0.761023,0.911427,0.496029,1.018396,0.258171,22.765909,252
instrument,futures,NG,120,vol,5y,1257,0.091001,0.083134,0.001311,-0.000004,0.166572,0.257072,0.499601,1.016014,0.185672,6.533377,252
instrument,futures,NG,120,vol,3y,754,-0.290833,-0.301147,-0.058716,-0.060323,0.162595,0.257072,0.491345,0.946937,-0.520912,8.496216,252
instrument,futures,NG,120,vol,1y,251,-1.047478,-1.055063,-0.176334,-0.177465,0.171159,0.225892,0.473896,0.809976,-1.052968,6.830428,252
instrument,futures,NG,120,vol,IS,1232,0.446930,0.440609,0.059111,0.058081,0.155478,0.152519,0.500901,1.082574,0.974224,4.844928,252
instrument,futures,NG,120,vol,OOS,529,-0.276818,-0.286455,-0.056275,-0.057776,0.161921,0.257072,0.486692,0.952003,-0.415035,7.913601,252
instrument,futures,NG,120,vol,full,1761,0.223304,0.215925,0.023040,0.021855,0.157430,0.257072,0.496029,1.039761,0.570797,5.762782,252
instrument,futures,NG,180,fixed,5y,1257,-0.160835,-0.165674,-0.391439,-0.394064,0.837329,0.976298,0.501992,0.971275,-0.370016,20.464968,252
instrument,futures,NG,180,fixed,3y,754,-0.934656,-0.941297,-0.663604,-0.665598,0.797875,0.964120,0.482713,0.839519,-1.628217,28.111554,252
instrument,futures,NG,180,fixed,1y,251,-1.231533,-1.241078,-0.807187,-0.809173,0.931553,0.820482,0.460000,0.759142,-1.238613,48.384000,252
instrument,futures,NG,180,fixed,IS,1232,-0.026635,-0.029535,-0.242683,-0.244346,0.718244,0.817705,0.511429,0.994447,-0.065305,10.440292,252
instrument,futures,NG,180,fixed,OOS,529,-0.689558,-0.696730,-0.616071,-0.618635,0.837277,0.872947,0.481061,0.878953,-1.009467,31.500000,252
instrument,futures,NG,180,fixed,full,1761,-0.247104,-0.251460,-0.382478,-0.384667,0.755906,0.976298,0.500950,0.953437,-0.664734,16.752273,252
instrument,futures,NG,180,vol,5y,1257,-0.208891,-0.214985,-0.047512,-0.048498,0.166632,0.482365,0.501992,0.964366,-0.480149,5.136011,252
instrument,futures,NG,180,vol,3y,754,-1.114462,-1.122506,-0.176471,-0.177631,0.162354,0.452094,0.482713,0.818012,-1.941665,6.988978,252
instrument,futures,NG,180,vol,1y,251,-1.654267,-1.666285,-0.257272,-0.259015,0.170954,0.270690,0.460000,0.714015,-1.662975,11.634515,252
instrument,futures,NG,180,vol,IS,1232,0.087542,0.083696,0.001806,0.001221,0.151433,0.265019,0.511429,1.015683,0.185058,2.903349,252
instrument,futures,NG,180,vol,OOS,529,-0.924341,-0.933123,-0.150177,-0.151476,0.161880,0.304082,0.481061,0.846741,-1.351968,7.576708,252
instrument,futures,NG,180,vol,full,1761,-0.230556,-0.236044,-0.046504,-0.047332,0.154671,0.482365,0.500950,0.957483,-0.623983,4.303712,252
instrument,futures,NG,250,fixed,5y,1257,-0.167106,-0.169660,-0.395945,-0.397347,0.837259,0.970713,0.510350,0.970580,-0.378918,10.834395,252
instrument,futures,NG,250,fixed,3y,754,-0.520499,-0.524365,-0.533326,-0.534924,0.798740,0.910708,0.503320,0.906902,-0.907025,16.063745,252
instrument,futures,NG,250,fixed,1y,251,-0.886877,-0.890438,-0.735918,-0.736976,0.932626,0.775422,0.480000,0.820410,-0.888669,18.144000,252
instrument,futures,NG,250,fixed,IS,1232,-0.028760,-0.031272,-0.232377,-0.233808,0.698574,0.857515,0.507645,0.993860,-0.069146,8.802600,252
instrument,futures,NG,250,fixed,OOS,529,-0.421316,-0.424609,-0.522089,-0.523571,0.837600,0.840510,0.503788,0.919940,-0.615200,14.318182,252
instrument,futures,NG,250,fixed,full,1761,-0.161610,-0.164385,-0.334227,-0.335716,0.742894,0.970713,0.506623,0.968441,-0.434552,10.452273,252
instrument,futures,NG,250,vol,5y,1257,-0.139690,-0.143018,-0.036471,-0.037015,0.166623,0.418322,0.510350,0.976577,-0.319417,2.796504,252
instrument,futures,NG,250,vol,3y,754,-0.615407,-0.619892,-0.107155,-0.107839,0.162605,0.312240,0.503320,0.894755,-1.072263,3.797043,252
instrument,futures,NG,250,vol,1y,251,-1.079578,-1.084074,-0.181100,-0.181804,0.171395,0.214820,0.480000,0.803068,-1.081921,4.241156,252
instrument,futures,NG,250,vol,IS,1232,0.165737,0.162452,0.013653,0.013168,0.145916,0.269063,0.507645,1.031923,0.359194,2.377064,252
instrument,futures,NG,250,vol,OOS,529,-0.558180,-0.562295,-0.098414,-0.099049,0.162007,0.247363,0.503788,0.900532,-0.814689,3.481449,252
instrument,futures,NG,250,vol,full,1761,-0.067867,-0.071437,-0.021402,-0.021937,0.150920,0.418322,0.506623,0.986571,-0.188845,2.707034,252
instrument,futures,NG,composite,fixed,5y,1257,-0.209021,-0.218892,-0.274741,-0.279159,0.601748,0.887568,0.501044,0.953855,-0.488873,29.894904,252
instrument,futures,NG,composite,fixed,3y,754,-0.606029,-0.617452,-0.422476,-0.426503,0.585790,0.847524,0.486034,0.855756,-1.068043,34.135458,252
instrument,futures,NG,composite,fixed,1y,251,-1.122777,-1.132495,-0.679307,-0.681805,0.725757,0.695383,0.448864,0.699106,-1.130246,37.296000,252
instrument,futures,NG,composite,fixed,IS,1232,0.129897,0.120701,-0.055401,-0.059635,0.483996,0.587335,0.506281,1.028721,0.266879,22.211210,252
instrument,futures,NG,composite,fixed,OOS,529,-0.650275,-0.661332,-0.457898,-0.461744,0.611340,0.778389,0.476190,0.841592,-0.958180,34.602273,252
instrument,futures,NG,composite,fixed,full,1761,-0.143524,-0.153343,-0.200531,-0.204742,0.525493,0.887568,0.497021,0.964512,-0.405362,25.915909,252
instrument,futures,NG,composite,vol,5y,1257,-0.127972,-0.138874,-0.021701,-0.022961,0.117427,0.305559,0.501044,0.973386,-0.310163,6.426062,252
instrument,futures,NG,composite,vol,3y,754,-0.763335,-0.777153,-0.084553,-0.085954,0.108046,0.271595,0.486034,0.832873,-1.344288,7.641471,252
instrument,futures,NG,composite,vol,1y,251,-1.495574,-1.508580,-0.166521,-0.167879,0.117167,0.177288,0.448864,0.655426,-1.505584,8.139753,252
instrument,futures,NG,composite,vol,IS,1232,0.391792,0.382062,0.036283,0.035230,0.105079,0.142415,0.506281,1.091677,0.844771,5.079822,252
instrument,futures,NG,composite,vol,OOS,529,-0.892875,-0.906754,-0.094276,-0.095633,0.104734,0.222330,0.476190,0.805697,-1.313763,7.483327,252
instrument,futures,NG,composite,vol,full,1761,0.006833,-0.004204,-0.004800,-0.005956,0.105018,0.305559,0.497021,0.999774,-0.011114,5.797990,252
instrument,futures,NG,buyhold,long1x,5y,1257,0.397175,0.397175,-0.022362,-0.022362,0.836882,0.837293,0.511146,1.074147,0.887052,0.000000,252
instrument,futures,NG,buyhold,long1x,3y,754,0.505958,0.505958,0.076076,0.076076,0.798533,0.661796,0.501992,1.098910,0.875185,0.000000,252
instrument,futures,NG,buyhold,long1x,1y,251,0.469663,0.469663,-0.040903,-0.040903,0.933345,0.661796,0.540000,1.106946,0.468730,0.000000,252
instrument,futures,NG,buyhold,long1x,IS,1232,0.375536,0.375536,0.009772,0.009772,0.737188,0.837293,0.501219,1.068293,0.830342,0.000000,252
instrument,futures,NG,buyhold,long1x,OOS,529,0.585940,0.585940,0.128670,0.128670,0.837087,0.661796,0.511364,1.114080,0.848947,0.000000,252
instrument,futures,NG,buyhold,long1x,full,1761,0.443834,0.443834,0.044108,0.044108,0.768346,0.837293,0.504545,1.083324,1.173276,0.000000,252
instrument,futures,ZB,10,fixed,5y,1257,0.099793,-0.026352,0.004891,-0.009594,0.115005,0.276128,0.487179,0.994152,-0.058855,72.229299,252
instrument,futures,ZB,10,fixed,3y,754,-0.153592,-0.286571,-0.021646,-0.035619,0.106715,0.233664,0.477273,0.954107,-0.495699,71.617530,252
instrument,futures,ZB,10,fixed,1y,251,-0.120476,-0.307159,-0.012443,-0.027061,0.079162,0.069992,0.489879,0.971491,-0.306549,72.576000,252
instrument,futures,ZB,10,fixed,IS,1232,0.007074,-0.117638,-0.006224,-0.021040,0.119772,0.330717,0.483128,0.980898,-0.260108,74.719740,252
instrument,futures,ZB,10,fixed,OOS,529,-0.694721,-0.851514,-0.068410,-0.082926,0.096219,0.199410,0.472275,0.879378,-1.233729,77.318182,252
instrument,futures,ZB,10,fixed,full,1761,-0.171876,-0.304493,-0.025329,-0.040057,0.113203,0.348402,0.479586,0.951163,-0.804926,75.743182,252
instrument,futures,ZB,10,vol,5y,1257,0.034504,-0.104796,-0.006429,-0.027688,0.154338,0.400393,0.487179,0.981002,-0.234053,107.393568,252
instrument,futures,ZB,10,vol,3y,754,-0.254158,-0.403343,-0.048424,-0.070173,0.151825,0.340463,0.477273,0.937086,-0.697686,114.855580,252
instrument,futures,ZB,10,vol,1y,251,-0.138888,-0.341583,-0.031186,-0.060602,0.150164,0.149478,0.489879,0.961157,-0.340904,150.865808,252
instrument,futures,ZB,10,vol,IS,1232,0.014554,-0.117487,-0.009430,-0.029527,0.154111,0.397947,0.482403,0.980806,-0.259773,101.751845,252
instrument,futures,ZB,10,vol,OOS,529,-0.597069,-0.767488,-0.096341,-0.120268,0.151913,0.303538,0.472275,0.891142,-1.111985,132.036568,252
instrument,futures,ZB,10,vol,full,1761,-0.167161,-0.310816,-0.036381,-0.057727,0.153438,0.457834,0.478982,0.950255,-0.821642,111.192567,252
instrument,futures,ZB,20,fixed,5y,1257,-0.251681,-0.335656,-0.034707,-0.044165,0.114900,0.242255,0.476800,0.945613,-0.749656,48.955414,252
instrument,futures,ZB,20,fixed,3y,754,-0.256366,-0.349057,-0.032295,-0.042007,0.106662,0.237302,0.470588,0.944470,-0.603784,50.199203,252
instrument,futures,ZB,20,fixed,1y,251,-2.385611,-2.531747,-0.171693,-0.182655,0.078423,0.184722,0.427419,0.674202,-2.526719,66.528000,252
instrument,futures,ZB,20,fixed,IS,1232,0.176952,0.104463,0.014056,0.005363,0.119149,0.169907,0.493377,1.017930,0.230977,42.784728,252
instrument,futures,ZB,20,fixed,OOS,529,-0.935371,-1.048224,-0.089772,-0.100176,0.096265,0.237302,0.467557,0.851613,-1.518734,57.272727,252
instrument,futures,ZB,20,fixed,full,1761,-0.108570,-0.191555,-0.018321,-0.027579,0.112784,0.243609,0.485286,0.968944,-0.506377,47.106818,252
instrument,futures,ZB,20,vol,5y,1257,-0.413433,-0.511380,-0.072463,-0.086830,0.154307,0.401814,0.476800,0.919105,-1.142118,77.409384,252
instrument,futures,ZB,20,vol,3y,754,-0.508854,-0.617629,-0.084393,-0.099965,0.151843,0.384211,0.470588,0.905364,-1.068349,85.116821,252
instrument,futures,ZB,20,vol,1y,251,-2.292497,-2.452587,-0.294349,-0.313432,0.148719,0.316699,0.427419,0.679241,-2.447716,136.323625,252
instrument,futures,ZB,20,vol,IS,1232,0.203691,0.119571,0.019678,0.006594,0.153950,0.247896,0.494863,1.020678,0.264381,64.050103,252
instrument,futures,ZB,20,vol,OOS,529,-1.061064,-1.186782,-0.157614,-0.174669,0.151976,0.384211,0.467557,0.832814,-1.719486,101.540611,252
instrument,futures,ZB,20,vol,full,1761,-0.172106,-0.269203,-0.037182,-0.051686,0.153424,0.425532,0.486119,0.956670,-0.711637,75.261726,252
instrument,futures,ZB,40,fixed,5y,1257,0.130245,0.072582,0.008394,0.001747,0.114780,0.221476,0.491620,1.009849,0.162104,32.904459,252
instrument,futures,ZB,40,fixed,3y,754,0.203625,0.149095,0.016122,0.010268,0.106465,0.136349,0.487350,1.023389,0.257897,28.780876,252
instrument,futures,ZB,40,fixed,1y,251,-0.337407,-0.441874,-0.029184,-0.037375,0.079143,0.058322,0.473896,0.913122,-0.440996,42.336000,252
instrument,futures,ZB,40,fixed,IS,1232,0.499541,0.444771,0.053352,0.046661,0.118267,0.221476,0.500421,1.078386,0.983426,31.730301,252
instrument,futures,ZB,40,fixed,OOS,529,0.046811,-0.022628,-0.000104,-0.006781,0.096257,0.136349,0.499051,0.989608,-0.032785,33.409091,252
instrument,futures,ZB,40,fixed,full,1761,0.380871,0.322461,0.037000,0.030312,0.112095,0.221476,0.500291,1.055585,0.852425,32.215909,252
instrument,futures,ZB,40,vol,5y,1257,0.188727,0.123167,0.017348,0.007139,0.154080,0.236109,0.491620,1.017011,0.275081,50.093071,252
instrument,futures,ZB,40,vol,3y,754,0.185222,0.120917,0.016731,0.006883,0.151597,0.184665,0.487350,1.018609,0.209157,48.369659,252
instrument,futures,ZB,40,vol,1y,251,-0.286023,-0.393252,-0.052300,-0.067781,0.149991,0.090997,0.473896,0.924715,-0.392471,81.989440,252
instrument,futures,ZB,40,vol,IS,1232,0.779089,0.717428,0.113527,0.103297,0.153414,0.236109,0.499572,1.129010,1.586294,45.923005,252
instrument,futures,ZB,40,vol,OOS,529,0.065817,-0.011071,-0.001481,-0.013132,0.152023,0.184665,0.499051,0.992060,-0.016040,58.369914,252
instrument,futures,ZB,40,vol,full,1761,0.566408,0.500006,0.077652,0.066948,0.152989,0.236109,0.499705,1.086602,1.321767,49.631848,252
instrument,futures,ZB,60,fixed,5y,1257,-0.350351,-0.391583,-0.045490,-0.050100,0.114505,0.295057,0.484848,0.937027,-0.874564,24.076433,252
instrument,futures,ZB,60,fixed,3y,754,-0.093025,-0.134247,-0.015396,-0.019756,0.106469,0.191488,0.485372,0.977541,-0.232215,22.087649,252
instrument,futures,ZB,60,fixed,1y,251,-0.122790,-0.188198,-0.012652,-0.017825,0.079039,0.057278,0.485944,0.951547,-0.187825,26.208000,252
instrument,futures,ZB,60,fixed,IS,1232,0.080814,0.037740,0.002614,-0.002445,0.117253,0.271318,0.498291,1.006587,0.083446,25.179529,252
instrument,futures,ZB,60,fixed,OOS,529,-0.484796,-0.540585,-0.049795,-0.055063,0.096207,0.153037,0.491461,0.910802,-0.783234,27.681818,252
instrument,futures,ZB,60,fixed,full,1761,-0.066142,-0.112519,-0.013426,-0.018552,0.111335,0.295057,0.496466,0.981367,-0.297444,25.915909,252
instrument,futures,ZB,60,vol,5y,1257,-0.335705,-0.383987,-0.061321,-0.068456,0.153834,0.357327,0.484848,0.937906,-0.857598,37.847152,252
instrument,futures,ZB,60,vol,3y,754,-0.100206,-0.150458,-0.026201,-0.033698,0.151577,0.263611,0.485372,0.975354,-0.260256,38.354701,252
instrument,futures,ZB,60,vol,1y,251,-0.171838,-0.244212,-0.035991,-0.046637,0.149796,0.117059,0.485944,0.947432,-0.243727,55.114750,252
instrument,futures,ZB,60,vol,IS,1232,0.264451,0.211263,0.029203,0.020878,0.153438,0.299034,0.498291,1.036411,0.467121,40.369924,252
instrument,futures,ZB,60,vol,OOS,529,-0.451310,-0.513362,-0.076656,-0.085638,0.151916,0.233738,0.491461,0.915600,-0.743792,48.509988,252
instrument,futures,ZB,60,vol,full,1761,0.051156,-0.004897,-0.003813,-0.012361,0.152973,0.357327,0.496466,0.999338,-0.012945,42.789868,252
instrument,futures,ZB,120,fixed,5y,1257,-0.360675,-0.401940,-0.046651,-0.051253,0.114559,0.433508,0.492812,0.939384,-0.897694,24.076433,252
instrument,futures,ZB,120,fixed,3y,754,-1.052277,-1.106926,-0.110451,-0.115938,0.106206,0.431944,0.470667,0.835398,-1.914714,30.788845,252
instrument,futures,ZB,120,fixed,1y,251,-0.798029,-0.885042,-0.063577,-0.070357,0.078913,0.126171,0.514056,0.882542,-0.883285,36.288000,252
instrument,futures,ZB,120,fixed,IS,1232,0.435010,0.410881,0.044429,0.041560,0.115282,0.216171,0.515315,1.074941,0.908492,13.715678,252
instrument,futures,ZB,120,fixed,OOS,529,-1.299516,-1.365399,-0.120658,-0.126708,0.095841,0.306601,0.474286,0.797708,-1.978277,34.363636,252
instrument,futures,ZB,120,fixed,full,1761,-0.019996,-0.056162,-0.008180,-0.012138,0.109898,0.433508,0.502445,0.990625,-0.148465,19.902273,252
instrument,futures,ZB,120,vol,5y,1257,-0.399296,-0.452052,-0.070463,-0.078198,0.153894,0.558242,0.492812,0.933348,-1.009616,41.465303,252
instrument,futures,ZB,120,vol,3y,754,-1.000721,-1.066583,-0.149773,-0.158780,0.151322,0.558242,0.470667,0.842447,-1.844930,52.836301,252
instrument,futures,ZB,120,vol,1y,251,-0.596207,-0.692190,-0.095028,-0.108527,0.149779,0.221561,0.514056,0.906204,-0.690816,74.754419,252
instrument,futures,ZB,120,vol,IS,1232,0.597856,0.564284,0.081441,0.076075,0.149800,0.240567,0.515315,1.102994,1.247680,24.803396,252
instrument,futures,ZB,120,vol,OOS,529,-1.220626,-1.296428,-0.177591,-0.187812,0.151540,0.451610,0.474286,0.807551,-1.878347,62.030736,252
instrument,futures,ZB,120,vol,full,1761,0.048665,0.000804,-0.003950,-0.011132,0.150501,0.558242,0.502445,1.000350,0.002126,35.958368,252
instrument,futures,ZB,180,fixed,5y,1257,-0.021540,-0.059949,-0.008978,-0.013365,0.114703,0.254110,0.500398,0.992499,-0.133891,22.070064,252
instrument,futures,ZB,180,fixed,3y,754,-0.323827,-0.378102,-0.039239,-0.044907,0.106521,0.229546,0.480053,0.942047,-0.654024,29.450199,252
instrument,futures,ZB,180,fixed,1y,251,-0.992196,-1.121168,-0.077774,-0.087769,0.079136,0.120429,0.445783,0.817079,-1.118941,54.432000,252
instrument,futures,ZB,180,fixed,IS,1232,0.283395,0.271329,0.024768,0.023464,0.106305,0.174020,0.516651,1.048962,0.599930,6.346060,252
instrument,futures,ZB,180,fixed,OOS,529,-0.637371,-0.719314,-0.063581,-0.071267,0.096326,0.194657,0.476281,0.885270,-1.042188,41.045455,252
instrument,futures,ZB,180,fixed,full,1761,0.026281,-0.006142,-0.002614,-0.005966,0.103420,0.254110,0.503483,0.999045,-0.016235,16.752273,252
instrument,futures,ZB,180,vol,5y,1257,-0.146872,-0.202065,-0.033789,-0.042123,0.154151,0.364927,0.500398,0.971286,-0.451292,42.940157,252
instrument,futures,ZB,180,vol,3y,754,-0.403576,-0.477550,-0.069847,-0.080593,0.151817,0.334726,0.480053,0.927771,-0.826046,57.628491,252
instrument,futures,ZB,180,vol,1y,251,-1.041602,-1.185562,-0.152977,-0.172481,0.150154,0.220595,0.445783,0.812191,-1.183208,115.801614,252
instrument,futures,ZB,180,vol,IS,1232,0.257764,0.238245,0.026547,0.023770,0.139382,0.198758,0.516651,1.042693,0.526779,13.486152,252
instrument,futures,ZB,180,vol,OOS,529,-0.751649,-0.851182,-0.117653,-0.131680,0.152231,0.322211,0.476281,0.867623,-1.233247,79.496676,252
instrument,futures,ZB,180,vol,full,1761,-0.063210,-0.109435,-0.019086,-0.025645,0.143396,0.364927,0.503483,0.981675,-0.289293,33.282509,252
instrument,futures,ZB,250,fixed,5y,1257,0.268151,0.236375,0.024436,0.020732,0.114579,0.250377,0.506773,1.041001,0.527921,18.057325,252
instrument,futures,ZB,250,fixed,3y,754,-0.310807,-0.366757,-0.037903,-0.043695,0.106401,0.250377,0.473404,0.941555,-0.634401,30.119522,252
instrument,futures,ZB,250,fixed,1y,251,-0.774151,-0.914460,-0.061934,-0.072443,0.078837,0.108754,0.492000,0.844997,-0.912643,56.448000,252
instrument,futures,ZB,250,fixed,IS,1232,0.451054,0.448209,0.042059,0.041759,0.103152,0.152587,0.516820,1.085618,0.991027,1.432981,252
instrument,futures,ZB,250,fixed,OOS,529,-0.693886,-0.777212,-0.068616,-0.076242,0.096092,0.186080,0.476281,0.876969,-1.126074,41.045455,252
instrument,futures,ZB,250,fixed,full,1761,0.124451,0.098011,0.007498,0.004810,0.101116,0.250377,0.502982,1.017472,0.259092,13.315909,252
instrument,futures,ZB,250,vol,5y,1257,0.232622,0.186083,0.024228,0.016938,0.153873,0.345691,0.506773,1.033236,0.415598,35.557037,252
instrument,futures,ZB,250,vol,3y,754,-0.298285,-0.372322,-0.054929,-0.065627,0.151514,0.345691,0.473404,0.941371,-0.644027,56.703801,252
instrument,futures,ZB,250,vol,1y,251,-0.672238,-0.827428,-0.105312,-0.126240,0.149583,0.198282,0.492000,0.861067,-0.825785,118.351073,252
instrument,futures,ZB,250,vol,IS,1232,0.375518,0.367805,0.043115,0.042014,0.137680,0.218538,0.516820,1.068890,0.813248,5.273566,252
instrument,futures,ZB,250,vol,OOS,529,-0.685257,-0.785186,-0.108766,-0.122536,0.151787,0.302261,0.476281,0.876693,-1.137627,77.600621,252
instrument,futures,ZB,250,vol,full,1761,0.035348,-0.002632,-0.005046,-0.010421,0.142106,0.345691,0.502982,0.999637,-0.006958,26.969549,252
instrument,futures,ZB,composite,fixed,5y,1257,-0.239477,-0.305642,-0.023003,-0.028383,0.082944,0.270730,0.481928,0.944307,-0.682623,27.587580,252
instrument,futures,ZB,composite,fixed,3y,754,-0.618563,-0.703384,-0.046931,-0.052943,0.073492,0.249977,0.459165,0.871236,-1.216684,31.625498,252
instrument,futures,ZB,composite,fixed,1y,251,-1.472304,-1.623139,-0.077873,-0.085628,0.054238,0.099756,0.468208,0.717411,-1.619915,42.336000,252
instrument,futures,ZB,composite,fixed,IS,1232,0.322301,0.278403,0.021693,0.018329,0.075476,0.162650,0.504132,1.069422,0.615573,16.479285,252
instrument,futures,ZB,composite,fixed,OOS,529,-1.257713,-1.369950,-0.080320,-0.087229,0.065067,0.188171,0.461942,0.759994,-1.984871,37.704545,252
instrument,futures,ZB,composite,fixed,full,1761,-0.103663,-0.166437,-0.010087,-0.014603,0.072558,0.270730,0.490072,0.968247,-0.439975,22.837500,252
instrument,futures,ZB,composite,vol,5y,1257,-0.325680,-0.406072,-0.040116,-0.048496,0.108029,0.354240,0.481928,0.927248,-0.906924,43.766621,252
instrument,futures,ZB,composite,vol,3y,754,-0.696401,-0.797037,-0.074397,-0.084168,0.103570,0.344246,0.459165,0.857495,-1.378681,52.992714,252
instrument,futures,ZB,composite,vol,1y,251,-1.370163,-1.534290,-0.133366,-0.148023,0.101061,0.172050,0.468208,0.732595,-1.531242,85.417477,252
instrument,futures,ZB,composite,vol,IS,1232,0.403435,0.350728,0.034962,0.029726,0.096915,0.181379,0.504132,1.086160,0.775489,25.327614,252
instrument,futures,ZB,composite,vol,OOS,529,-1.281400,-1.407384,-0.125536,-0.136949,0.100996,0.288158,0.461942,0.756426,-2.039107,65.621474,252
instrument,futures,ZB,composite,vol,full,1761,-0.116666,-0.192534,-0.016123,-0.023470,0.098261,0.354240,0.490072,0.964295,-0.508963,37.401813,252
instrument,futures,ZB,buyhold,long1x,5y,1257,-0.586627,-0.586627,-0.071017,-0.071017,0.114409,0.351072,0.475318,0.908005,-1.310176,0.000000,252
instrument,futures,ZB,buyhold,long1x,3y,754,-0.260894,-0.260894,-0.032806,-0.032806,0.106228,0.155409,0.500664,0.959912,-0.451283,0.000000,252
instrument,futures,ZB,buyhold,long1x,1y,251,-0.189633,-0.189633,-0.017844,-0.017844,0.078688,0.079382,0.476000,0.988504,-0.189256,0.000000,252
instrument,futures,ZB,buyhold,long1x,IS,1232,-0.430182,-0.430182,-0.056720,-0.056720,0.119217,0.423103,0.482535,0.930908,-0.951169,0.000000,252
instrument,futures,ZB,buyhold,long1x,OOS,529,-0.149898,-0.149898,-0.018800,-0.018800,0.095946,0.135547,0.494318,0.983188,-0.217181,0.000000,252
instrument,futures,ZB,buyhold,long1x,full,1761,-0.356662,-0.356662,-0.045486,-0.045486,0.112711,0.423103,0.485795,0.942768,-0.942836,0.000000,252
instrument,futures,ZN,10,fixed,5y,1257,0.416689,0.204131,0.024928,0.011171,0.064652,0.104997,0.503994,1.033330,0.455908,67.414013,252
instrument,futures,ZN,10,fixed,3y,754,0.094159,-0.155729,0.003726,-0.010434,0.056953,0.102527,0.500000,0.976018,-0.269374,70.948207,252
instrument,futures,ZN,10,fixed,1y,251,0.172807,-0.208279,0.006368,-0.009700,0.042483,0.035013,0.483871,0.984358,-0.207865,78.624000,252
instrument,futures,ZN,10,fixed,IS,1232,0.227515,0.012335,0.012516,-0.001265,0.064183,0.161751,0.487201,1.003312,0.027273,68.373680,252
instrument,futures,ZN,10,fixed,OOS,529,0.001545,-0.308150,-0.001199,-0.017004,0.051379,0.101346,0.486692,0.951867,-0.446467,79.227273,252
instrument,futures,ZN,10,fixed,full,1761,0.169131,-0.069333,0.008377,-0.006020,0.060609,0.161751,0.487047,0.989420,-0.183281,71.734091,252
instrument,futures,ZN,10,vol,5y,1257,0.433982,0.199091,0.054289,0.018706,0.148157,0.254288,0.503994,1.031534,0.444650,170.618286,252
instrument,futures,ZN,10,vol,3y,754,0.114531,-0.153147,0.006226,-0.031795,0.143700,0.254288,0.500000,0.976636,-0.264907,191.582795,252
instrument,futures,ZN,10,vol,1y,251,0.201272,-0.181769,0.017491,-0.030483,0.126507,0.102098,0.483871,0.986023,-0.181408,235.914006,252
instrument,futures,ZN,10,vol,IS,1232,0.224498,-0.014358,0.021863,-0.011949,0.141435,0.351504,0.487091,0.998755,-0.031746,167.226625,252
instrument,futures,ZN,10,vol,OOS,529,0.081879,-0.234502,0.001748,-0.042118,0.141127,0.254288,0.486692,0.963518,-0.339762,221.608841,252
instrument,futures,ZN,10,vol,full,1761,0.181870,-0.080409,0.015778,-0.021110,0.141305,0.351504,0.486967,0.987625,-0.212560,183.809009,252
instrument,futures,ZN,20,fixed,5y,1257,-0.569102,-0.735594,-0.037765,-0.048473,0.064697,0.237331,0.470870,0.885128,-1.642878,55.777070,252
instrument,futures,ZN,20,fixed,3y,754,-0.504491,-0.697541,-0.029597,-0.040600,0.057083,0.170084,0.464714,0.893680,-1.206577,56.892430,252
instrument,futures,ZN,20,fixed,1y,251,-2.276232,-2.540416,-0.091278,-0.102914,0.042389,0.103486,0.415323,0.672432,-2.535370,64.512000,252
instrument,futures,ZN,20,fixed,IS,1232,-0.300261,-0.472333,-0.020775,-0.031688,0.063856,0.183927,0.475559,0.922685,-1.044368,55.886271,252
instrument,futures,ZN,20,fixed,OOS,529,-0.820487,-1.024800,-0.042008,-0.052571,0.051404,0.170084,0.458175,0.851815,-1.484796,55.363636,252
instrument,futures,ZN,20,fixed,full,1761,-0.431600,-0.611604,-0.027202,-0.038009,0.060375,0.256350,0.470012,0.901909,-1.616775,55.697727,252
instrument,futures,ZN,20,vol,5y,1257,-0.619355,-0.804791,-0.096610,-0.122272,0.148338,0.511717,0.470870,0.876870,-1.797424,142.878031,252
instrument,futures,ZN,20,vol,3y,754,-0.632105,-0.835987,-0.095183,-0.122589,0.144009,0.416332,0.464714,0.874870,-1.446055,152.629157,252
instrument,futures,ZN,20,vol,1y,251,-2.259009,-2.525807,-0.250325,-0.278905,0.126228,0.280042,0.415323,0.672849,-2.520791,193.376856,252
instrument,futures,ZN,20,vol,IS,1232,-0.222712,-0.418176,-0.040077,-0.066745,0.141298,0.362497,0.477292,0.931261,-0.924622,139.885401,252
instrument,futures,ZN,20,vol,OOS,529,-0.889500,-1.101606,-0.125157,-0.152622,0.141243,0.416332,0.458175,0.841328,-1.596077,158.362741,252
instrument,futures,ZN,20,vol,full,1761,-0.422643,-0.623476,-0.066469,-0.093419,0.141269,0.539927,0.471074,0.900767,-1.648159,145.353092,252
instrument,futures,ZN,40,fixed,5y,1257,0.257368,0.180322,0.014545,0.009578,0.064340,0.127786,0.493631,1.028798,0.402732,24.477707,252
instrument,futures,ZN,40,fixed,3y,754,0.332840,0.232170,0.017338,0.011626,0.056704,0.081762,0.498008,1.039012,0.401598,28.111554,252
instrument,futures,ZN,40,fixed,1y,251,-0.853147,-1.070209,-0.036090,-0.045357,0.042527,0.065951,0.456000,0.828864,-1.068084,46.368000,252
instrument,futures,ZN,40,fixed,IS,1232,0.394413,0.294959,0.023108,0.016790,0.063228,0.127786,0.489057,1.052784,0.652178,30.911454,252
instrument,futures,ZN,40,fixed,OOS,529,0.298689,0.170266,0.013982,0.007421,0.051068,0.081762,0.496212,1.022242,0.246692,32.454545,252
instrument,futures,ZN,40,fixed,full,1761,0.368243,0.261767,0.020358,0.013966,0.059822,0.127786,0.491555,1.046022,0.691980,31.356818,252
instrument,futures,ZN,40,vol,5y,1257,0.350861,0.260731,0.041567,0.027952,0.147404,0.221812,0.493631,1.041312,0.582319,65.392602,252
instrument,futures,ZN,40,vol,3y,754,0.316142,0.204459,0.035496,0.019212,0.143069,0.221812,0.498008,1.033934,0.353665,78.830947,252
instrument,futures,ZN,40,vol,1y,251,-0.843535,-1.058755,-0.107257,-0.132446,0.126608,0.184799,0.456000,0.832530,-1.056652,137.537035,252
instrument,futures,ZN,40,vol,IS,1232,0.572251,0.449253,0.072701,0.054671,0.140429,0.212691,0.487158,1.080742,0.993335,84.326169,252
instrument,futures,ZN,40,vol,OOS,529,0.276698,0.142110,0.029321,0.010164,0.140388,0.221812,0.496212,1.018035,0.205897,93.550704,252
instrument,futures,ZN,40,vol,full,1761,0.483627,0.357093,0.059481,0.041099,0.140382,0.221812,0.490277,1.062393,0.943977,87.049586,252
instrument,futures,ZN,60,fixed,5y,1257,-0.101558,-0.195826,-0.008520,-0.014562,0.064342,0.207179,0.482841,0.967368,-0.437358,30.496815,252
instrument,futures,ZN,60,fixed,3y,754,-0.436879,-0.563809,-0.025862,-0.033019,0.056701,0.149413,0.478667,0.913319,-0.975252,36.812749,252
instrument,futures,ZN,60,fixed,1y,251,-0.485792,-0.716706,-0.021009,-0.030811,0.042413,0.051804,0.451613,0.878748,-0.715283,48.384000,252
instrument,futures,ZN,60,fixed,IS,1232,0.309734,0.238886,0.017563,0.013105,0.062739,0.146027,0.497011,1.042714,0.528198,21.904143,252
instrument,futures,ZN,60,fixed,OOS,529,-0.545312,-0.708361,-0.028501,-0.036818,0.051113,0.101500,0.470476,0.886569,-1.026318,42.954545,252
instrument,futures,ZN,60,fixed,full,1761,0.088617,-0.006572,0.003501,-0.002158,0.059490,0.207179,0.489098,0.999201,-0.017372,28.206818,252
instrument,futures,ZN,60,vol,5y,1257,-0.044959,-0.151352,-0.017201,-0.032633,0.147417,0.399934,0.482841,0.974613,-0.338030,78.646497,252
instrument,futures,ZN,60,vol,3y,754,-0.408297,-0.546988,-0.065840,-0.084685,0.143056,0.336172,0.478667,0.916546,-0.946156,101.305876,252
instrument,futures,ZN,60,vol,1y,251,-0.499400,-0.729631,-0.067676,-0.095260,0.126283,0.148855,0.451613,0.879056,-0.728182,144.572156,252
instrument,futures,ZN,60,vol,IS,1232,0.437821,0.357545,0.052800,0.041170,0.140389,0.258491,0.497011,1.063395,0.790562,55.216113,252
instrument,futures,ZN,60,vol,OOS,529,-0.487514,-0.656040,-0.074635,-0.096968,0.140435,0.263119,0.470476,0.894978,-0.950512,121.474590,252
instrument,futures,ZN,60,vol,full,1761,0.160696,0.052989,0.012777,-0.002411,0.140423,0.399934,0.489098,1.009365,0.140075,75.066252,252
instrument,futures,ZN,120,fixed,5y,1257,-0.225682,-0.295993,-0.016376,-0.020876,0.064292,0.257725,0.488038,0.953831,-0.661072,22.872611,252
instrument,futures,ZN,120,fixed,3y,754,-1.007865,-1.113232,-0.056650,-0.062577,0.056603,0.250954,0.470040,0.834885,-1.925623,31.458167,252
instrument,futures,ZN,120,fixed,1y,251,0.994649,0.934458,0.041625,0.039114,0.042002,0.026023,0.491935,1.185619,0.932602,12.096000,252
instrument,futures,ZN,120,fixed,IS,1232,0.359146,0.297850,0.020417,0.016615,0.061717,0.150045,0.501350,1.055090,0.658572,18.628757,252
instrument,futures,ZN,120,fixed,OOS,529,-0.739912,-0.836529,-0.038055,-0.043007,0.050993,0.139154,0.467681,0.867909,-1.212017,25.772727,252
instrument,futures,ZN,120,fixed,full,1761,0.071714,0.000787,0.002488,-0.001676,0.058714,0.257725,0.490842,1.000395,0.002082,20.761364,252
instrument,futures,ZN,120,vol,5y,1257,-0.224424,-0.305329,-0.042759,-0.054297,0.147289,0.497828,0.488038,0.953611,-0.681922,60.256368,252
instrument,futures,ZN,120,vol,3y,754,-0.872310,-0.980169,-0.125410,-0.139425,0.142754,0.497828,0.470040,0.854460,-1.695456,80.305181,252
instrument,futures,ZN,120,vol,1y,251,1.005840,0.943076,0.124870,0.116428,0.125051,0.076908,0.491935,1.184060,0.941203,37.465412,252
instrument,futures,ZN,120,vol,IS,1232,0.453508,0.377992,0.053941,0.043257,0.136780,0.285591,0.501350,1.069206,0.835772,50.698538,252
instrument,futures,ZN,120,vol,OOS,529,-0.613306,-0.711229,-0.090773,-0.103650,0.140054,0.322068,0.467681,0.886709,-1.030474,70.901668,252
instrument,futures,ZN,120,vol,full,1761,0.128125,0.045340,0.008202,-0.003239,0.137801,0.497828,0.490842,1.008149,0.119857,56.734640,252
instrument,futures,ZN,180,fixed,5y,1257,0.170859,0.094120,0.008933,0.003993,0.064322,0.177587,0.500000,1.017098,0.210207,24.477707,252
instrument,futures,ZN,180,fixed,3y,754,-0.471580,-0.595096,-0.027772,-0.034790,0.056792,0.168196,0.478029,0.907889,-1.029372,35.474104,252
instrument,futures,ZN,180,fixed,1y,251,0.707776,0.549005,0.029170,0.022562,0.042261,0.038662,0.481928,1.078085,0.547915,32.256000,252
instrument,futures,ZN,180,fixed,IS,1232,0.638689,0.610942,0.036231,0.034577,0.058438,0.088719,0.515238,1.119166,1.350843,7.983753,252
instrument,futures,ZN,180,fixed,OOS,529,-0.808104,-0.980080,-0.041346,-0.050288,0.051299,0.168196,0.458175,0.847804,-1.420003,46.772727,252
instrument,futures,ZN,180,fixed,full,1761,0.245388,0.174981,0.012289,0.008316,0.056429,0.177587,0.496512,1.031968,0.462562,19.615909,252
instrument,futures,ZN,180,vol,5y,1257,0.098250,0.000091,0.003657,-0.010827,0.147614,0.410504,0.500000,1.001904,0.000202,72.061555,252
instrument,futures,ZN,180,vol,3y,754,-0.525673,-0.669070,-0.081301,-0.100863,0.143497,0.407835,0.478029,0.897896,-1.157330,105.261399,252
instrument,futures,ZN,180,vol,1y,251,0.697127,0.535667,0.082362,0.061324,0.125827,0.112601,0.481928,1.078300,0.534603,97.658904,252
instrument,futures,ZN,180,vol,IS,1232,0.697907,0.660676,0.083849,0.078805,0.127044,0.177825,0.515238,1.126581,1.460810,23.273375,252
instrument,futures,ZN,180,vol,OOS,529,-0.856535,-1.041152,-0.120930,-0.145190,0.141080,0.407835,0.458175,0.840223,-1.508487,138.729331,252
instrument,futures,ZN,180,vol,full,1761,0.200053,0.110967,0.017768,0.005960,0.131547,0.410504,0.496512,1.019914,0.293342,57.900907,252
instrument,futures,ZN,250,fixed,5y,1257,0.265283,0.229860,0.015050,0.012767,0.064138,0.151453,0.500000,1.040088,0.513371,11.235669,252
instrument,futures,ZN,250,fixed,3y,754,-0.568449,-0.632937,-0.033037,-0.036660,0.056487,0.151453,0.474035,0.902966,-1.094828,18.741036,252
instrument,futures,ZN,250,fixed,1y,251,-1.797116,-1.934108,-0.073126,-0.079078,0.042129,0.083343,0.425703,0.741529,-1.930266,32.256000,252
instrument,futures,ZN,250,fixed,IS,1232,0.558416,0.550333,0.031003,0.030538,0.057686,0.073159,0.511723,1.110367,1.216831,2.251828,252
instrument,futures,ZN,250,fixed,OOS,529,-1.026917,-1.112020,-0.051816,-0.056155,0.050807,0.126943,0.454373,0.830026,-1.611165,22.909091,252
instrument,futures,ZN,250,fixed,full,1761,0.124443,0.093949,0.005392,0.003690,0.055753,0.151453,0.492042,1.017503,0.248354,8.447727,252
instrument,futures,ZN,250,vol,5y,1257,0.193867,0.144652,0.017835,0.010513,0.147040,0.357779,0.500000,1.025569,0.323066,35.869584,252
instrument,futures,ZN,250,vol,3y,754,-0.609123,-0.686161,-0.092098,-0.102402,0.142608,0.357779,0.474035,0.896025,-1.186892,56.716327,252
instrument,futures,ZN,250,vol,1y,251,-1.794164,-1.933127,-0.206210,-0.221576,0.125449,0.232891,0.425703,0.740190,-1.929287,97.202831,252
instrument,futures,ZN,250,vol,IS,1232,0.544244,0.530777,0.062390,0.060634,0.125844,0.167030,0.511723,1.103625,1.173593,8.215573,252
instrument,futures,ZN,250,vol,OOS,529,-1.033901,-1.128976,-0.142244,-0.154322,0.139777,0.326801,0.454373,0.828589,-1.635733,70.454247,252
instrument,futures,ZN,250,vol,full,1761,0.036158,-0.005175,-0.003744,-0.009126,0.130308,0.357779,0.492042,0.999404,-0.013679,26.886476,252
instrument,futures,ZN,composite,fixed,5y,1257,-0.215674,-0.341426,-0.011140,-0.016997,0.046977,0.190562,0.474950,0.941002,-0.762543,29.694268,252
instrument,futures,ZN,composite,fixed,3y,754,-0.921619,-1.100597,-0.035546,-0.042330,0.038619,0.156028,0.450586,0.815879,-1.903767,35.306773,252
instrument,futures,ZN,composite,fixed,1y,251,-1.303361,-1.571022,-0.036858,-0.044474,0.028694,0.049404,0.429245,0.757436,-1.567902,39.312000,252
instrument,futures,ZN,composite,fixed,IS,1232,0.192464,0.101184,0.007398,0.003446,0.043229,0.103989,0.496134,1.028903,0.223726,19.652315,252
instrument,futures,ZN,composite,fixed,OOS,529,-1.164763,-1.371105,-0.039457,-0.046393,0.034217,0.113247,0.438515,0.771376,-1.986544,36.272727,252
instrument,futures,ZN,composite,fixed,full,1761,-0.150374,-0.270758,-0.006912,-0.011794,0.040749,0.190562,0.475993,0.949623,-0.715748,24.627273,252
instrument,futures,ZN,composite,vol,5y,1257,-0.236927,-0.377776,-0.030783,-0.045509,0.107870,0.387629,0.474950,0.935733,-0.843727,76.420673,252
instrument,futures,ZN,composite,vol,3y,754,-0.919678,-1.107186,-0.090025,-0.106936,0.097809,0.349284,0.450586,0.816155,-1.915163,93.678154,252
instrument,futures,ZN,composite,vol,1y,251,-1.295437,-1.564372,-0.107469,-0.128445,0.085524,0.141084,0.429245,0.756894,-1.561265,117.681766,252
instrument,futures,ZN,composite,vol,IS,1232,0.251109,0.147845,0.019574,0.009603,0.095542,0.190453,0.496134,1.039491,0.326898,49.063786,252
instrument,futures,ZN,composite,vol,OOS,529,-1.120482,-1.330451,-0.103890,-0.121955,0.094387,0.282850,0.438515,0.777577,-1.927642,101.756349,252
instrument,futures,ZN,composite,vol,full,1761,-0.156720,-0.292276,-0.019202,-0.031864,0.095255,0.387629,0.475993,0.947090,-0.772631,64.845662,252
instrument,futures,ZN,buyhold,long1x,5y,1257,-0.578085,-0.578085,-0.038325,-0.038325,0.064051,0.219097,0.472930,0.908126,-1.291097,0.000000,252
instrument,futures,ZN,buyhold,long1x,3y,754,-0.024761,-0.024761,-0.002983,-0.002983,0.056435,0.068160,0.487384,0.995442,-0.042831,0.000000,252
instrument,futures,ZN,buyhold,long1x,1y,251,-0.353370,-0.353370,-0.015636,-0.015636,0.042100,0.045286,0.468000,0.958679,-0.352668,0.000000,252
instrument,futures,ZN,buyhold,long1x,IS,1232,-0.481147,-0.481147,-0.032098,-0.032098,0.063603,0.248747,0.478473,0.921403,-1.063856,0.000000,252
instrument,futures,ZN,buyhold,long1x,OOS,529,0.104530,0.104530,0.004031,0.004031,0.050809,0.068160,0.490530,1.022956,0.151450,0.000000,252
instrument,futures,ZN,buyhold,long1x,full,1761,-0.330005,-0.330005,-0.021384,-0.021384,0.060041,0.248747,0.481818,0.945823,-0.872369,0.000000,252
instrument,futures,ZC,10,fixed,5y,1255,0.519440,0.463939,0.108738,0.092546,0.268047,0.433310,0.497588,1.089180,1.035338,72.746411,252
instrument,futures,ZC,10,fixed,3y,752,0.475947,0.419300,0.088900,0.074234,0.241947,0.344167,0.511440,1.076187,0.724324,67.110519,252
instrument,futures,ZC,10,fixed,1y,251,1.163569,1.087125,0.248045,0.228989,0.209672,0.158609,0.530864,1.187483,1.084966,76.608000,252
instrument,futures,ZC,10,fixed,IS,1231,0.205840,0.153111,0.017787,0.002228,0.290873,0.433310,0.487264,1.029002,0.338403,76.009756,252
instrument,futures,ZC,10,fixed,OOS,528,1.217090,1.150778,0.262294,0.245628,0.209917,0.158609,0.529865,1.213690,1.665744,65.988615,252
instrument,futures,ZC,10,fixed,full,1759,0.440533,0.385219,0.085735,0.069816,0.269143,0.433310,0.499712,1.073102,1.017747,72.962457,252
instrument,futures,ZC,10,vol,5y,1255,0.553756,0.489759,0.079395,0.068459,0.161881,0.280022,0.497588,1.089580,1.092960,50.602905,252
instrument,futures,ZC,10,vol,3y,752,0.667284,0.602489,0.097821,0.086805,0.159182,0.186670,0.511440,1.107872,1.040777,50.147048,252
instrument,futures,ZC,10,vol,1y,251,0.953788,0.871827,0.155043,0.139940,0.165891,0.133965,0.530864,1.142942,0.870095,65.621264,252
instrument,futures,ZC,10,vol,IS,1231,0.102911,0.043008,0.003728,-0.005851,0.159641,0.280022,0.484147,1.007966,0.095056,47.619462,252
instrument,futures,ZC,10,vol,OOS,528,1.122306,1.052415,0.180194,0.167663,0.159305,0.133965,0.529865,1.195523,1.523364,53.128987,252
instrument,futures,ZC,10,vol,full,1759,0.408369,0.345508,0.053730,0.043333,0.159562,0.280022,0.497925,1.063370,0.912832,49.244330,252
instrument,futures,ZC,20,fixed,5y,1255,0.217637,0.185584,0.022599,0.013805,0.268618,0.340820,0.489992,1.034264,0.414155,42.602871,252
instrument,futures,ZC,20,fixed,3y,752,0.424920,0.390479,0.076702,0.067829,0.242429,0.255539,0.489960,1.070247,0.674538,40.937417,252
instrument,futures,ZC,20,fixed,1y,251,-0.550304,-0.586777,-0.130002,-0.137062,0.212565,0.255539,0.467742,0.875907,-0.585612,40.320000,252
instrument,futures,ZC,20,fixed,IS,1231,0.327552,0.294934,0.054241,0.044327,0.290140,0.548405,0.499586,1.056846,0.651858,46.507317,252
instrument,futures,ZC,20,fixed,OOS,528,0.367615,0.329826,0.056871,0.048532,0.211439,0.255539,0.494275,1.058351,0.477421,39.210626,252
instrument,futures,ZC,20,fixed,full,1759,0.334113,0.300569,0.055030,0.045588,0.268887,0.548405,0.497691,1.056725,0.794104,44.293515,252
instrument,futures,ZC,20,vol,5y,1255,0.301641,0.264268,0.036464,0.030226,0.162621,0.223033,0.489992,1.047113,0.589748,29.968940,252
instrument,futures,ZC,20,vol,3y,752,0.322670,0.283395,0.039567,0.033104,0.160079,0.223033,0.489960,1.048353,0.489555,30.966482,252
instrument,futures,ZC,20,vol,1y,251,-0.661322,-0.700557,-0.118020,-0.124129,0.168779,0.223033,0.467742,0.858918,-0.699166,34.507838,252
instrument,futures,ZC,20,vol,IS,1231,0.500280,0.462426,0.069363,0.063029,0.159693,0.262394,0.497001,1.087703,1.022048,29.487443,252
instrument,futures,ZC,20,vol,OOS,528,0.322633,0.282671,0.039672,0.033065,0.160831,0.223033,0.494275,1.050568,0.409164,31.671720,252
instrument,futures,ZC,20,vol,full,1759,0.446814,0.408309,0.060362,0.053944,0.159992,0.262394,0.495863,1.075064,1.078753,30.125807,252
instrument,futures,ZC,40,fixed,5y,1255,-0.498282,-0.515082,-0.156703,-0.160802,0.268677,0.694984,0.495200,0.908657,-1.149471,23.712919,252
instrument,futures,ZC,40,fixed,3y,752,-0.698780,-0.718222,-0.180747,-0.185026,0.242640,0.472214,0.483957,0.876233,-1.240701,25.501997,252
instrument,futures,ZC,40,fixed,1y,251,-0.809729,-0.829809,-0.177172,-0.181252,0.213202,0.290336,0.481928,0.838626,-0.828161,24.192000,252
instrument,futures,ZC,40,fixed,IS,1231,-0.039934,-0.057166,-0.051779,-0.056564,0.286696,0.636459,0.510118,0.989394,-0.126348,24.790244,252
instrument,futures,ZC,40,fixed,OOS,528,-0.558484,-0.579658,-0.131073,-0.135310,0.211808,0.357915,0.485714,0.910277,-0.839051,23.908918,252
instrument,futures,ZC,40,fixed,full,1759,-0.163237,-0.181398,-0.076312,-0.080927,0.266395,0.694984,0.502336,0.967287,-0.479254,24.511945,252
instrument,futures,ZC,40,vol,5y,1255,-0.439182,-0.461043,-0.081123,-0.084553,0.162744,0.502422,0.495200,0.922219,-1.028876,18.458719,252
instrument,futures,ZC,40,vol,3y,752,-0.596021,-0.619114,-0.102575,-0.106133,0.160290,0.298204,0.483957,0.897473,-1.069496,19.587928,252
instrument,futures,ZC,40,vol,1y,251,-0.830487,-0.852817,-0.143294,-0.146984,0.169405,0.237513,0.481928,0.836018,-0.851123,21.158776,252
instrument,futures,ZC,40,vol,IS,1231,0.208177,0.185500,0.020668,0.016991,0.159557,0.438147,0.511149,1.034454,0.409990,17.902150,252
instrument,futures,ZC,40,vol,OOS,528,-0.483717,-0.506853,-0.086794,-0.090419,0.161209,0.287121,0.485714,0.920636,-0.733666,19.598342,252
instrument,futures,ZC,40,vol,full,1759,-0.000845,-0.023826,-0.012854,-0.016519,0.160041,0.502422,0.502955,0.995941,-0.062949,18.400790,252
instrument,futures,ZC,60,fixed,5y,1255,-0.166980,-0.192466,-0.077707,-0.084149,0.268714,0.454216,0.485212,0.965914,-0.429513,34.564593,252
instrument,futures,ZC,60,fixed,3y,752,-0.072077,-0.100718,-0.045509,-0.052203,0.242689,0.269129,0.488652,0.979463,-0.173987,34.897470,252
instrument,futures,ZC,60,fixed,1y,251,-0.469660,-0.512055,-0.115542,-0.123759,0.213189,0.240707,0.484000,0.888363,-0.511038,46.368000,252
instrument,futures,ZC,60,fixed,IS,1231,0.243726,0.222275,0.029281,0.023002,0.284458,0.426349,0.505137,1.043263,0.491269,30.117073,252
instrument,futures,ZC,60,fixed,OOS,528,-0.281127,-0.313184,-0.078675,-0.085045,0.211843,0.249980,0.479087,0.951423,-0.453331,34.428843,252
instrument,futures,ZC,60,fixed,full,1759,0.115766,0.091920,-0.004389,-0.010707,0.264728,0.454216,0.496755,1.017210,0.242852,31.392491,252
instrument,futures,ZC,60,vol,5y,1255,-0.215403,-0.249593,-0.047036,-0.052417,0.162707,0.342783,0.485212,0.957766,-0.556999,28.115310,252
instrument,futures,ZC,60,vol,3y,752,-0.134672,-0.169624,-0.033806,-0.039270,0.160340,0.181256,0.488652,0.969670,-0.293019,28.207918,252
instrument,futures,ZC,60,vol,1y,251,-0.394046,-0.439816,-0.077804,-0.085096,0.169406,0.177235,0.484000,0.900963,-0.438942,39.532836,252
instrument,futures,ZC,60,vol,IS,1231,0.207273,0.177047,0.020573,0.015673,0.159636,0.323636,0.505137,1.032789,0.391307,23.874581,252
instrument,futures,ZC,60,vol,OOS,528,-0.176198,-0.210949,-0.040514,-0.045947,0.161233,0.181256,0.479087,0.967295,-0.305347,28.259015,252
instrument,futures,ZC,60,vol,full,1759,0.091359,0.059782,0.001839,-0.003230,0.160081,0.342783,0.496755,1.010708,0.157944,25.175684,252
instrument,futures,ZC,120,fixed,5y,1255,-0.170982,-0.180749,-0.079034,-0.081514,0.268595,0.492266,0.510774,0.967960,-0.403365,13.263158,252
instrument,futures,ZC,120,fixed,3y,752,0.045629,0.035106,-0.017900,-0.020430,0.242571,0.323542,0.509987,1.003580,0.060644,12.750999,252
instrument,futures,ZC,120,fixed,1y,251,-0.624635,-0.637077,-0.144187,-0.146640,0.212953,0.260457,0.480000,0.868449,-0.635812,14.112000,252
instrument,futures,ZC,120,fixed,IS,1231,0.402594,0.396122,0.075821,0.073892,0.279379,0.551236,0.526173,1.080258,0.875503,8.809756,252
instrument,futures,ZC,120,fixed,OOS,528,-0.319700,-0.335642,-0.086175,-0.089349,0.211734,0.323542,0.495256,0.947806,-0.485840,17.214421,252
instrument,futures,ZC,120,fixed,full,1759,0.223868,0.215076,0.024389,0.022035,0.260916,0.551236,0.515892,1.041259,0.568231,11.324232,252
instrument,futures,ZC,120,vol,5y,1255,0.028520,0.015336,-0.008569,-0.010706,0.162668,0.211939,0.510774,1.003098,0.034225,10.717660,252
instrument,futures,ZC,120,vol,3y,752,-0.005408,-0.020442,-0.013609,-0.016001,0.160251,0.211939,0.509987,0.994721,-0.035312,12.064412,252
instrument,futures,ZC,120,vol,1y,251,-0.488154,-0.503300,-0.092345,-0.094775,0.169231,0.185905,0.480000,0.890597,-0.502300,13.269608,252
instrument,futures,ZC,120,vol,IS,1231,0.677011,0.668102,0.097717,0.096230,0.155691,0.250290,0.526173,1.131791,1.476630,6.741270,252
instrument,futures,ZC,120,vol,OOS,528,-0.201918,-0.220962,-0.044485,-0.047463,0.161155,0.211939,0.495256,0.965602,-0.319841,15.516230,252
instrument,futures,ZC,120,vol,full,1759,0.406803,0.394682,0.052942,0.050958,0.157357,0.250290,0.515892,1.073227,1.042749,9.368278,252
instrument,futures,ZC,180,fixed,5y,1255,-0.416923,-0.428611,-0.137756,-0.140566,0.268480,0.585242,0.497604,0.924699,-0.956500,16.076555,252
instrument,futures,ZC,180,fixed,3y,752,-0.078756,-0.090320,-0.046920,-0.049633,0.242456,0.445609,0.506008,0.981266,-0.156024,14.093209,252
instrument,futures,ZC,180,fixed,1y,251,-0.865389,-0.881656,-0.186157,-0.189128,0.212356,0.260954,0.473896,0.876335,-0.879905,18.144000,252
instrument,futures,ZC,180,fixed,IS,1231,0.041665,0.034668,-0.026475,-0.028378,0.275661,0.607222,0.509056,1.007035,0.076622,9.629268,252
instrument,futures,ZC,180,fixed,OOS,528,-0.481532,-0.499973,-0.116629,-0.120208,0.211511,0.445609,0.491429,0.919084,-0.723707,20.083491,252
instrument,futures,ZC,180,fixed,full,1759,-0.087260,-0.097095,-0.054463,-0.056906,0.258047,0.633413,0.503492,0.981648,-0.256524,12.757679,252
instrument,futures,ZC,180,vol,5y,1255,-0.515141,-0.532152,-0.092336,-0.094938,0.162570,0.433986,0.497604,0.911541,-1.187565,14.231706,252
instrument,futures,ZC,180,vol,3y,752,-0.179689,-0.195982,-0.040659,-0.043201,0.160119,0.328486,0.506008,0.965249,-0.338551,13.177520,252
instrument,futures,ZC,180,vol,1y,251,-0.729739,-0.748961,-0.128161,-0.131091,0.168727,0.184409,0.473896,0.896376,-0.747474,16.743863,252
instrument,futures,ZC,180,vol,IS,1231,-0.018784,-0.030069,-0.014330,-0.016038,0.152149,0.408372,0.509056,0.994354,-0.066458,8.601080,252
instrument,futures,ZC,180,vol,OOS,528,-0.408118,-0.429750,-0.075497,-0.078805,0.160952,0.328486,0.491429,0.929276,-0.622061,17.804859,252
instrument,futures,ZC,180,vol,full,1759,-0.140247,-0.154799,-0.033104,-0.035315,0.154810,0.468383,0.503492,0.972246,-0.408978,11.355578,252
instrument,futures,ZC,250,fixed,5y,1255,0.220834,0.207260,0.023189,0.019462,0.268353,0.347177,0.515974,1.039803,0.462527,18.086124,252
instrument,futures,ZC,250,fixed,3y,752,0.042115,0.017732,-0.018603,-0.024429,0.242279,0.347177,0.504673,1.000546,0.030632,29.528628,252
instrument,futures,ZC,250,fixed,1y,251,-0.726825,-0.798907,-0.161331,-0.174470,0.211844,0.247538,0.479839,0.889549,-0.797321,78.624000,252
instrument,futures,ZC,250,fixed,IS,1231,0.606824,0.602985,0.135859,0.134689,0.271068,0.358460,0.534694,1.133372,1.332709,5.121951,252
instrument,futures,ZC,250,fixed,OOS,528,-0.284671,-0.323945,-0.079014,-0.086791,0.211276,0.347177,0.489524,0.946251,-0.468909,42.079696,252
instrument,futures,ZC,250,fixed,full,1759,0.381438,0.368549,0.066566,0.063087,0.254628,0.358460,0.519256,1.075027,0.973707,16.197952,252
instrument,futures,ZC,250,vol,5y,1255,0.263071,0.242141,0.029965,0.026481,0.162499,0.265724,0.515974,1.043707,0.540369,16.857564,252
instrument,futures,ZC,250,vol,3y,752,-0.100063,-0.132268,-0.028337,-0.033381,0.160014,0.265724,0.504673,0.975876,-0.228488,25.897076,252
instrument,futures,ZC,250,vol,1y,251,-0.725361,-0.800968,-0.127155,-0.138479,0.168417,0.203426,0.479839,0.888035,-0.799377,65.184765,252
instrument,futures,ZC,250,vol,IS,1231,0.788626,0.781411,0.111376,0.110209,0.147804,0.167883,0.534694,1.166734,1.727063,5.236551,252
instrument,futures,ZC,250,vol,OOS,528,-0.295526,-0.339639,-0.058539,-0.065311,0.160817,0.265724,0.489524,0.943354,-0.491625,35.930830,252
instrument,futures,ZC,250,vol,full,1759,0.443597,0.424283,0.057380,0.054316,0.151861,0.265724,0.519256,1.082400,1.120956,14.435224,252
instrument,futures,ZC,composite,fixed,5y,1255,0.032389,0.007230,-0.014901,-0.020060,0.207684,0.248903,0.502000,1.003866,0.016136,26.124402,252
instrument,futures,ZC,composite,fixed,3y,752,0.134601,0.106442,0.007389,0.001774,0.198165,0.230062,0.500813,1.021642,0.183874,27.850866,252
instrument,futures,ZC,composite,fixed,1y,251,-0.837721,-0.890805,-0.128200,-0.135392,0.150424,0.201578,0.469945,0.794306,-0.889035,41.328000,252
instrument,futures,ZC,composite,fixed,IS,1231,0.487484,0.471359,0.085922,0.082127,0.218582,0.382160,0.529625,1.125871,1.041790,17.414634,252
instrument,futures,ZC,composite,fixed,OOS,528,-0.183398,-0.224346,-0.037860,-0.043794,0.149554,0.230062,0.480296,0.959484,-0.324739,30.842505,252
instrument,futures,ZC,composite,fixed,full,1759,0.331150,0.309587,0.047181,0.042680,0.200371,0.382160,0.512966,1.078395,0.817930,21.430034,252
instrument,futures,ZC,composite,vol,5y,1255,0.125467,0.093585,0.007900,0.003978,0.122276,0.156521,0.502000,1.022225,0.208847,19.456864,252
instrument,futures,ZC,composite,vol,3y,752,0.027191,-0.008951,-0.003989,-0.008339,0.120817,0.156521,0.500813,0.997015,-0.015462,21.847252,252
instrument,futures,ZC,composite,vol,1y,251,-0.804575,-0.859813,-0.097615,-0.103686,0.119013,0.154924,0.469945,0.802452,-0.858105,33.743095,252
instrument,futures,ZC,composite,vol,IS,1231,0.717992,0.697792,0.081303,0.078741,0.118716,0.173142,0.529625,1.177166,1.542249,11.847517,252
instrument,futures,ZC,composite,vol,OOS,528,-0.124807,-0.168130,-0.020348,-0.025177,0.113382,0.156521,0.480296,0.970319,-0.243367,24.681021,252
instrument,futures,ZC,composite,vol,full,1759,0.473074,0.446036,0.049729,0.046435,0.117146,0.173142,0.512966,1.105984,1.178427,15.688085,252
instrument,futures,ZC,buyhold,long1x,5y,1255,-0.130651,-0.130651,-0.069400,-0.069400,0.268452,0.557592,0.493620,0.976924,-0.291565,0.000000,252
instrument,futures,ZC,buyhold,long1x,3y,752,-0.170194,-0.170194,-0.068565,-0.068565,0.242428,0.396415,0.480692,0.972521,-0.294004,0.000000,252
instrument,futures,ZC,buyhold,long1x,1y,251,0.391588,0.391588,0.062829,0.062829,0.212795,0.157233,0.492000,1.101705,0.390811,0.000000,252
instrument,futures,ZC,buyhold,long1x,IS,1231,0.189507,0.189507,0.011973,0.011973,0.291602,0.511457,0.497561,1.035618,0.418845,0.000000,252
instrument,futures,ZC,buyhold,long1x,OOS,528,0.074659,0.074659,-0.006441,-0.006441,0.211584,0.259960,0.495256,1.014225,0.108068,0.000000,252
instrument,futures,ZC,buyhold,long1x,full,1759,0.160779,0.160779,0.006410,0.006410,0.270027,0.557592,0.496587,1.029563,0.424777,0.000000,252
instrument,futures,ZS,10,fixed,5y,1255,0.048533,-0.022323,-0.011890,-0.026698,0.211346,0.470888,0.482043,0.998934,-0.049818,74.755981,252
instrument,futures,ZS,10,fixed,3y,752,0.562800,0.485557,0.088737,0.073962,0.180442,0.248151,0.489333,1.092469,0.838782,67.110519,252
instrument,futures,ZS,10,fixed,1y,251,0.209600,0.121699,0.021380,0.006171,0.171036,0.248151,0.500000,0.997486,0.121457,74.592000,252
instrument,futures,ZS,10,fixed,IS,1231,-0.029981,-0.096340,-0.029853,-0.044015,0.218688,0.531949,0.489746,0.983412,-0.212929,72.731707,252
instrument,futures,ZS,10,fixed,OOS,528,0.687726,0.610351,0.112569,0.097668,0.178880,0.248151,0.502846,1.114822,0.883479,66.944972,252
instrument,futures,ZS,10,fixed,full,1759,0.155770,0.086872,0.010868,-0.003523,0.207526,0.531949,0.493417,1.015180,0.229515,70.955631,252
instrument,futures,ZS,10,vol,5y,1255,0.217321,0.140597,0.021929,0.009827,0.155718,0.323912,0.482043,1.025278,0.313759,59.172253,252
instrument,futures,ZS,10,vol,3y,752,0.544692,0.465528,0.074722,0.061886,0.154700,0.244010,0.489333,1.087171,0.804182,59.307782,252
instrument,futures,ZS,10,vol,1y,251,0.238335,0.150346,0.026043,0.011198,0.166256,0.244010,0.500000,1.001436,0.150047,72.479098,252
instrument,futures,ZS,10,vol,IS,1231,0.208713,0.138890,0.020576,0.009570,0.155707,0.349503,0.489307,1.024226,0.306972,53.833379,252
instrument,futures,ZS,10,vol,OOS,528,0.546375,0.465823,0.076626,0.063218,0.158628,0.244010,0.502846,1.089545,0.674275,62.288184,252
instrument,futures,ZS,10,vol,full,1759,0.311424,0.238356,0.037087,0.025383,0.156551,0.349503,0.493223,1.041632,0.629735,56.338541,252
instrument,futures,ZS,20,fixed,5y,1255,0.275857,0.232179,0.036550,0.027070,0.211100,0.362717,0.493620,1.043022,0.518136,45.416268,252
instrument,futures,ZS,20,fixed,3y,752,0.175630,0.123065,0.015561,0.005973,0.180404,0.283699,0.491345,1.028834,0.212591,46.977364,252
instrument,futures,ZS,20,fixed,1y,251,0.610993,0.552683,0.093534,0.082953,0.170594,0.137587,0.528000,1.128279,0.551586,46.368000,252
instrument,futures,ZS,20,fixed,IS,1231,0.606703,0.566850,0.114279,0.104853,0.217816,0.349949,0.514073,1.104492,1.252844,42.000000,252
instrument,futures,ZS,20,fixed,OOS,528,0.164756,0.106588,0.013605,0.003100,0.178951,0.283699,0.491461,1.024755,0.154285,51.643264,252
instrument,futures,ZS,20,fixed,full,1759,0.489873,0.445323,0.083052,0.073270,0.206890,0.362717,0.506912,1.080404,1.176543,44.866894,252
instrument,futures,ZS,20,vol,5y,1255,0.335002,0.286133,0.040750,0.032945,0.155546,0.262822,0.493620,1.050389,0.638543,37.347788,252
instrument,futures,ZS,20,vol,3y,752,0.158251,0.102511,0.012591,0.003898,0.154699,0.251498,0.491345,1.023155,0.177085,42.767143,252
instrument,futures,ZS,20,vol,1y,251,0.589552,0.530849,0.087392,0.077074,0.165874,0.134581,0.528000,1.127674,0.529795,45.474199,252
instrument,futures,ZS,20,vol,IS,1231,0.820686,0.774438,0.122056,0.114303,0.155329,0.238308,0.516267,1.142652,1.711652,34.419532,252
instrument,futures,ZS,20,vol,OOS,528,0.117855,0.055997,0.006155,-0.003695,0.158650,0.251498,0.491461,1.016395,0.081056,48.826673,252
instrument,futures,ZS,20,vol,full,1759,0.606777,0.555594,0.085929,0.077486,0.156321,0.262822,0.508255,1.099819,1.467878,38.720083,252
instrument,futures,ZS,40,fixed,5y,1255,-0.136426,-0.167026,-0.049502,-0.055743,0.210941,0.487065,0.484437,0.974686,-0.372739,32.555024,252
instrument,futures,ZS,40,fixed,3y,752,-0.626089,-0.664944,-0.120683,-0.127089,0.180028,0.342267,0.470667,0.903284,-1.148665,36.239680,252
instrument,futures,ZS,40,fixed,1y,251,-0.652967,-0.684457,-0.118017,-0.123024,0.170460,0.181670,0.512000,0.908941,-0.683098,28.224000,252
instrument,futures,ZS,40,fixed,IS,1231,0.521884,0.500289,0.093818,0.088798,0.216706,0.363179,0.507149,1.092564,1.105731,22.741463,252
instrument,futures,ZS,40,fixed,OOS,528,-0.737012,-0.780254,-0.136870,-0.143829,0.178564,0.338982,0.466793,0.883474,-1.129412,40.166983,252
instrument,futures,ZS,40,fixed,full,1759,0.192630,0.165238,0.018748,0.013009,0.206074,0.487065,0.494467,1.029326,0.436557,27.952218,252
instrument,futures,ZS,40,vol,5y,1255,-0.041789,-0.078125,-0.018327,-0.023918,0.155447,0.372457,0.484437,0.988667,-0.174346,28.329992,252
instrument,futures,ZS,40,vol,3y,752,-0.570773,-0.614394,-0.094983,-0.101307,0.154415,0.282849,0.470667,0.907751,-1.061342,34.794708,252
instrument,futures,ZS,40,vol,1y,251,-0.547993,-0.581455,-0.099128,-0.104339,0.165767,0.167390,0.512000,0.925087,-0.580300,28.766339,252
instrument,futures,ZS,40,vol,IS,1231,0.677385,0.652759,0.097466,0.093386,0.155178,0.258643,0.506416,1.118908,1.442718,18.498863,252
instrument,futures,ZS,40,vol,OOS,528,-0.653973,-0.700584,-0.109348,-0.116167,0.158331,0.266894,0.466793,0.893961,-1.014091,38.180765,252
instrument,futures,ZS,40,vol,full,1759,0.272294,0.240658,0.030791,0.025739,0.156206,0.372457,0.493813,1.042077,0.635817,24.389699,252
instrument,futures,ZS,60,fixed,5y,1255,-0.399521,-0.435652,-0.100750,-0.107813,0.210962,0.615195,0.472466,0.931278,-0.972214,38.583732,252
instrument,futures,ZS,60,fixed,3y,752,-0.950422,-0.998592,-0.170401,-0.178005,0.179991,0.427535,0.461333,0.854948,-1.725030,44.964048,252
instrument,futures,ZS,60,fixed,1y,251,-0.537643,-0.574049,-0.100564,-0.106390,0.170521,0.127891,0.496000,0.926586,-0.572909,32.256000,252
instrument,futures,ZS,60,fixed,IS,1231,0.101934,0.072654,-0.001161,-0.007490,0.215385,0.557533,0.505560,1.013118,0.160579,31.346341,252
instrument,futures,ZS,60,fixed,OOS,528,-0.675145,-0.716527,-0.127325,-0.134025,0.178557,0.291940,0.460076,0.892985,-1.037169,38.254269,252
instrument,futures,ZS,60,fixed,full,1759,-0.101539,-0.133904,-0.040837,-0.047301,0.205018,0.646324,0.491156,0.976809,-0.353774,33.399317,252
instrument,futures,ZS,60,vol,5y,1255,-0.457731,-0.498412,-0.079676,-0.085664,0.155434,0.508541,0.472466,0.921931,-1.112269,32.219681,252
instrument,futures,ZS,60,vol,3y,752,-0.872513,-0.921840,-0.136053,-0.142927,0.154330,0.365963,0.461333,0.862447,-1.592445,39.286983,252
instrument,futures,ZS,60,vol,1y,251,-0.475250,-0.513753,-0.088229,-0.094254,0.165815,0.117796,0.496000,0.936261,-0.512732,32.899508,252
instrument,futures,ZS,60,vol,IS,1231,0.389557,0.355783,0.049598,0.044170,0.155393,0.407029,0.505560,1.063173,0.786346,25.732478,252
instrument,futures,ZS,60,vol,OOS,528,-0.645054,-0.689549,-0.108095,-0.114590,0.158288,0.246129,0.460076,0.895683,-0.998118,36.329393,252
instrument,futures,ZS,60,vol,full,1759,0.075022,0.037928,-0.000461,-0.006264,0.156295,0.517448,0.491156,1.006588,0.100206,28.895770,252
instrument,futures,ZS,120,fixed,5y,1255,-0.303863,-0.325918,-0.082646,-0.087042,0.210859,0.544381,0.483254,0.948705,-0.727327,23.712919,252
instrument,futures,ZS,120,fixed,3y,752,0.362471,0.341187,0.050288,0.046313,0.180015,0.246838,0.496671,1.066735,0.589387,18.119840,252
instrument,futures,ZS,120,fixed,1y,251,0.303577,0.279785,0.037977,0.033796,0.170301,0.142661,0.500000,1.075289,0.279229,20.160000,252
instrument,futures,ZS,120,fixed,IS,1231,-0.301781,-0.321081,-0.083667,-0.087587,0.213728,0.643248,0.499549,0.943166,-0.709648,21.102439,252
instrument,futures,ZS,120,fixed,OOS,528,0.497048,0.478430,0.075501,0.071987,0.178419,0.246838,0.495256,1.076179,0.692524,16.258065,252
instrument,futures,ZS,120,fixed,full,1759,-0.090793,-0.109938,-0.038538,-0.042358,0.203771,0.643248,0.498473,0.980611,-0.290457,19.638225,252
instrument,futures,ZS,120,vol,5y,1255,-0.275603,-0.302712,-0.053325,-0.057385,0.155345,0.407226,0.483254,0.952379,-0.675540,21.346149,252
instrument,futures,ZS,120,vol,3y,752,0.310516,0.287394,0.036668,0.032999,0.154322,0.202328,0.496671,1.055326,0.496462,17.231422,252
instrument,futures,ZS,120,vol,1y,251,0.403999,0.377523,0.054661,0.050073,0.165559,0.122721,0.500000,1.096815,0.376774,21.757040,252
instrument,futures,ZS,120,vol,IS,1231,-0.240784,-0.265905,-0.047316,-0.051050,0.152968,0.487412,0.499549,0.954310,-0.587699,19.485614,252
instrument,futures,ZS,120,vol,OOS,528,0.508189,0.486439,0.070209,0.066580,0.158133,0.202328,0.495256,1.078710,0.704117,16.919105,252
instrument,futures,ZS,120,vol,full,1759,-0.010603,-0.034787,-0.013463,-0.017174,0.154529,0.487412,0.498473,0.994048,-0.091908,18.706428,252
instrument,futures,ZS,180,fixed,5y,1255,-0.354473,-0.366079,-0.092198,-0.094482,0.210359,0.499356,0.485235,0.937187,-0.816953,12.459330,252
instrument,futures,ZS,180,fixed,3y,752,-0.000951,-0.018135,-0.016049,-0.019113,0.179395,0.365947,0.493333,1.005221,-0.031328,15.435419,252
instrument,futures,ZS,180,fixed,1y,251,-0.876564,-0.902868,-0.150736,-0.154877,0.170341,0.235269,0.464000,0.875053,-0.901075,24.192000,252
instrument,futures,ZS,180,fixed,IS,1231,0.013927,0.006353,-0.019256,-0.020838,0.210984,0.529061,0.505714,1.001223,0.014042,7.990244,252
instrument,futures,ZS,180,fixed,OOS,528,-0.050323,-0.069603,-0.024297,-0.027683,0.177642,0.365947,0.486692,0.981935,-0.100750,17.214421,252
instrument,futures,ZS,180,fixed,full,1759,-0.003101,-0.013763,-0.020772,-0.022898,0.201506,0.557471,0.499683,0.997557,-0.036363,10.750853,252
instrument,futures,ZS,180,vol,5y,1255,-0.268842,-0.284279,-0.052158,-0.054471,0.154833,0.353213,0.485235,0.952359,-0.634405,12.126158,252
instrument,futures,ZS,180,vol,3y,752,-0.060787,-0.080751,-0.020865,-0.023901,0.153640,0.332059,0.493333,0.992432,-0.139494,15.405334,252
instrument,futures,ZS,180,vol,1y,251,-0.805911,-0.834845,-0.136587,-0.141011,0.165651,0.220866,0.464000,0.884455,-0.833187,25.433431,252
instrument,futures,ZS,180,vol,IS,1231,0.228402,0.217709,0.023014,0.021413,0.147029,0.366091,0.505714,1.040166,0.481178,7.786953,252
instrument,futures,ZS,180,vol,OOS,528,-0.111790,-0.134921,-0.029416,-0.032998,0.157285,0.332059,0.486692,0.970819,-0.195297,18.343128,252
instrument,futures,ZS,180,vol,full,1759,0.121443,0.106773,0.006985,0.004766,0.150144,0.411286,0.499683,1.019133,0.282094,10.948240,252
instrument,futures,ZS,250,fixed,5y,1255,0.485651,0.477084,0.083235,0.081306,0.210586,0.232424,0.523923,1.081461,1.064672,8.842105,252
instrument,futures,ZS,250,fixed,3y,752,0.805730,0.794101,0.137249,0.134946,0.179713,0.163592,0.501997,1.130902,1.371780,10.066578,252
instrument,futures,ZS,250,fixed,1y,251,0.485229,0.458485,0.070537,0.065766,0.170424,0.163592,0.496000,1.057661,0.457574,22.176000,252
instrument,futures,ZS,250,fixed,IS,1231,0.727571,0.721366,0.138545,0.137093,0.208490,0.290575,0.550000,1.148757,1.594353,6.351220,252
instrument,futures,ZS,250,fixed,OOS,528,0.616187,0.603955,0.098541,0.096211,0.178351,0.163592,0.499051,1.099009,0.874221,10.519924,252
instrument,futures,ZS,250,fixed,full,1759,0.696168,0.688361,0.126386,0.124664,0.199874,0.290575,0.532493,1.135868,1.818649,7.597270,252
instrument,futures,ZS,250,vol,5y,1255,0.615324,0.602953,0.086941,0.084895,0.155129,0.145481,0.523923,1.103774,1.345566,9.369628,252
instrument,futures,ZS,250,vol,3y,752,0.712295,0.698095,0.102811,0.100455,0.154137,0.145481,0.501997,1.117082,1.205933,10.635188,252
instrument,futures,ZS,250,vol,1y,251,0.650600,0.622472,0.098522,0.093545,0.165613,0.145481,0.496000,1.088825,0.621236,22.556885,252
instrument,futures,ZS,250,vol,IS,1231,0.998137,0.987870,0.142233,0.140583,0.143650,0.191993,0.550000,1.202352,2.183376,7.209269,252
instrument,futures,ZS,250,vol,OOS,528,0.650070,0.634487,0.094426,0.091797,0.158079,0.145481,0.499051,1.106144,0.918416,11.953781,252
instrument,futures,ZS,250,vol,full,1759,0.885936,0.873924,0.127667,0.125715,0.148089,0.191993,0.532493,1.171066,2.308907,8.628708,252
instrument,futures,ZS,composite,fixed,5y,1255,0.022403,-0.018061,-0.006224,-0.011715,0.136541,0.338813,0.488821,1.001060,-0.040305,27.531100,252
instrument,futures,ZS,composite,fixed,3y,752,0.133870,0.091498,0.009026,0.003380,0.132432,0.209763,0.484653,1.026677,0.158059,27.683089,252
instrument,futures,ZS,composite,fixed,1y,251,0.282406,0.239689,0.028654,0.022977,0.129951,0.094564,0.490385,1.072342,0.239213,27.216000,252
instrument,futures,ZS,composite,fixed,IS,1231,0.449016,0.418946,0.053674,0.049369,0.137705,0.338813,0.518285,1.096196,0.925948,20.385366,252
instrument,futures,ZS,composite,fixed,OOS,528,0.203308,0.162027,0.018346,0.012808,0.132289,0.209763,0.478774,1.035719,0.234533,27.256167,252
instrument,futures,ZS,composite,fixed,full,1759,0.377331,0.344002,0.042943,0.038258,0.136068,0.338813,0.504519,1.077409,0.908852,22.433447,252
instrument,futures,ZS,composite,vol,5y,1255,0.077957,0.036064,0.002599,-0.001927,0.107926,0.248483,0.488821,1.011010,0.080481,22.542439,252
instrument,futures,ZS,composite,vol,3y,752,0.103718,0.060749,0.005335,0.000379,0.114983,0.177513,0.484653,1.018934,0.104942,24.483249,252
instrument,futures,ZS,composite,vol,1y,251,0.371269,0.329416,0.040659,0.035027,0.130284,0.091798,0.490385,1.095301,0.328762,26.663076,252
instrument,futures,ZS,composite,vol,IS,1231,0.687892,0.657008,0.068383,0.065007,0.104117,0.236073,0.518285,1.157137,1.452111,15.794470,252
instrument,futures,ZS,composite,vol,OOS,528,0.211828,0.168392,0.018181,0.012995,0.117788,0.177513,0.478774,1.037844,0.243746,25.529749,252
instrument,futures,ZS,composite,vol,full,1759,0.531590,0.496656,0.053059,0.049120,0.108377,0.248483,0.504519,1.115087,1.312164,18.703854,252
instrument,futures,ZS,buyhold,long1x,5y,1255,-0.018876,-0.018876,-0.025930,-0.025930,0.210607,0.469333,0.509569,0.994111,-0.042124,0.000000,252
instrument,futures,ZS,buyhold,long1x,3y,752,-0.363143,-0.363143,-0.078230,-0.078230,0.179799,0.392886,0.484687,0.949465,-0.627316,0.000000,252
instrument,futures,ZS,buyhold,long1x,1y,251,0.820893,0.820893,0.133344,0.133344,0.169986,0.115792,0.484000,1.181844,0.819263,0.000000,252
instrument,futures,ZS,buyhold,long1x,IS,1231,0.442343,0.442343,0.075332,0.075332,0.218508,0.362210,0.533333,1.079773,0.977660,0.000000,252
instrument,futures,ZS,buyhold,long1x,OOS,528,-0.023755,-0.023755,-0.019912,-0.019912,0.178353,0.236478,0.481973,1.002666,-0.034385,0.000000,252
instrument,futures,ZS,buyhold,long1x,full,1759,0.320254,0.320254,0.045809,0.045809,0.207244,0.469333,0.517634,1.056747,0.846111,0.000000,252
instrument,futures,ZW,10,fixed,5y,1255,-0.038226,-0.083836,-0.071039,-0.085992,0.349881,0.551476,0.466400,0.984697,-0.187090,79.980861,252
instrument,futures,ZW,10,fixed,3y,752,-0.482824,-0.537942,-0.164111,-0.177759,0.287327,0.513610,0.442667,0.913343,-0.929275,81.203728,252
instrument,futures,ZW,10,fixed,1y,251,-0.708170,-0.781817,-0.185825,-0.201231,0.248183,0.218106,0.425703,0.867856,-0.780264,94.752000,252
instrument,futures,ZW,10,fixed,IS,1231,0.143719,0.102284,-0.011195,-0.025780,0.355075,0.474610,0.481086,1.018151,0.226066,73.141463,252
instrument,futures,ZW,10,fixed,OOS,528,-0.485660,-0.551988,-0.142772,-0.157566,0.252873,0.388035,0.437262,0.913657,-0.799000,86.072106,252
instrument,futures,ZW,10,fixed,full,1759,-0.003350,-0.050292,-0.052682,-0.067369,0.327729,0.551476,0.468158,0.991417,-0.132870,76.976109,252
instrument,futures,ZW,10,vol,5y,1255,-0.077471,-0.131226,-0.023936,-0.032201,0.156475,0.277252,0.466400,0.977763,-0.292847,42.241088,252
instrument,futures,ZW,10,vol,3y,752,-0.403560,-0.464585,-0.069786,-0.078582,0.151504,0.263751,0.442667,0.926009,-0.802552,47.205438,252
instrument,futures,ZW,10,vol,1y,251,-0.441522,-0.517037,-0.076692,-0.087680,0.154503,0.114346,0.425703,0.909091,-0.516010,59.686736,252
instrument,futures,ZW,10,vol,IS,1231,0.356756,0.312308,0.044101,0.037030,0.154519,0.211307,0.487136,1.054836,0.690258,33.734889,252
instrument,futures,ZW,10,vol,OOS,528,-0.412981,-0.481678,-0.071933,-0.081913,0.153135,0.230974,0.437262,0.923911,-0.697226,53.748837,252
instrument,futures,ZW,10,vol,full,1759,0.127325,0.075475,0.007825,-0.000207,0.154102,0.277252,0.471943,1.012848,0.199405,39.716971,252
instrument,futures,ZW,20,fixed,5y,1255,-0.536821,-0.570976,-0.219469,-0.229091,0.349392,0.832157,0.465600,0.904298,-1.274206,61.090909,252
instrument,futures,ZW,20,fixed,3y,752,-1.230120,-1.273224,-0.323817,-0.332787,0.285474,0.766679,0.446524,0.812401,-2.199447,65.768309,252
instrument,futures,ZW,20,fixed,1y,251,-0.055254,-0.102773,-0.042133,-0.053309,0.244669,0.252603,0.459677,0.993318,-0.102569,56.448000,252
instrument,futures,ZW,20,fixed,IS,1231,-0.430657,-0.461387,-0.193145,-0.202194,0.354332,0.768420,0.465232,0.922309,-1.019752,55.521951,252
instrument,futures,ZW,20,fixed,OOS,528,-0.755039,-0.796016,-0.197668,-0.206319,0.250769,0.519253,0.458015,0.878034,-1.152229,53.555977,252
instrument,futures,ZW,20,fixed,full,1759,-0.500859,-0.533703,-0.194505,-0.203435,0.326642,0.858320,0.463358,0.911468,-1.410042,54.901024,252
instrument,futures,ZW,20,vol,5y,1255,-0.532118,-0.571621,-0.090573,-0.096335,0.155956,0.530563,0.465600,0.908775,-1.275644,31.570438,252
instrument,futures,ZW,20,vol,3y,752,-1.026925,-1.072193,-0.152342,-0.158435,0.150303,0.495709,0.446524,0.841470,-1.852174,35.829549,252
instrument,futures,ZW,20,vol,1y,251,-0.074367,-0.123660,-0.022481,-0.029835,0.152064,0.176898,0.459677,0.988235,-0.123414,36.664118,252
instrument,futures,ZW,20,vol,IS,1231,-0.411935,-0.446616,-0.072691,-0.077776,0.154574,0.441417,0.465753,0.926821,-0.987103,27.320462,252
instrument,futures,ZW,20,vol,OOS,528,-0.762958,-0.806115,-0.119198,-0.125228,0.151685,0.362791,0.458015,0.876187,-1.166846,34.123266,252
instrument,futures,ZW,20,vol,full,1759,-0.515960,-0.553214,-0.086903,-0.092284,0.153677,0.597257,0.463674,0.911353,-1.461591,29.345856,252
instrument,futures,ZW,40,fixed,5y,1255,-0.406192,-0.429456,-0.183287,-0.190118,0.349781,0.707545,0.477636,0.927030,-0.958385,41.397129,252
instrument,futures,ZW,40,fixed,3y,752,-0.718715,-0.750364,-0.218634,-0.226035,0.286767,0.564801,0.472630,0.885875,-1.296226,46.977364,252
instrument,futures,ZW,40,fixed,1y,251,-0.639529,-0.690096,-0.171821,-0.182507,0.247770,0.193517,0.495968,0.899148,-0.688726,64.512000,252
instrument,futures,ZW,40,fixed,IS,1231,-0.376025,-0.396956,-0.176164,-0.182410,0.352323,0.700292,0.468067,0.932324,-0.877345,37.492683,252
instrument,futures,ZW,40,fixed,OOS,528,-1.275124,-1.313631,-0.296828,-0.304135,0.251764,0.538758,0.468571,0.807818,-1.901473,51.643264,252
instrument,futures,ZW,40,fixed,full,1759,-0.580882,-0.605880,-0.214411,-0.221031,0.325394,0.833532,0.468531,0.899728,-1.600734,41.713311,252
instrument,futures,ZW,40,vol,5y,1255,-0.421666,-0.451255,-0.075052,-0.079435,0.156370,0.440817,0.477636,0.927178,-1.007034,23.595497,252
instrument,futures,ZW,40,vol,3y,752,-0.752061,-0.789128,-0.117380,-0.122530,0.151154,0.371056,0.472630,0.881250,-1.363189,29.073567,252
instrument,futures,ZW,40,vol,1y,251,-0.542625,-0.598950,-0.090857,-0.098936,0.154170,0.140713,0.495968,0.911806,-0.597761,44.522354,252
instrument,futures,ZW,40,vol,IS,1231,-0.357742,-0.381833,-0.064914,-0.068475,0.154546,0.447330,0.468376,0.937093,-0.843922,18.947717,252
instrument,futures,ZW,40,vol,OOS,528,-1.183263,-1.225981,-0.174453,-0.180167,0.152506,0.371056,0.468571,0.818554,-1.774599,34.515804,252
instrument,futures,ZW,40,vol,full,1759,-0.603068,-0.632855,-0.099240,-0.103512,0.153937,0.593290,0.468750,0.899304,-1.672002,23.605464,252
instrument,futures,ZW,60,fixed,5y,1255,-0.388798,-0.410714,-0.178253,-0.184731,0.349682,0.795553,0.469649,0.930022,-0.916559,38.985646,252
instrument,futures,ZW,60,fixed,3y,752,-1.399217,-1.434883,-0.356041,-0.363095,0.285792,0.779591,0.447263,0.787651,-2.478706,54.359521,252
instrument,futures,ZW,60,fixed,1y,251,-0.377748,-0.425343,-0.116539,-0.127260,0.248183,0.212122,0.460000,0.940454,-0.424499,58.464000,252
instrument,futures,ZW,60,fixed,IS,1231,0.168565,0.154810,-0.001821,-0.006677,0.351205,0.416863,0.485445,1.028047,0.342158,23.970732,252
instrument,futures,ZW,60,fixed,OOS,528,-2.144585,-2.188412,-0.432630,-0.439619,0.250069,0.727221,0.430476,0.700814,-3.167712,61.206831,252
instrument,futures,ZW,60,fixed,full,1759,-0.367626,-0.388881,-0.157512,-0.163500,0.324573,0.795553,0.468713,0.934013,-1.027422,35.119454,252
instrument,futures,ZW,60,vol,5y,1255,-0.576212,-0.603970,-0.097052,-0.101105,0.156277,0.567471,0.469649,0.903901,-1.347835,22.333121,252
instrument,futures,ZW,60,vol,3y,752,-1.448994,-1.488604,-0.204845,-0.209958,0.150634,0.556158,0.447263,0.783903,-2.571508,32.041657,252
instrument,futures,ZW,60,vol,1y,251,-0.386194,-0.439098,-0.068803,-0.076626,0.154513,0.153434,0.460000,0.936859,-0.438226,40.911714,252
instrument,futures,ZW,60,vol,IS,1231,0.119598,0.103061,0.006603,0.004029,0.154503,0.239308,0.485445,1.017790,0.227785,12.704315,252
instrument,futures,ZW,60,vol,OOS,528,-1.939110,-1.984889,-0.262962,-0.268618,0.151713,0.519479,0.430476,0.723128,-2.873115,38.266944,252
instrument,futures,ZW,60,vol,full,1759,-0.489152,-0.514931,-0.083306,-0.087060,0.153900,0.567471,0.468713,0.917221,-1.360447,20.361703,252
instrument,futures,ZW,120,fixed,5y,1255,-0.137916,-0.156386,-0.103218,-0.109136,0.349885,0.714846,0.480861,0.972259,-0.348995,32.555024,252
instrument,futures,ZW,120,fixed,3y,752,-0.356712,-0.383694,-0.133589,-0.140533,0.287065,0.528271,0.480692,0.936739,-0.662817,39.595206,252
instrument,futures,ZW,120,fixed,1y,251,0.173991,0.151098,0.012780,0.007025,0.247922,0.146497,0.484000,1.036070,0.150798,28.224000,252
instrument,futures,ZW,120,fixed,IS,1231,-0.089423,-0.101711,-0.087282,-0.091268,0.348311,0.612226,0.478378,0.981644,-0.224800,21.512195,252
instrument,futures,ZW,120,fixed,OOS,528,-0.585642,-0.616155,-0.164151,-0.170945,0.252530,0.428115,0.470588,0.904150,-0.891881,40.166983,252
instrument,futures,ZW,120,fixed,full,1759,-0.205088,-0.221695,-0.111070,-0.115958,0.322509,0.714846,0.476190,0.961217,-0.585719,27.092150,252
instrument,futures,ZW,120,vol,5y,1255,-0.128676,-0.152843,-0.031769,-0.035478,0.156440,0.389503,0.480861,0.974219,-0.341088,19.045359,252
instrument,futures,ZW,120,vol,3y,752,-0.391064,-0.422610,-0.068054,-0.072636,0.151342,0.335318,0.480692,0.932261,-0.730043,24.454206,252
instrument,futures,ZW,120,vol,1y,251,0.300143,0.274266,0.035041,0.030949,0.154264,0.097345,0.484000,1.056063,0.273721,19.714939,252
instrument,futures,ZW,120,vol,IS,1231,-0.064612,-0.079503,-0.020996,-0.023223,0.151532,0.242572,0.478378,0.986231,-0.175717,11.322756,252
instrument,futures,ZW,120,vol,OOS,528,-0.484895,-0.518746,-0.082073,-0.087009,0.152948,0.276972,0.470588,0.918277,-0.750882,26.739192,252
instrument,futures,ZW,120,vol,full,1759,-0.191493,-0.212252,-0.039744,-0.042824,0.151928,0.389503,0.476190,0.964420,-0.560770,15.939380,252
instrument,futures,ZW,180,fixed,5y,1255,0.156255,0.144463,-0.005966,-0.010092,0.349722,0.598837,0.486034,1.026471,0.322388,20.095694,252
instrument,futures,ZW,180,fixed,3y,752,-0.017667,-0.036348,-0.045121,-0.050281,0.286830,0.367660,0.481333,0.991861,-0.062789,26.844208,252
instrument,futures,ZW,180,fixed,1y,251,0.199426,0.181419,0.019192,0.014642,0.247838,0.189979,0.484000,1.020818,0.181058,22.176000,252
instrument,futures,ZW,180,fixed,IS,1231,0.009817,0.003506,-0.053781,-0.055879,0.344073,0.555294,0.475691,1.000700,0.007750,10.858537,252
instrument,futures,ZW,180,fixed,OOS,528,-0.331391,-0.360530,-0.108815,-0.115492,0.252321,0.352437,0.473384,0.942260,-0.521865,37.297913,252
instrument,futures,ZW,180,fixed,full,1759,-0.071169,-0.082888,-0.070649,-0.074184,0.319253,0.598837,0.475254,0.985107,-0.218989,18.778157,252
instrument,futures,ZW,180,vol,5y,1255,0.165017,0.147469,0.013700,0.010924,0.156325,0.274709,0.486034,1.025631,0.329096,13.463895,252
instrument,futures,ZW,180,vol,3y,752,-0.096401,-0.121392,-0.025623,-0.029335,0.151209,0.222704,0.481333,0.978989,-0.209700,18.991200,252
instrument,futures,ZW,180,vol,1y,251,0.161520,0.137563,0.013177,0.009441,0.154265,0.141020,0.484000,1.014867,0.137290,18.391903,252
instrument,futures,ZW,180,vol,IS,1231,-0.008345,-0.017027,-0.011733,-0.012993,0.145778,0.272091,0.475691,0.997012,-0.037633,6.336273,252
instrument,futures,ZW,180,vol,OOS,528,-0.288766,-0.322487,-0.054165,-0.059108,0.152795,0.212394,0.473384,0.948045,-0.466798,26.088206,252
instrument,futures,ZW,180,vol,full,1759,-0.095268,-0.111764,-0.024666,-0.027068,0.147881,0.274709,0.475254,0.980844,-0.295280,12.255395,252
instrument,futures,ZW,250,fixed,5y,1255,0.103160,0.090256,-0.024251,-0.028679,0.349700,0.651640,0.488428,1.016761,0.201418,22.507177,252
instrument,futures,ZW,250,fixed,3y,752,-0.323842,-0.343684,-0.125376,-0.130462,0.286807,0.482995,0.484000,0.942941,-0.593702,28.857523,252
instrument,futures,ZW,250,fixed,1y,251,-0.824766,-0.851609,-0.208934,-0.214365,0.247518,0.282532,0.468000,0.857712,-0.849917,34.272000,252
instrument,futures,ZW,250,fixed,IS,1231,0.401943,0.398162,0.082552,0.081167,0.339461,0.523793,0.489796,1.080054,0.880011,6.351220,252
instrument,futures,ZW,250,fixed,OOS,528,-0.738688,-0.769463,-0.195672,-0.202172,0.252180,0.482995,0.477186,0.882031,-1.113792,40.166983,252
instrument,futures,ZW,250,fixed,full,1759,0.125532,0.115055,-0.009801,-0.013095,0.315877,0.651640,0.485733,1.021659,0.303974,16.484642,252
instrument,futures,ZW,250,vol,5y,1255,-0.010668,-0.029100,-0.013749,-0.016604,0.156329,0.383183,0.488428,0.995969,-0.064940,14.423965,252
instrument,futures,ZW,250,vol,3y,752,-0.525845,-0.550508,-0.086807,-0.090300,0.151143,0.340507,0.484000,0.913121,-0.950982,19.061840,252
instrument,futures,ZW,250,vol,1y,251,-0.926522,-0.955383,-0.143007,-0.146935,0.153952,0.204032,0.468000,0.844391,-0.953485,22.935748,252
instrument,futures,ZW,250,vol,IS,1231,0.451157,0.445256,0.055502,0.054624,0.142041,0.196440,0.489796,1.086373,0.984099,4.157570,252
instrument,futures,ZW,250,vol,OOS,528,-0.817702,-0.850879,-0.127410,-0.131994,0.152645,0.340507,0.477186,0.870029,-1.231643,26.206273,252
instrument,futures,ZW,250,vol,full,1759,0.051109,0.036277,-0.003103,-0.005258,0.145369,0.383183,0.485733,1.006520,0.095843,10.766441,252
instrument,futures,ZW,composite,fixed,5y,1255,-0.313455,-0.341351,-0.112263,-0.118944,0.267543,0.707718,0.472472,0.930174,-0.761768,37.578947,252
instrument,futures,ZW,composite,fixed,3y,752,-1.131482,-1.173349,-0.227438,-0.234417,0.208944,0.602250,0.458824,0.798150,-2.026916,45.131824,252
instrument,futures,ZW,composite,fixed,1y,251,-0.338456,-0.380765,-0.082710,-0.090445,0.198040,0.175061,0.462687,0.933652,-0.380009,41.328000,252
instrument,futures,ZW,composite,fixed,IS,1231,0.021263,0.002305,-0.026929,-0.031701,0.258173,0.472671,0.478098,1.001629,0.005094,24.482927,252
instrument,futures,ZW,composite,fixed,OOS,528,-1.348788,-1.393690,-0.247015,-0.253930,0.196281,0.515005,0.452607,0.764724,-2.017358,45.905123,252
instrument,futures,ZW,composite,fixed,full,1759,-0.313095,-0.338509,-0.099014,-0.104591,0.241343,0.707718,0.469722,0.927790,-0.894341,30.890785,252
instrument,futures,ZW,composite,vol,5y,1255,-0.410468,-0.444695,-0.054112,-0.057994,0.118581,0.424865,0.472472,0.915763,-0.992394,20.511396,252
instrument,futures,ZW,composite,vol,3y,752,-1.145450,-1.190584,-0.125239,-0.129788,0.111518,0.394902,0.458824,0.796088,-2.056689,26.011410,252
instrument,futures,ZW,composite,vol,1y,251,-0.352854,-0.399979,-0.047552,-0.052907,0.118472,0.122209,0.462687,0.930757,-0.399184,27.700764,252
instrument,futures,ZW,composite,vol,IS,1231,0.047158,0.025234,-0.000691,-0.003051,0.107719,0.174710,0.478098,1.006765,0.055772,11.807683,252
instrument,futures,ZW,composite,vol,OOS,528,-1.304001,-1.351760,-0.146769,-0.151711,0.116654,0.347463,0.452607,0.771455,-1.956664,28.978093,252
instrument,futures,ZW,composite,vol,full,1759,-0.380632,-0.410990,-0.046989,-0.050222,0.110541,0.424865,0.469722,0.917772,-1.085836,16.949824,252
instrument,futures,ZW,buyhold,long1x,5y,1255,0.165323,0.165323,-0.002523,-0.002523,0.349565,0.652693,0.468900,1.030147,0.368939,0.000000,252
instrument,futures,ZW,buyhold,long1x,3y,752,0.077665,0.077665,-0.018330,-0.018330,0.286677,0.348898,0.468708,1.015117,0.134163,0.000000,252
instrument,futures,ZW,buyhold,long1x,1y,251,0.574060,0.574060,0.118250,0.118250,0.247468,0.146497,0.468000,1.112656,0.572920,0.000000,252
instrument,futures,ZW,buyhold,long1x,IS,1231,0.348152,0.348152,0.063248,0.063248,0.356831,0.635503,0.474797,1.062393,0.769481,0.000000,252
instrument,futures,ZW,buyhold,long1x,OOS,528,-0.120905,-0.120905,-0.060161,-0.060161,0.252161,0.293110,0.459203,0.979396,-0.175009,0.000000,252
instrument,futures,ZW,buyhold,long1x,full,1759,0.236522,0.236522,0.024592,0.024592,0.328888,0.652693,0.470421,1.041654,0.624892,0.000000,252
instrument,futures,6E,10,fixed,5y,1256,0.020801,-0.153474,-0.001391,-0.014987,0.078384,0.185747,0.491228,0.974008,-0.342632,68.270916,252
instrument,futures,6E,10,fixed,3y,753,-0.369149,-0.550461,-0.027900,-0.040623,0.070790,0.185747,0.476698,0.917726,-0.951532,65.010638,252
instrument,futures,6E,10,fixed,1y,251,-1.302515,-1.571840,-0.076173,-0.092038,0.060264,0.104922,0.441767,0.782207,-1.568718,86.688000,252
instrument,futures,6E,10,fixed,IS,1232,0.490614,0.301670,0.034784,0.020307,0.076281,0.115464,0.513934,1.052168,0.667017,70.216084,252
instrument,futures,6E,10,fixed,OOS,528,-0.804531,-0.998764,-0.058316,-0.072116,0.072317,0.156709,0.469582,0.850793,-1.445705,72.683112,252
instrument,futures,6E,10,fixed,full,1760,0.116628,-0.073994,0.005927,-0.008347,0.075143,0.185747,0.500286,0.987851,-0.195549,71.201819,252
instrument,futures,6E,10,vol,5y,1256,0.063879,-0.127145,-0.001924,-0.031150,0.154734,0.358814,0.491228,0.978600,-0.283853,147.352737,252
instrument,futures,6E,10,vol,3y,753,-0.299736,-0.496458,-0.055567,-0.084526,0.153991,0.358814,0.476698,0.926827,-0.858182,152.985167,252
instrument,futures,6E,10,vol,1y,251,-0.877624,-1.154778,-0.125140,-0.160530,0.142701,0.193369,0.441767,0.834374,-1.152484,205.946117,252
instrument,futures,6E,10,vol,IS,1232,0.687878,0.484733,0.095690,0.063594,0.150560,0.166890,0.514530,1.085021,1.071785,147.624279,252
instrument,futures,6E,10,vol,OOS,528,-0.738425,-0.950822,-0.117313,-0.147429,0.155051,0.305412,0.469582,0.861156,-1.376308,169.562386,252
instrument,futures,6E,10,vol,full,1760,0.251652,0.045124,0.026889,-0.004681,0.152010,0.358814,0.500295,1.007805,0.119251,154.920245,252
instrument,futures,6E,20,fixed,5y,1256,0.155900,0.054294,0.009137,0.001195,0.078115,0.141911,0.474104,1.008489,0.121213,39.356175,252
instrument,futures,6E,20,fixed,3y,753,0.545574,0.449774,0.036475,0.029673,0.070532,0.076263,0.477394,1.071739,0.777485,32.840426,252
instrument,futures,6E,20,fixed,1y,251,0.308167,0.207162,0.016902,0.010777,0.060558,0.034453,0.464000,1.048605,0.206750,30.240000,252
instrument,futures,6E,20,fixed,IS,1232,-0.291300,-0.411661,-0.024473,-0.033530,0.075857,0.245199,0.476466,0.932978,-0.910216,46.469537,252
instrument,futures,6E,20,fixed,OOS,528,0.515170,0.414439,0.035015,0.027701,0.072204,0.076263,0.491461,1.077724,0.599898,35.385199,252
instrument,futures,6E,20,fixed,full,1760,-0.057382,-0.172264,-0.006995,-0.015554,0.074780,0.245199,0.480736,0.971494,-0.455250,43.122229,252
instrument,futures,6E,20,vol,5y,1256,0.147172,0.031890,0.010900,-0.006938,0.154360,0.263690,0.474104,1.004452,0.071194,88.351433,252
instrument,futures,6E,20,vol,3y,753,0.620710,0.516726,0.086758,0.069907,0.153463,0.133195,0.477394,1.083029,0.893219,77.705461,252
instrument,futures,6E,20,vol,1y,251,0.410998,0.305365,0.049928,0.034242,0.144084,0.100215,0.464000,1.060704,0.304759,75.113081,252
instrument,futures,6E,20,vol,IS,1232,-0.405242,-0.543027,-0.069032,-0.088699,0.150233,0.440394,0.472246,0.912878,-1.200679,105.929324,252
instrument,futures,6E,20,vol,OOS,528,0.620701,0.512361,0.087454,0.069743,0.154899,0.133195,0.491461,1.096064,0.741639,81.659658,252
instrument,futures,6E,20,vol,full,1760,-0.090202,-0.219530,-0.024611,-0.043803,0.151675,0.440394,0.477928,0.964093,-0.580163,98.604530,252
instrument,futures,6E,40,fixed,5y,1256,-0.030215,-0.139085,-0.005342,-0.013798,0.078033,0.226397,0.463317,0.976383,-0.310509,42.568924,252
instrument,futures,6E,40,fixed,3y,753,-0.178125,-0.317305,-0.014849,-0.024591,0.070624,0.155292,0.448735,0.954529,-0.548497,48.925532,252
instrument,futures,6E,40,fixed,1y,251,-1.280284,-1.410756,-0.075647,-0.083436,0.060455,0.095626,0.401606,0.803018,-1.407954,42.336000,252
instrument,futures,6E,40,fixed,IS,1232,-0.266348,-0.383354,-0.022563,-0.031315,0.075551,0.191956,0.477750,0.937115,-0.847627,44.831844,252
instrument,futures,6E,40,fixed,OOS,528,0.363704,0.253597,0.023823,0.015818,0.072107,0.096775,0.460076,1.049356,0.367079,39.210626,252
instrument,futures,6E,40,fixed,full,1760,-0.083223,-0.198426,-0.008873,-0.017409,0.074526,0.226397,0.472061,0.967157,-0.524389,43.122229,252
instrument,futures,6E,40,vol,5y,1256,-0.175506,-0.307220,-0.037921,-0.057583,0.154337,0.459671,0.463317,0.949986,-0.685874,102.558609,252
instrument,futures,6E,40,vol,3y,753,-0.385835,-0.543629,-0.068157,-0.091094,0.153938,0.359834,0.448735,0.919577,-0.939723,122.391086,252
instrument,futures,6E,40,vol,1y,251,-0.986955,-1.121067,-0.140529,-0.157815,0.143956,0.190151,0.401606,0.838173,-1.118840,101.277782,252
instrument,futures,6E,40,vol,IS,1232,-0.445242,-0.587699,-0.074554,-0.094741,0.150164,0.388497,0.476516,0.906208,-1.299451,109.493115,252
instrument,futures,6E,40,vol,OOS,528,0.204660,0.079083,0.019913,0.000297,0.154961,0.190151,0.460076,1.020678,0.114472,96.644113,252
instrument,futures,6E,40,vol,full,1760,-0.245649,-0.383235,-0.047172,-0.067219,0.151603,0.459671,0.471143,0.938212,-1.012795,105.587949,252
instrument,futures,6E,60,fixed,5y,1256,0.252603,0.187934,0.016739,0.011673,0.077890,0.160636,0.496414,1.031341,0.419565,24.898805,252
instrument,futures,6E,60,fixed,3y,753,0.088263,-0.001343,0.003743,-0.002573,0.070503,0.109709,0.492021,0.993458,-0.002321,31.500000,252
instrument,futures,6E,60,fixed,1y,251,-0.035073,-0.147643,-0.003915,-0.010710,0.060557,0.045443,0.488000,0.989074,-0.147350,34.272000,252
instrument,futures,6E,60,fixed,IS,1232,-0.198598,-0.267092,-0.017478,-0.022591,0.075014,0.141710,0.495303,0.955360,-0.590562,25.998375,252
instrument,futures,6E,60,fixed,OOS,528,0.454125,0.359583,0.030491,0.023607,0.072103,0.072448,0.499051,1.068349,0.520494,32.516129,252
instrument,futures,6E,60,fixed,full,1760,-0.008198,-0.084253,-0.003326,-0.008955,0.074144,0.160636,0.496174,0.985840,-0.222659,28.222854,252
instrument,futures,6E,60,vol,5y,1256,0.183528,0.101347,0.016524,0.003756,0.154017,0.314761,0.496414,1.016004,0.226258,62.782154,252
instrument,futures,6E,60,vol,3y,753,-0.026550,-0.133385,-0.015620,-0.031781,0.153641,0.238761,0.492021,0.971873,-0.230570,82.267609,252
instrument,futures,6E,60,vol,1y,251,-0.010112,-0.136265,-0.011640,-0.029579,0.144262,0.105084,0.488000,0.986148,-0.135995,91.385642,252
instrument,futures,6E,60,vol,IS,1232,-0.195246,-0.278878,-0.039437,-0.051631,0.149817,0.299456,0.495303,0.954372,-0.616622,63.385469,252
instrument,futures,6E,60,vol,OOS,528,0.248846,0.134114,0.026858,0.008830,0.155028,0.184863,0.499051,1.030265,0.194130,85.413333,252
instrument,futures,6E,60,vol,full,1760,-0.058856,-0.152009,-0.020011,-0.033883,0.151365,0.343678,0.496174,0.975033,-0.401722,70.756216,252
instrument,futures,6E,120,fixed,5y,1256,0.050537,0.009177,0.000910,-0.002313,0.077845,0.240039,0.493227,1.000882,0.020487,16.063745,252
instrument,futures,6E,120,fixed,3y,753,-0.385090,-0.442442,-0.029063,-0.033103,0.070471,0.192161,0.480053,0.922417,-0.764809,20.776596,252
instrument,futures,6E,120,fixed,1y,251,0.194361,0.133983,0.009953,0.006299,0.060446,0.033566,0.496000,1.036033,0.133717,18.144000,252
instrument,futures,6E,120,fixed,IS,1232,0.128616,0.078273,0.006819,0.003061,0.074501,0.183007,0.498650,1.013904,0.173068,18.628757,252
instrument,futures,6E,120,fixed,OOS,528,0.117232,0.077154,0.005862,0.002971,0.072032,0.087025,0.502846,1.018515,0.111680,14.345351,252
instrument,futures,6E,120,fixed,full,1760,0.125301,0.077958,0.006531,0.003034,0.073749,0.240039,0.499695,1.013624,0.206022,17.334849,252
instrument,futures,6E,120,vol,5y,1256,0.057639,0.001360,-0.002926,-0.011571,0.153900,0.409874,0.493227,0.999412,0.003035,43.203422,252
instrument,futures,6E,120,vol,3y,753,-0.426724,-0.499182,-0.074029,-0.084644,0.153514,0.378280,0.480053,0.914355,-0.862891,57.148994,252
instrument,futures,6E,120,vol,1y,251,0.373918,0.296713,0.044359,0.032944,0.144029,0.070932,0.496000,1.059173,0.296124,54.764013,252
instrument,futures,6E,120,vol,IS,1232,0.212638,0.149936,0.020678,0.011305,0.147601,0.316900,0.498650,1.026361,0.331521,45.822166,252
instrument,futures,6E,120,vol,OOS,528,0.102396,0.045136,0.003913,-0.004980,0.154831,0.155116,0.502846,1.014639,0.065334,44.089635,252
instrument,futures,6E,120,vol,full,1760,0.178473,0.117439,0.015619,0.006392,0.149763,0.409874,0.499695,1.020275,0.310362,45.283714,252
instrument,futures,6E,180,fixed,5y,1256,-0.041014,-0.101660,-0.006180,-0.010894,0.077907,0.222906,0.486056,0.983739,-0.226958,23.694024,252
instrument,futures,6E,180,fixed,3y,753,-0.439469,-0.522697,-0.032757,-0.038591,0.070533,0.153435,0.470745,0.910065,-0.903540,30.159574,252
instrument,futures,6E,180,fixed,1y,251,-0.748093,-0.779488,-0.045766,-0.047689,0.060353,0.079333,0.468000,0.891352,-0.777940,10.080000,252
instrument,futures,6E,180,fixed,IS,1232,0.143022,0.090728,0.007701,0.003943,0.071692,0.175873,0.498573,1.016483,0.200607,18.628757,252
instrument,futures,6E,180,fixed,OOS,528,-0.237223,-0.281380,-0.019425,-0.022621,0.072089,0.087700,0.491461,0.959090,-0.407295,16.258065,252
instrument,futures,6E,180,fixed,full,1760,0.028599,-0.021341,-0.000515,-0.004101,0.071795,0.222906,0.495883,0.996336,-0.056399,17.907902,252
instrument,futures,6E,180,vol,5y,1256,-0.011621,-0.085509,-0.013451,-0.024711,0.154012,0.391156,0.486056,0.986817,-0.190901,56.977589,252
instrument,futures,6E,180,vol,3y,753,-0.463649,-0.556104,-0.079213,-0.092625,0.153572,0.332692,0.470745,0.905765,-0.961287,72.833027,252
instrument,futures,6E,180,vol,1y,251,-0.563242,-0.602206,-0.087019,-0.092340,0.143762,0.186091,0.468000,0.913194,-0.601010,29.070558,252
instrument,futures,6E,180,vol,IS,1232,0.198636,0.133844,0.018105,0.008997,0.139082,0.296247,0.498573,1.023901,0.295941,44.668529,252
instrument,futures,6E,180,vol,OOS,528,-0.231532,-0.281569,-0.046489,-0.054047,0.154776,0.209427,0.491461,0.961273,-0.407570,39.404206,252
instrument,futures,6E,180,vol,full,1760,0.059706,-0.000301,-0.001720,-0.010345,0.143937,0.391156,0.495883,1.000004,-0.000796,43.072601,252
instrument,futures,6E,250,fixed,5y,1256,-0.083923,-0.128154,-0.009485,-0.012907,0.077782,0.225332,0.485646,0.979476,-0.286105,17.268526,252
instrument,futures,6E,250,fixed,3y,753,-0.148016,-0.191526,-0.012771,-0.015814,0.070334,0.116765,0.490691,0.962216,-0.331074,15.414894,252
instrument,futures,6E,250,fixed,1y,251,-0.565856,-0.598521,-0.035255,-0.037194,0.060298,0.053635,0.480000,0.918355,-0.597333,10.080000,252
instrument,futures,6E,250,fixed,IS,1232,0.170990,0.139236,0.009429,0.007237,0.068747,0.182400,0.496939,1.026499,0.307863,10.849716,252
instrument,futures,6E,250,fixed,OOS,528,-0.240741,-0.285385,-0.019672,-0.022858,0.071963,0.091471,0.489564,0.958530,-0.413094,16.258065,252
instrument,futures,6E,250,fixed,full,1760,0.043538,0.007736,0.000609,-0.001888,0.069712,0.225332,0.494032,1.001540,0.020444,12.463900,252
instrument,futures,6E,250,vol,5y,1256,-0.130949,-0.189610,-0.031352,-0.040147,0.153767,0.359933,0.485646,0.970190,-0.423308,45.364545,252
instrument,futures,6E,250,vol,3y,753,-0.295697,-0.347085,-0.055290,-0.062817,0.153136,0.247423,0.490691,0.937914,-0.599975,39.804697,252
instrument,futures,6E,250,vol,1y,251,-0.594858,-0.640189,-0.091146,-0.097208,0.143652,0.153834,0.480000,0.907483,-0.638918,33.396811,252
instrument,futures,6E,250,vol,IS,1232,0.230041,0.184582,0.022240,0.015979,0.135681,0.268550,0.496939,1.034493,0.408126,30.562823,252
instrument,futures,6E,250,vol,OOS,528,-0.447198,-0.498654,-0.077675,-0.085145,0.154487,0.193776,0.489564,0.927488,-0.721799,40.468887,252
instrument,futures,6E,250,vol,full,1760,0.007931,-0.039412,-0.008821,-0.015479,0.141571,0.359933,0.494032,0.993256,-0.104156,33.519993,252
instrument,futures,6E,composite,fixed,5y,1256,0.121980,0.043598,0.005516,0.000821,0.059798,0.131571,0.486891,1.011652,0.097333,23.392829,252
instrument,futures,6E,composite,fixed,3y,753,0.033950,-0.059938,0.000416,-0.004466,0.052079,0.086772,0.480707,0.983426,-0.103610,24.462766,252
instrument,futures,6E,composite,fixed,1y,251,-0.035033,-0.139356,-0.002362,-0.006764,0.042308,0.022773,0.484694,1.000497,-0.139079,22.176000,252
instrument,futures,6E,composite,fixed,IS,1232,0.153579,0.081375,0.006680,0.002893,0.052323,0.102514,0.497034,1.021053,0.179927,18.833469,252
instrument,futures,6E,composite,fixed,OOS,528,0.270030,0.183086,0.013697,0.008769,0.056331,0.049358,0.497717,1.048908,0.265015,24.148008,252
instrument,futures,6E,composite,fixed,full,1760,0.190286,0.113454,0.008780,0.004652,0.053541,0.131571,0.496880,1.027568,0.299831,20.486640,252
instrument,futures,6E,composite,vol,5y,1256,0.086035,-0.009534,0.003300,-0.007669,0.114960,0.239582,0.486891,1.001837,-0.021284,54.883051,252
instrument,futures,6E,composite,vol,3y,753,-0.045077,-0.153879,-0.010783,-0.022505,0.109214,0.188326,0.480707,0.966732,-0.265996,59.531744,252
instrument,futures,6E,composite,vol,1y,251,0.064433,-0.051236,0.001458,-0.010122,0.100492,0.059020,0.484694,1.010211,-0.051134,58.276455,252
instrument,futures,6E,composite,vol,IS,1232,0.146795,0.059014,0.009754,0.000870,0.100779,0.175282,0.497034,1.016128,0.130484,44.108648,252
instrument,futures,6E,composite,vol,OOS,528,0.172898,0.070519,0.013489,0.001414,0.117204,0.106309,0.497717,1.029370,0.102075,59.211272,252
instrument,futures,6E,composite,vol,full,1760,0.155135,0.062702,0.010873,0.001033,0.105940,0.239582,0.496880,1.016880,0.165705,48.815147,252
instrument,futures,6E,buyhold,long1x,5y,1256,-0.038624,-0.038624,-0.005992,-0.005992,0.077657,0.191769,0.498805,0.994196,-0.086229,0.000000,252
instrument,futures,6E,buyhold,long1x,3y,753,0.287481,0.287481,0.017881,0.017881,0.070199,0.092720,0.493351,1.042846,0.496943,0.000000,252
instrument,futures,6E,buyhold,long1x,1y,251,-0.407011,-0.407011,-0.025988,-0.025988,0.060249,0.052173,0.488000,0.947762,-0.406203,0.000000,252
instrument,futures,6E,buyhold,long1x,IS,1232,-0.048205,-0.048205,-0.006480,-0.006480,0.075621,0.219145,0.512591,0.991959,-0.106586,0.000000,252
instrument,futures,6E,buyhold,long1x,OOS,528,0.398155,0.398155,0.026362,0.026362,0.071812,0.089115,0.487666,1.074812,0.576327,0.000000,252
instrument,futures,6E,buyhold,long1x,full,1760,0.080903,0.080903,0.003261,0.003261,0.074484,0.219145,0.504832,1.013632,0.213807,0.000000,252
instrument,futures,6J,10,fixed,5y,1257,0.296118,0.158881,0.025539,0.011170,0.103872,0.302842,0.512370,1.027978,0.354847,70.222930,252
instrument,futures,6J,10,fixed,3y,754,-0.135295,-0.288291,-0.018105,-0.033167,0.099753,0.302842,0.504000,0.960244,-0.498673,76.302789,252
instrument,futures,6J,10,fixed,1y,251,-3.047573,-3.288623,-0.222875,-0.240855,0.082707,0.254978,0.440000,0.576216,-3.282092,114.912000,252
instrument,futures,6J,10,fixed,IS,1232,0.266044,0.100689,0.020748,0.005060,0.094398,0.245031,0.498355,1.019187,0.222632,77.176279,252
instrument,futures,6J,10,fixed,OOS,529,-0.557028,-0.715346,-0.059469,-0.075016,0.101765,0.302842,0.490530,0.886349,-1.036439,83.045455,252
instrument,futures,6J,10,fixed,full,1761,0.005746,-0.157426,-0.004043,-0.019697,0.096670,0.302842,0.496275,0.972628,-0.416156,78.893182,252
instrument,futures,6J,10,vol,5y,1257,0.185116,0.028792,0.016923,-0.008264,0.160637,0.439623,0.512370,1.005178,0.064304,124.342271,252
instrument,futures,6J,10,vol,3y,754,-0.238492,-0.396266,-0.048265,-0.072160,0.157601,0.439623,0.504000,0.942241,-0.685445,125.031550,252
instrument,futures,6J,10,vol,1y,251,-2.920889,-3.159451,-0.344980,-0.370456,0.143084,0.391053,0.440000,0.580010,-3.153176,195.176690,252
instrument,futures,6J,10,vol,IS,1232,0.397283,0.199646,0.051933,0.019360,0.160906,0.356610,0.504288,1.037577,0.441435,156.231797,252
instrument,futures,6J,10,vol,OOS,529,-0.720213,-0.887698,-0.113746,-0.137209,0.153011,0.439623,0.490530,0.859613,-1.286154,133.286524,252
instrument,futures,6J,10,vol,full,1761,0.073208,-0.115556,-0.000853,-0.030446,0.158606,0.439623,0.500295,0.980041,-0.305473,149.259469,252
instrument,futures,6J,20,fixed,5y,1257,0.198039,0.095766,0.015238,0.004575,0.103709,0.210026,0.516361,1.016853,0.213884,52.566879,252
instrument,futures,6J,20,fixed,3y,754,-0.393348,-0.506394,-0.042899,-0.053899,0.099608,0.210026,0.519947,0.924794,-0.875940,57.561753,252
instrument,futures,6J,20,fixed,1y,251,-0.536004,-0.713121,-0.046833,-0.061332,0.083826,0.109742,0.512000,0.861466,-0.711704,76.608000,252
instrument,futures,6J,20,fixed,IS,1232,0.208297,0.093563,0.015219,0.004396,0.093856,0.256901,0.497508,1.018110,0.206875,53.429732,252
instrument,futures,6J,20,fixed,OOS,529,-0.585510,-0.718326,-0.062170,-0.075195,0.101626,0.210026,0.513258,0.887900,-1.040757,68.727273,252
instrument,futures,6J,20,fixed,full,1761,-0.043217,-0.163996,-0.008677,-0.020207,0.096256,0.256901,0.502020,0.971479,-0.433524,58.275000,252
instrument,futures,6J,20,vol,5y,1257,0.106592,-0.017172,0.004301,-0.015503,0.160418,0.305268,0.516361,0.997341,-0.038352,98.763015,252
instrument,futures,6J,20,vol,3y,754,-0.387045,-0.505429,-0.070177,-0.087844,0.157348,0.305268,0.519947,0.924051,-0.874270,95.174413,252
instrument,futures,6J,20,vol,1y,251,-0.670409,-0.850945,-0.101098,-0.125335,0.144960,0.187644,0.512000,0.845663,-0.849255,136.099084,252
instrument,futures,6J,20,vol,IS,1232,0.021150,-0.128211,-0.009314,-0.033011,0.160820,0.474470,0.495704,0.977780,-0.283486,120.058293,252
instrument,futures,6J,20,vol,OOS,529,-0.552925,-0.694826,-0.091010,-0.111232,0.152844,0.305268,0.513258,0.890390,-1.006708,110.199937,252
instrument,futures,6J,20,vol,full,1761,-0.145312,-0.292393,-0.034598,-0.057206,0.158442,0.474470,0.500886,0.949823,-0.772940,117.506618,252
instrument,futures,6J,40,fixed,5y,1257,0.724216,0.656678,0.071772,0.064541,0.103381,0.099587,0.532748,1.120267,1.466627,33.707006,252
instrument,futures,6J,40,fixed,3y,754,0.508842,0.446501,0.046525,0.040213,0.099346,0.099587,0.543276,1.087942,0.772338,30.119522,252
instrument,futures,6J,40,fixed,1y,251,-0.292571,-0.420135,-0.027269,-0.037815,0.083464,0.087293,0.552419,0.906949,-0.419300,54.432000,252
instrument,futures,6J,40,fixed,IS,1232,0.381437,0.298798,0.031580,0.023771,0.093126,0.144668,0.502103,1.057622,0.660668,37.871649,252
instrument,futures,6J,40,fixed,OOS,529,0.449151,0.377743,0.041031,0.033677,0.101232,0.099587,0.545627,1.064566,0.547297,35.318182,252
instrument,futures,6J,40,fixed,full,1761,0.402799,0.323772,0.034410,0.026737,0.095605,0.144668,0.515734,1.060382,0.855892,37.084091,252
instrument,futures,6J,40,vol,5y,1257,0.779512,0.694479,0.117586,0.102990,0.159489,0.160186,0.532748,1.127284,1.551053,65.272700,252
instrument,futures,6J,40,vol,3y,754,0.491504,0.423010,0.066725,0.055535,0.156853,0.160186,0.543276,1.086524,0.731705,52.310021,252
instrument,futures,6J,40,vol,1y,251,-0.338835,-0.468004,-0.057084,-0.075051,0.144352,0.160186,0.552419,0.905331,-0.467075,95.647646,252
instrument,futures,6J,40,vol,IS,1232,0.505511,0.403057,0.070194,0.053073,0.160141,0.254548,0.504705,1.076237,0.891192,80.068334,252
instrument,futures,6J,40,vol,OOS,529,0.358968,0.278478,0.043855,0.031292,0.152250,0.160186,0.545627,1.047484,0.403477,60.112901,252
instrument,futures,6J,40,vol,full,1761,0.463020,0.366944,0.062213,0.046482,0.157770,0.254548,0.517689,1.067804,0.970017,74.036233,252
instrument,futures,6J,60,fixed,5y,1257,0.700368,0.662601,0.069202,0.065160,0.103329,0.098960,0.539137,1.121317,1.479857,18.859873,252
instrument,futures,6J,60,fixed,3y,754,0.382855,0.349862,0.033576,0.030248,0.099242,0.098960,0.539281,1.070148,0.605177,16.063745,252
instrument,futures,6J,60,fixed,1y,251,0.083720,0.020738,0.003516,-0.001735,0.083301,0.081743,0.566265,1.028885,0.020697,26.208000,252
instrument,futures,6J,60,fixed,IS,1232,0.510624,0.460413,0.043934,0.039182,0.092837,0.115452,0.511568,1.091020,1.018011,22.722989,252
instrument,futures,6J,60,fixed,OOS,529,0.473372,0.438652,0.043602,0.040012,0.101071,0.085737,0.546490,1.075237,0.635547,17.181818,252
instrument,futures,6J,60,fixed,full,1761,0.498503,0.453263,0.043834,0.039431,0.095356,0.115452,0.522714,1.085957,1.198202,21.047727,252
instrument,futures,6J,60,vol,5y,1257,0.789641,0.740894,0.119616,0.111197,0.159514,0.156956,0.539137,1.136225,1.654716,37.493302,252
instrument,futures,6J,60,vol,3y,754,0.458620,0.418173,0.061295,0.054692,0.156687,0.156956,0.539281,1.085574,0.723339,30.968233,252
instrument,futures,6J,60,vol,1y,251,0.048041,-0.018292,-0.003415,-0.012943,0.144039,0.156956,0.566265,1.013860,-0.018255,47.821013,252
instrument,futures,6J,60,vol,IS,1232,0.649123,0.583283,0.095036,0.083835,0.159991,0.181501,0.511568,1.112295,1.289688,51.055786,252
instrument,futures,6J,60,vol,OOS,529,0.518765,0.476234,0.069477,0.062711,0.151954,0.156956,0.546490,1.082899,0.689998,31.562905,252
instrument,futures,6J,60,vol,full,1761,0.611331,0.552269,0.087295,0.077445,0.157578,0.181501,0.522714,1.103665,1.459923,45.178935,252
instrument,futures,6J,120,fixed,5y,1257,0.200549,0.189500,0.015484,0.014335,0.103334,0.257137,0.537052,1.033287,0.423231,5.617834,252
instrument,futures,6J,120,fixed,3y,754,-0.084478,-0.097881,-0.013199,-0.014526,0.099197,0.216284,0.537234,0.991497,-0.169310,6.693227,252
instrument,futures,6J,120,fixed,1y,251,0.671898,0.656973,0.053698,0.052425,0.083014,0.042109,0.602410,1.150660,0.655668,6.048000,252
instrument,futures,6J,120,fixed,IS,1232,0.381684,0.362813,0.031367,0.029623,0.092211,0.184479,0.521152,1.072589,0.802209,8.393176,252
instrument,futures,6J,120,fixed,OOS,529,-0.500077,-0.511022,-0.054046,-0.055134,0.100990,0.216284,0.533207,0.917019,-0.740401,5.727273,252
instrument,futures,6J,120,fixed,full,1761,0.099359,0.083239,0.004929,0.003393,0.094936,0.257137,0.525320,1.015554,0.220043,7.588636,252
instrument,futures,6J,120,vol,5y,1257,0.408245,0.389589,0.053700,0.050613,0.159492,0.307301,0.537052,1.069346,0.870109,14.541316,252
instrument,futures,6J,120,vol,3y,754,-0.000045,-0.019733,-0.012212,-0.015281,0.156641,0.286786,0.537234,1.005715,-0.034134,15.406155,252
instrument,futures,6J,120,vol,1y,251,0.671731,0.650480,0.089867,0.086610,0.143566,0.086559,0.602410,1.142112,0.649188,14.940045,252
instrument,futures,6J,120,vol,IS,1232,0.635815,0.610725,0.091560,0.087360,0.157525,0.226970,0.521152,1.121114,1.350365,19.133044,252
instrument,futures,6J,120,vol,OOS,529,-0.382378,-0.399997,-0.067188,-0.069761,0.151880,0.286786,0.533207,0.933441,-0.579541,13.711751,252
instrument,futures,6J,120,vol,full,1761,0.337557,0.314712,0.041225,0.037559,0.155873,0.307301,0.525320,1.058911,0.831941,17.495807,252
instrument,futures,6J,180,fixed,5y,1257,0.066410,0.027521,0.001519,-0.002511,0.103474,0.300206,0.539809,1.004755,0.061466,20.063694,252
instrument,futures,6J,180,fixed,3y,754,0.042837,-0.007044,-0.000664,-0.005621,0.099382,0.173019,0.547145,0.990851,-0.012184,24.764940,252
instrument,futures,6J,180,fixed,1y,251,-0.288181,-0.302364,-0.027020,-0.028199,0.083176,0.067381,0.588000,0.971905,-0.301763,6.048000,252
instrument,futures,6J,180,fixed,IS,1232,0.159519,0.127554,0.010087,0.007309,0.086511,0.260461,0.511429,1.025322,0.282031,13.715678,252
instrument,futures,6J,180,fixed,OOS,529,-0.380989,-0.447415,-0.042622,-0.049201,0.101303,0.173019,0.539773,0.926750,-0.648244,34.363636,252
instrument,futures,6J,180,fixed,full,1761,-0.021075,-0.064649,-0.006044,-0.010011,0.091192,0.300206,0.521216,0.988223,-0.170900,19.902273,252
instrument,futures,6J,180,vol,5y,1257,0.332326,0.294111,0.041050,0.034762,0.159589,0.355239,0.539809,1.051828,0.656870,30.128826,252
instrument,futures,6J,180,vol,3y,754,0.136429,0.088782,0.009124,0.001607,0.156788,0.233656,0.547145,1.006482,0.153571,37.164007,252
instrument,futures,6J,180,vol,1y,251,-0.253026,-0.274204,-0.045626,-0.048600,0.143848,0.118754,0.588000,0.968431,-0.273660,15.516299,252
instrument,futures,6J,180,vol,IS,1232,0.456517,0.423367,0.057383,0.052345,0.145663,0.319441,0.511429,1.083293,0.936099,23.777211,252
instrument,futures,6J,180,vol,OOS,529,-0.265352,-0.328919,-0.050480,-0.059784,0.152192,0.233656,0.539773,0.944669,-0.476559,49.004505,252
instrument,futures,6J,180,vol,full,1761,0.233166,0.190361,0.023753,0.017325,0.147647,0.355239,0.521216,1.035389,0.503219,31.331911,252
instrument,futures,6J,250,fixed,5y,1257,0.100134,0.065858,0.005010,0.001453,0.103421,0.318603,0.532643,1.011412,0.147087,17.656051,252
instrument,futures,6J,250,fixed,3y,754,-0.675018,-0.732424,-0.069257,-0.074743,0.099309,0.318603,0.516600,0.889961,-1.266916,29.450199,252
instrument,futures,6J,250,fixed,1y,251,-1.532543,-1.645743,-0.122097,-0.130901,0.083127,0.169896,0.532000,0.767988,-1.642475,50.400000,252
instrument,futures,6J,250,fixed,IS,1232,0.798583,0.781154,0.065905,0.064376,0.084453,0.154134,0.535168,1.170498,1.727196,7.164907,252
instrument,futures,6J,250,fixed,OOS,529,-1.261934,-1.333060,-0.123784,-0.130471,0.101018,0.318603,0.505682,0.798995,-1.931423,38.181818,252
instrument,futures,6J,250,fixed,full,1761,0.100197,0.063410,0.004969,0.001652,0.089909,0.318603,0.525166,1.012111,0.167626,16.465909,252
instrument,futures,6J,250,vol,5y,1257,0.261467,0.219950,0.029352,0.022581,0.159652,0.448906,0.532643,1.038511,0.491237,32.796623,252
instrument,futures,6J,250,vol,3y,754,-0.641193,-0.704381,-0.106453,-0.115572,0.156800,0.448906,0.516600,0.892679,-1.218409,50.957065,252
instrument,futures,6J,250,vol,1y,251,-1.444206,-1.561408,-0.195085,-0.209519,0.143856,0.271073,0.532000,0.770227,-1.558307,90.187714,252
instrument,futures,6J,250,vol,IS,1232,0.916121,0.885210,0.128952,0.124110,0.143933,0.173158,0.535168,1.187544,1.957274,21.373490,252
instrument,futures,6J,250,vol,OOS,529,-1.256246,-1.334875,-0.182633,-0.192991,0.151899,0.448906,0.505682,0.796621,-1.934053,63.400674,252
instrument,futures,6J,250,vol,full,1761,0.239324,0.192489,0.024571,0.017589,0.146639,0.448906,0.525166,1.036428,0.508846,33.969523,252
instrument,futures,6J,composite,fixed,5y,1257,0.421191,0.357927,0.028632,0.023893,0.073529,0.153811,0.548059,1.073387,0.799396,23.073248,252
instrument,futures,6J,composite,fixed,3y,754,-0.269679,-0.343929,-0.021332,-0.026494,0.070773,0.153811,0.544586,0.950465,-0.594914,26.438247,252
instrument,futures,6J,composite,fixed,1y,251,-0.451715,-0.572310,-0.028540,-0.035643,0.060242,0.050192,0.582915,0.912459,-0.571173,36.792000,252
instrument,futures,6J,composite,fixed,IS,1232,0.954348,0.901370,0.058519,0.055142,0.061664,0.073879,0.531003,1.213883,1.993004,15.967506,252
instrument,futures,6J,composite,fixed,OOS,529,-0.666048,-0.753001,-0.048511,-0.054438,0.070980,0.153811,0.544601,0.865020,-1.090996,31.022727,252
instrument,futures,6J,composite,fixed,full,1761,0.417178,0.353074,0.025160,0.020953,0.064660,0.153811,0.535769,1.079099,0.933351,20.546591,252
instrument,futures,6J,composite,vol,5y,1257,0.510786,0.439761,0.056399,0.047351,0.122258,0.220394,0.548059,1.092712,0.982165,42.924036,252
instrument,futures,6J,composite,vol,3y,754,-0.193431,-0.269722,-0.028515,-0.037081,0.115303,0.220394,0.544586,0.963911,-0.466554,44.189980,252
instrument,futures,6J,composite,vol,1y,251,-0.454025,-0.569920,-0.054451,-0.066616,0.110224,0.102137,0.582915,0.902784,-0.568788,64.810116,252
instrument,futures,6J,composite,vol,IS,1232,0.954197,0.887472,0.109676,0.101288,0.116388,0.094662,0.531003,1.212904,1.962273,37.858518,252
instrument,futures,6J,composite,vol,OOS,529,-0.584498,-0.675957,-0.066898,-0.076246,0.108557,0.220394,0.544601,0.876166,-0.979369,49.919557,252
instrument,futures,6J,composite,vol,full,1761,0.513570,0.439845,0.053382,0.044641,0.114176,0.220394,0.535769,1.100221,1.162732,41.573815,252
instrument,futures,6J,buyhold,long1x,5y,1257,-0.677293,-0.677293,-0.072431,-0.072431,0.103164,0.328388,0.437898,0.889807,-1.512668,0.000000,252
instrument,futures,6J,buyhold,long1x,3y,754,-0.326854,-0.326854,-0.036607,-0.036607,0.099109,0.150545,0.439575,0.938363,-0.565378,0.000000,252
instrument,futures,6J,buyhold,long1x,1y,251,-1.274301,-1.274301,-0.103261,-0.103261,0.082835,0.101838,0.392000,0.819995,-1.271770,0.000000,252
instrument,futures,6J,buyhold,long1x,IS,1232,-0.746835,-0.746835,-0.071792,-0.071792,0.093857,0.351368,0.463851,0.872105,-1.651315,0.000000,252
instrument,futures,6J,buyhold,long1x,OOS,529,-0.083994,-0.083994,-0.013475,-0.013475,0.100988,0.137453,0.446970,0.987133,-0.121696,0.000000,252
instrument,futures,6J,buyhold,long1x,full,1761,-0.537130,-0.537130,-0.054645,-0.054645,0.096042,0.371580,0.458523,0.908858,-1.419903,0.000000,252
instrument,crypto,BTC,10,fixed,5y,1826,0.066748,-0.363241,-0.098386,-0.287762,0.537040,0.899921,0.474521,0.947629,-0.812455,114.800000,365
instrument,crypto,BTC,10,fixed,3y,1096,0.135827,-0.343475,-0.044873,-0.242868,0.477833,0.672685,0.478539,0.951485,-0.595188,114.000000,365
instrument,crypto,BTC,10,fixed,1y,366,0.493852,-0.005842,0.128052,-0.093918,0.439399,0.360272,0.498630,0.996074,-0.005850,108.000000,365
instrument,crypto,BTC,10,fixed,IS,1789,0.311982,-0.033537,-0.005420,-0.210423,0.658550,0.885785,0.479753,0.994857,-0.074248,112.480425,365
instrument,crypto,BTC,10,fixed,OOS,768,0.508523,0.044426,0.136932,-0.084737,0.467961,0.585153,0.495437,1.005405,0.064442,105.645372,365
instrument,crypto,BTC,10,fixed,full,2557,0.353994,-0.015157,0.035353,-0.174604,0.607530,0.921622,0.484682,0.997714,-0.040117,110.670970,365
instrument,crypto,BTC,10,vol,5y,1826,0.283635,-0.175780,0.032951,-0.040519,0.161398,0.342290,0.472877,0.974107,-0.393163,36.608716,365
instrument,crypto,BTC,10,vol,3y,1096,0.428982,-0.073484,0.057442,-0.024902,0.163019,0.213091,0.476712,0.990649,-0.127336,40.315367,365
instrument,crypto,BTC,10,vol,1y,366,0.798019,0.277169,0.124601,0.032976,0.167168,0.123152,0.495890,1.037850,0.277548,42.343162,365
instrument,crypto,BTC,10,vol,IS,1789,0.514189,0.136817,0.073136,0.009097,0.165368,0.320514,0.479167,1.022491,0.302899,30.577264,365
instrument,crypto,BTC,10,vol,OOS,768,0.761082,0.281996,0.114263,0.033082,0.161497,0.213091,0.494133,1.041729,0.409050,37.389556,365
instrument,crypto,BTC,10,vol,full,2557,0.587050,0.179725,0.085326,0.016242,0.164184,0.342290,0.483974,1.028788,0.475695,32.687661,365
instrument,crypto,BTC,20,fixed,5y,1826,0.312576,0.009172,0.026165,-0.128815,0.534136,0.717882,0.487123,1.000757,0.020516,80.000000,365
instrument,crypto,BTC,20,fixed,3y,1096,0.479374,0.138994,0.121842,-0.045903,0.475685,0.713031,0.501370,1.019483,0.240855,79.333333,365
instrument,crypto,BTC,20,fixed,1y,366,0.177460,-0.198327,-0.015887,-0.167309,0.438907,0.404563,0.495890,0.968192,-0.198598,82.000000,365
instrument,crypto,BTC,20,fixed,IS,1789,0.808827,0.574803,0.371923,0.178565,0.652717,0.633844,0.493778,1.094987,1.272559,74.102349,365
instrument,crypto,BTC,20,fixed,OOS,768,0.114197,-0.233666,-0.051717,-0.195985,0.466856,0.591556,0.498044,0.964456,-0.338946,80.899609,365
instrument,crypto,BTC,20,fixed,full,2557,0.639726,0.381004,0.227879,0.050675,0.602964,0.717882,0.495268,1.061583,1.008436,76.113067,365
instrument,crypto,BTC,20,vol,5y,1826,0.579573,0.256520,0.082478,0.028712,0.160390,0.247135,0.486027,1.039500,0.573752,25.323592,365
instrument,crypto,BTC,20,vol,3y,1096,0.825792,0.467321,0.126591,0.064644,0.162058,0.247135,0.500457,1.071504,0.809794,28.121885,365
instrument,crypto,BTC,20,vol,1y,366,0.501484,0.105529,0.071294,0.003772,0.166891,0.168497,0.495890,1.012078,0.105673,32.398625,365
instrument,crypto,BTC,20,vol,IS,1789,1.167206,0.914477,0.193216,0.146416,0.164056,0.183098,0.494213,1.160490,2.024564,19.906726,365
instrument,crypto,BTC,20,vol,OOS,768,0.404755,0.037188,0.053052,-0.006935,0.161216,0.208923,0.498044,1.004149,0.053944,29.164518,365
instrument,crypto,BTC,20,vol,full,2557,0.942020,0.654148,0.149262,0.098021,0.163213,0.247135,0.495593,1.109098,1.731391,22.677184,365
instrument,crypto,BTC,40,fixed,5y,1826,0.537985,0.356071,0.155667,0.049117,0.531467,0.647597,0.497534,1.054562,0.796416,47.200000,365
instrument,crypto,BTC,40,fixed,3y,1096,0.550944,0.322926,0.160159,0.041780,0.473527,0.647597,0.500457,1.047942,0.559580,52.666667,365
instrument,crypto,BTC,40,fixed,1y,366,0.433665,0.209053,0.098929,-0.003658,0.436157,0.338148,0.504110,1.035990,0.209339,46.000000,365
instrument,crypto,BTC,40,fixed,IS,1789,1.274548,1.163368,0.848567,0.723705,0.645200,0.521499,0.522311,1.203654,2.575584,34.091163,365
instrument,crypto,BTC,40,fixed,OOS,768,0.137986,-0.112873,-0.041257,-0.148558,0.465369,0.495338,0.490222,0.981760,-0.163728,58.057366,365
instrument,crypto,BTC,40,fixed,full,2557,0.997039,0.853054,0.517732,0.394642,0.597128,0.647597,0.512719,1.144130,2.257853,41.269562,365
instrument,crypto,BTC,40,vol,5y,1826,0.729799,0.524278,0.108501,0.073566,0.159666,0.259562,0.496438,1.082815,1.172642,15.912314,365
instrument,crypto,BTC,40,vol,3y,1096,0.758581,0.510701,0.114574,0.071926,0.161458,0.259562,0.499543,1.078573,0.884963,19.392115,365
instrument,crypto,BTC,40,vol,1y,366,0.667526,0.416450,0.100829,0.056959,0.165878,0.114780,0.504110,1.069162,0.417020,19.352966,365
instrument,crypto,BTC,40,vol,IS,1789,1.474383,1.350356,0.254004,0.230001,0.163129,0.154389,0.521412,1.246412,2.989559,9.617277,365
instrument,crypto,BTC,40,vol,OOS,768,0.264583,-0.010556,0.029880,-0.014485,0.160808,0.194320,0.490222,0.997033,-0.015313,21.878921,365
instrument,crypto,BTC,40,vol,full,2557,1.116499,0.945343,0.181993,0.150797,0.162491,0.259562,0.512019,1.161691,2.502123,13.293151,365
instrument,crypto,BTC,60,fixed,5y,1826,0.369000,0.236957,0.057040,-0.015175,0.530856,0.603666,0.501370,1.035826,0.529996,34.400000,365
instrument,crypto,BTC,60,fixed,3y,1096,0.506080,0.353107,0.135841,0.056854,0.471651,0.603666,0.505936,1.052800,0.611878,35.333333,365
instrument,crypto,BTC,60,fixed,1y,366,0.339070,0.217496,0.054943,0.000500,0.433581,0.259917,0.501370,1.029526,0.217794,26.000000,365
instrument,crypto,BTC,60,fixed,IS,1789,0.734519,0.641815,0.306660,0.231222,0.643685,0.620785,0.505787,1.108444,1.420917,28.783557,365
instrument,crypto,BTC,60,fixed,OOS,768,0.434544,0.267417,0.098664,0.016827,0.462516,0.456045,0.505867,1.042199,0.387903,38.070404,365
instrument,crypto,BTC,60,fixed,full,2557,0.657396,0.548181,0.240357,0.162466,0.595044,0.620785,0.505609,1.090956,1.450919,31.559077,365
instrument,crypto,BTC,60,vol,5y,1826,0.494039,0.340350,0.067921,0.042448,0.159416,0.197023,0.501370,1.052971,0.761253,11.992942,365
instrument,crypto,BTC,60,vol,3y,1096,0.611960,0.442961,0.088782,0.060076,0.160851,0.197023,0.505936,1.067733,0.767582,13.289141,365
instrument,crypto,BTC,60,vol,1y,366,0.259882,0.102205,0.029675,0.003308,0.165216,0.131028,0.501370,1.011627,0.102344,12.904821,365
instrument,crypto,BTC,60,vol,IS,1789,0.880458,0.769295,0.138969,0.119052,0.163494,0.182819,0.505208,1.133549,1.703146,8.766879,365
instrument,crypto,BTC,60,vol,OOS,768,0.548046,0.360684,0.077256,0.045919,0.159762,0.148418,0.505867,1.056855,0.523193,14.696234,365
instrument,crypto,BTC,60,vol,full,2557,0.782438,0.648598,0.120071,0.096564,0.162359,0.197023,0.505208,1.108375,1.716700,10.542903,365
instrument,crypto,BTC,120,fixed,5y,1826,0.546156,0.469155,0.161055,0.114783,0.528426,0.610214,0.495890,1.072719,1.049350,20.000000,365
instrument,crypto,BTC,120,fixed,3y,1096,0.640776,0.539600,0.209860,0.153970,0.469932,0.465775,0.498630,1.082464,0.935041,23.333333,365
instrument,crypto,BTC,120,fixed,1y,366,0.946423,0.917309,0.370223,0.353569,0.431220,0.281727,0.515068,1.141636,0.918565,6.000000,365
instrument,crypto,BTC,120,fixed,IS,1789,0.970323,0.909615,0.514987,0.458636,0.631384,0.742927,0.516787,1.159575,2.013800,18.576622,365
instrument,crypto,BTC,120,fixed,OOS,768,0.154627,0.051089,-0.034005,-0.079457,0.461152,0.465775,0.488918,1.005779,0.074108,23.794003,365
instrument,crypto,BTC,120,fixed,full,2557,0.768744,0.698325,0.323457,0.270298,0.585538,0.742927,0.508210,1.118371,1.848316,20.134977,365
instrument,crypto,BTC,120,vol,5y,1826,0.707291,0.602599,0.104562,0.086639,0.158766,0.165729,0.495890,1.095838,1.347823,8.147600,365
instrument,crypto,BTC,120,vol,3y,1096,0.829099,0.701832,0.127164,0.104808,0.160304,0.165729,0.498630,1.110294,1.216164,9.982161,365
instrument,crypto,BTC,120,vol,1y,366,1.234979,1.178515,0.207793,0.197008,0.163960,0.093240,0.515068,1.186511,1.180128,4.475892,365
instrument,crypto,BTC,120,vol,IS,1789,1.124947,1.040891,0.181225,0.165903,0.159651,0.225778,0.516787,1.187516,2.304433,6.503375,365
instrument,crypto,BTC,120,vol,OOS,768,0.475087,0.357887,0.064870,0.045338,0.159169,0.165729,0.488918,1.053221,0.519134,9.232986,365
instrument,crypto,BTC,120,vol,full,2557,0.930302,0.836233,0.145001,0.128299,0.159497,0.225778,0.508210,1.142972,2.213330,7.320111,365
instrument,crypto,BTC,180,fixed,5y,1826,0.400149,0.335483,0.075012,0.038639,0.528749,0.747428,0.502466,1.051335,0.750368,16.800000,365
instrument,crypto,BTC,180,fixed,3y,1096,0.919539,0.880831,0.379220,0.354963,0.469130,0.342108,0.506849,1.139540,1.526340,8.666667,365
instrument,crypto,BTC,180,fixed,1y,366,0.615370,0.567134,0.188295,0.164078,0.432386,0.281727,0.515068,1.084079,0.567911,10.000000,365
instrument,crypto,BTC,180,fixed,IS,1789,0.518557,0.468564,0.140183,0.104893,0.625549,0.821541,0.512438,1.080872,1.037356,15.310403,365
instrument,crypto,BTC,180,fixed,OOS,768,0.557312,0.510296,0.163164,0.138368,0.460907,0.323591,0.503259,1.076454,0.740212,10.469361,365
instrument,crypto,BTC,180,fixed,full,2557,0.523446,0.474609,0.147037,0.114842,0.580933,0.821541,0.509680,1.080196,1.256189,13.851721,365
instrument,crypto,BTC,180,vol,5y,1826,0.436851,0.353536,0.058307,0.044536,0.158856,0.295257,0.502466,1.055070,0.790747,6.512680,365
instrument,crypto,BTC,180,vol,3y,1096,1.001087,0.937116,0.158517,0.146993,0.159968,0.126779,0.506849,1.150852,1.623874,4.980362,365
instrument,crypto,BTC,180,vol,1y,366,0.886934,0.813170,0.141066,0.127788,0.164446,0.126779,0.515068,1.124035,0.814284,5.820375,365
instrument,crypto,BTC,180,vol,IS,1789,0.650642,0.582815,0.094545,0.083047,0.158217,0.332397,0.512438,1.103119,1.290297,5.255849,365
instrument,crypto,BTC,180,vol,OOS,768,0.698439,0.628027,0.103271,0.091243,0.159112,0.126779,0.503259,1.096679,0.910988,5.452735,365
instrument,crypto,BTC,180,vol,full,2557,0.665177,0.596563,0.097159,0.085502,0.158455,0.332397,0.509680,1.101493,1.578976,5.313058,365
instrument,crypto,BTC,250,fixed,5y,1826,1.135078,1.110792,0.584067,0.564597,0.527122,0.505813,0.510137,1.183645,2.484488,6.000000,365
instrument,crypto,BTC,250,fixed,3y,1096,1.057026,1.047768,0.470688,0.464598,0.468362,0.441893,0.508676,1.168425,1.815615,2.000000,365
instrument,crypto,BTC,250,fixed,1y,366,-0.080335,-0.107842,-0.119708,-0.130580,0.432132,0.441893,0.501370,0.981066,-0.107989,6.000000,365
instrument,crypto,BTC,250,fixed,IS,1789,1.141067,1.109895,0.647044,0.617718,0.589602,0.618587,0.516905,1.201281,2.457201,8.777964,365
instrument,crypto,BTC,250,fixed,OOS,768,0.583365,0.570383,0.177129,0.170178,0.459987,0.441893,0.507171,1.086059,0.827372,2.855280,365
instrument,crypto,BTC,250,fixed,full,2557,0.995361,0.968929,0.488982,0.467771,0.553859,0.618587,0.513877,1.169249,2.564549,6.997261,365
instrument,crypto,BTC,250,vol,5y,1826,1.072827,1.031221,0.170203,0.162663,0.158282,0.227647,0.510137,1.170667,2.306513,3.224508,365
instrument,crypto,BTC,250,vol,3y,1096,1.140204,1.108923,0.184456,0.178622,0.159682,0.201412,0.508676,1.181230,1.921588,2.465553,365
instrument,crypto,BTC,250,vol,1y,366,0.229056,0.180215,0.024485,0.016314,0.164315,0.201412,0.501370,1.023332,0.180461,3.989738,365
instrument,crypto,BTC,250,vol,IS,1789,1.327101,1.279787,0.202288,0.194124,0.147082,0.227647,0.516255,1.237653,2.833325,3.401025,365
instrument,crypto,BTC,250,vol,OOS,768,0.672641,0.637722,0.098767,0.092752,0.158783,0.201412,0.507171,1.098272,0.925050,2.738851,365
instrument,crypto,BTC,250,vol,full,2557,1.119237,1.075897,0.170210,0.162726,0.150675,0.227647,0.513443,1.188724,2.847670,3.201174,365
instrument,crypto,BTC,composite,fixed,5y,1826,0.811010,0.632454,0.268879,0.185226,0.384898,0.395766,0.499666,1.127257,1.414597,33.900000,365
instrument,crypto,BTC,composite,fixed,3y,1096,0.912379,0.718594,0.290637,0.207849,0.345451,0.395766,0.506849,1.145420,1.245209,33.000000,365
instrument,crypto,BTC,composite,fixed,1y,366,0.437820,0.266801,0.095506,0.033511,0.341260,0.222149,0.508834,1.055193,0.267166,29.000000,365
instrument,crypto,BTC,composite,fixed,IS,1789,1.168820,1.040644,0.524816,0.441064,0.446529,0.464514,0.513288,1.225818,2.303887,28.069072,365
instrument,crypto,BTC,composite,fixed,OOS,768,0.456636,0.239901,0.100500,0.025811,0.325062,0.305784,0.500000,1.054707,0.347990,34.977184,365
instrument,crypto,BTC,composite,fixed,full,2557,0.990215,0.842173,0.382545,0.301207,0.413851,0.464514,0.509464,1.181809,2.229051,30.131064,365
instrument,crypto,BTC,composite,vol,5y,1826,0.989908,0.795531,0.112286,0.088131,0.114364,0.120012,0.499666,1.163399,1.779350,10.968616,365
instrument,crypto,BTC,composite,vol,3y,1096,1.157940,0.952390,0.137873,0.111015,0.117800,0.120012,0.506849,1.197734,1.650342,11.938108,365
instrument,crypto,BTC,composite,vol,1y,366,0.710933,0.521116,0.086520,0.060567,0.128607,0.105600,0.508834,1.107699,0.521829,12.096480,365
instrument,crypto,BTC,composite,vol,IS,1789,1.428547,1.284989,0.164982,0.146838,0.111452,0.084853,0.512528,1.287001,2.844842,7.843217,365
instrument,crypto,BTC,composite,vol,OOS,768,0.728162,0.505607,0.079855,0.052843,0.114806,0.107581,0.500000,1.110072,0.733411,12.663847,365
instrument,crypto,BTC,composite,vol,full,2557,1.213928,1.045955,0.138732,0.117757,0.112466,0.120012,0.508938,1.229418,2.768419,9.286807,365
instrument,crypto,BTC,buyhold,long1x,5y,1826,0.499443,0.499443,0.132357,0.132357,0.527159,0.766346,0.496438,1.079093,1.117095,0.000000,365
instrument,crypto,BTC,buyhold,long1x,3y,1096,0.771351,0.771351,0.286699,0.286699,0.468375,0.530600,0.501370,1.120920,1.336629,0.000000,365
instrument,crypto,BTC,buyhold,long1x,1y,366,-1.008655,-1.008655,-0.410052,-0.410052,0.430528,0.530600,0.479452,0.858613,-1.010036,0.000000,365
instrument,crypto,BTC,buyhold,long1x,IS,1789,0.886462,0.886462,0.436470,0.436470,0.656355,0.766346,0.505034,1.149352,1.962541,0.000000,365
instrument,crypto,BTC,buyhold,long1x,OOS,768,0.168858,0.168858,-0.027273,-0.027273,0.459724,0.530600,0.496741,1.023452,0.244938,0.000000,365
instrument,crypto,BTC,buyhold,long1x,full,2557,0.712466,0.712466,0.277748,0.277748,0.604091,0.766346,0.502739,1.117950,1.885747,0.000000,365
instrument,crypto,ETH,10,fixed,5y,1826,0.223808,-0.070185,-0.085668,-0.262478,0.714175,0.893936,0.478904,0.989742,-0.156982,104.000000,365
instrument,crypto,ETH,10,fixed,3y,1096,0.314098,-0.012115,-0.008291,-0.204846,0.666299,0.779877,0.489498,0.999062,-0.020993,107.333333,365
instrument,crypto,ETH,10,fixed,1y,366,-0.684434,-1.013569,-0.495639,-0.603046,0.680781,0.779877,0.479452,0.856891,-1.014956,116.000000,365
instrument,crypto,ETH,10,fixed,IS,1789,0.653754,0.416957,0.224551,0.001554,0.841265,0.844875,0.488189,1.066530,0.923102,96.965884,365
instrument,crypto,ETH,10,fixed,OOS,768,0.335570,0.018544,-0.008095,-0.209817,0.705353,0.779877,0.491525,1.003209,0.026900,110.404172,365
instrument,crypto,ETH,10,fixed,full,2557,0.568036,0.310606,0.149457,-0.067274,0.802769,0.893936,0.489002,1.048841,0.822109,100.960485,365
instrument,crypto,ETH,10,vol,5y,1826,0.324807,0.009409,0.039568,-0.011176,0.159824,0.315953,0.478356,1.001484,0.021044,24.859308,365
instrument,crypto,ETH,10,vol,3y,1096,0.437726,0.100330,0.059364,0.003074,0.163660,0.255706,0.488584,1.016911,0.173856,27.141641,365
instrument,crypto,ETH,10,vol,1y,366,-0.365387,-0.694345,-0.067203,-0.115882,0.159168,0.255706,0.476712,0.898254,-0.695295,26.678378,365
instrument,crypto,ETH,10,vol,IS,1789,0.729109,0.452470,0.109699,0.062175,0.162289,0.315953,0.488426,1.071932,1.001726,21.740770,365
instrument,crypto,ETH,10,vol,OOS,768,0.403801,0.090969,0.052579,0.001796,0.159664,0.255706,0.490222,1.014235,0.131956,24.594730,365
instrument,crypto,ETH,10,vol,full,2557,0.632636,0.345172,0.092224,0.043667,0.161480,0.315953,0.488782,1.054154,0.913595,22.588899,365
instrument,crypto,ETH,20,fixed,5y,1826,-0.164546,-0.396664,-0.305813,-0.415258,0.711686,0.969070,0.476712,0.942266,-0.887212,83.200000,365
instrument,crypto,ETH,20,fixed,3y,1096,0.019450,-0.239481,-0.183497,-0.315837,0.664189,0.852723,0.485845,0.963336,-0.414982,86.000000,365
instrument,crypto,ETH,20,fixed,1y,366,0.936376,0.656165,0.499551,0.242887,0.676103,0.483813,0.509589,1.108033,0.657063,90.000000,365
instrument,crypto,ETH,20,fixed,IS,1789,0.419010,0.237281,0.002833,-0.141253,0.837701,0.963529,0.494910,1.037564,0.525317,74.918904,365
instrument,crypto,ETH,20,fixed,OOS,768,0.347660,0.114587,0.001816,-0.151234,0.701880,0.667392,0.487614,1.017696,0.166214,80.899609,365
instrument,crypto,ETH,20,fixed,full,2557,0.398986,0.204235,0.002528,-0.144263,0.799205,0.985137,0.492508,1.031995,0.540566,76.684272,365
instrument,crypto,ETH,20,vol,5y,1826,-0.130584,-0.386411,-0.032460,-0.071616,0.159424,0.525602,0.476712,0.943678,-0.864277,20.519934,365
instrument,crypto,ETH,20,vol,3y,1096,0.110370,-0.161193,0.004825,-0.038862,0.163302,0.362977,0.485845,0.974186,-0.279322,22.091348,365
instrument,crypto,ETH,20,vol,1y,366,1.341344,1.062212,0.218572,0.167915,0.157806,0.106593,0.509589,1.177257,1.063666,20.836157,365
instrument,crypto,ETH,20,vol,IS,1789,0.416383,0.193542,0.055432,0.018427,0.162000,0.418032,0.494213,1.030248,0.428484,17.725947,365
instrument,crypto,ETH,20,vol,OOS,768,0.483167,0.245921,0.065845,0.026844,0.158911,0.223905,0.487614,1.038278,0.356722,18.560965,365
instrument,crypto,ETH,20,vol,full,2557,0.436267,0.209095,0.058549,0.020948,0.161047,0.525602,0.491987,1.032525,0.553431,17.969807,365
instrument,crypto,ETH,40,fixed,5y,1826,0.590580,0.447176,0.180700,0.065869,0.708855,0.704356,0.503562,1.069090,1.000189,49.600000,365
instrument,crypto,ETH,40,fixed,3y,1096,0.903672,0.742146,0.456485,0.310280,0.661138,0.516658,0.518721,1.119239,1.286021,50.666667,365
instrument,crypto,ETH,40,fixed,1y,366,1.315224,1.152925,0.929992,0.735092,0.673175,0.364880,0.528767,1.192177,1.154503,52.000000,365
instrument,crypto,ETH,40,fixed,IS,1789,0.483575,0.389887,0.045493,-0.034549,0.832262,0.824812,0.510870,1.062861,0.863172,38.173937,365
instrument,crypto,ETH,40,fixed,OOS,768,0.902827,0.747539,0.468963,0.318727,0.700064,0.426101,0.516297,1.118974,1.084346,52.346806,365
instrument,crypto,ETH,40,fixed,full,2557,0.592913,0.483435,0.157924,0.060243,0.794749,0.824812,0.512321,1.077784,1.279549,42.411972,365
instrument,crypto,ETH,40,vol,5y,1826,0.771210,0.603828,0.115240,0.086744,0.158585,0.196240,0.503014,1.094762,1.350571,12.865815,365
instrument,crypto,ETH,40,vol,3y,1096,1.110139,0.926684,0.180490,0.147151,0.162376,0.164059,0.517808,1.152184,1.605797,13.993860,365
instrument,crypto,ETH,40,vol,1y,366,1.587119,1.419630,0.266038,0.234782,0.157254,0.082083,0.526027,1.242063,1.421573,12.466969,365
instrument,crypto,ETH,40,vol,IS,1789,0.691480,0.567575,0.102945,0.081622,0.161168,0.196240,0.510417,1.091242,1.256557,9.699831,365
instrument,crypto,ETH,40,vol,OOS,768,1.080281,0.908697,0.170754,0.140524,0.158535,0.089053,0.514993,1.148229,1.318116,13.011977,365
instrument,crypto,ETH,40,vol,full,2557,0.806859,0.668944,0.122889,0.098986,0.160356,0.196240,0.511619,1.107875,1.770553,10.690163,365
instrument,crypto,ETH,60,fixed,5y,1826,0.655556,0.551114,0.236370,0.148012,0.707474,0.708704,0.502466,1.085910,1.232666,36.000000,365
instrument,crypto,ETH,60,fixed,3y,1096,0.892727,0.791616,0.446197,0.353686,0.659566,0.547436,0.512329,1.130048,1.371746,31.333333,365
instrument,crypto,ETH,60,fixed,1y,366,0.943956,0.862827,0.504419,0.425560,0.672601,0.399598,0.517808,1.131262,0.864008,26.000000,365
instrument,crypto,ETH,60,fixed,IS,1789,0.563365,0.493352,0.120852,0.056685,0.828819,0.851154,0.510995,1.080727,1.092233,28.375280,365
instrument,crypto,ETH,60,fixed,OOS,768,1.000880,0.901411,0.572734,0.468366,0.698195,0.399598,0.512386,1.145151,1.307547,33.311604,365
instrument,crypto,ETH,60,fixed,full,2557,0.677570,0.600094,0.240887,0.166440,0.791735,0.851154,0.511218,1.097928,1.588320,29.845462,365
instrument,crypto,ETH,60,vol,5y,1826,0.760402,0.627732,0.113353,0.090764,0.158362,0.182038,0.501370,1.098794,1.404036,10.189024,365
instrument,crypto,ETH,60,vol,3y,1096,0.975876,0.849236,0.155290,0.132594,0.162079,0.171571,0.510502,1.142132,1.471591,9.613189,365
instrument,crypto,ETH,60,vol,1y,366,1.042771,0.935619,0.163109,0.144395,0.157350,0.102538,0.515068,1.146634,0.936899,8.078202,365
instrument,crypto,ETH,60,vol,IS,1789,0.785932,0.687494,0.119763,0.102619,0.160960,0.200855,0.509838,1.111613,1.522045,7.666488,365
instrument,crypto,ETH,60,vol,OOS,768,1.159644,1.033691,0.185435,0.162888,0.158074,0.102538,0.511082,1.170252,1.499426,9.561842,365
instrument,crypto,ETH,60,vol,full,2557,0.896846,0.790264,0.139096,0.120385,0.160073,0.200855,0.510016,1.128708,2.091661,8.232467,365
instrument,crypto,ETH,120,fixed,5y,1826,0.632944,0.587829,0.217477,0.179197,0.705585,0.772008,0.509041,1.092344,1.314787,15.600000,365
instrument,crypto,ETH,120,fixed,3y,1096,0.409699,0.358195,0.052933,0.017352,0.658557,0.772008,0.514155,1.055283,0.620694,16.666667,365
instrument,crypto,ETH,120,fixed,1y,366,1.196316,1.189749,0.780939,0.773439,0.669577,0.391535,0.517808,1.187573,1.191378,2.000000,365
instrument,crypto,ETH,120,fixed,IS,1789,1.099309,1.064049,0.741313,0.692075,0.816181,0.809029,0.524580,1.185909,2.355702,13.677293,365
instrument,crypto,ETH,120,fixed,OOS,768,0.034926,-0.027800,-0.198997,-0.234377,0.698105,0.772008,0.511082,0.996283,-0.040325,21.890482,365
instrument,crypto,ETH,120,fixed,full,2557,0.811546,0.768813,0.379067,0.333451,0.782746,0.809029,0.520115,1.128873,2.034885,16.136541,365
instrument,crypto,ETH,120,vol,5y,1826,0.752451,0.688752,0.111963,0.101009,0.157770,0.253315,0.508493,1.109089,1.540517,4.933138,365
instrument,crypto,ETH,120,vol,3y,1096,0.623032,0.556357,0.091482,0.079939,0.161689,0.253315,0.513242,1.087946,0.964079,5.294888,365
instrument,crypto,ETH,120,vol,1y,366,1.532615,1.511214,0.255350,0.251236,0.156409,0.094422,0.515068,1.250364,1.513283,1.642787,365
instrument,crypto,ETH,120,vol,IS,1789,1.257769,1.203322,0.203671,0.193689,0.157463,0.198242,0.524580,1.206962,2.664039,4.149928,365
instrument,crypto,ETH,120,vol,OOS,768,0.263225,0.185387,0.029491,0.016947,0.158085,0.253315,0.509778,1.028939,0.268914,6.102602,365
instrument,crypto,ETH,120,vol,full,2557,0.958427,0.896646,0.148467,0.137598,0.157666,0.253315,0.519704,1.148967,2.373231,4.734483,365
instrument,crypto,ETH,180,fixed,5y,1826,-0.085181,-0.165232,-0.266929,-0.308489,0.706982,0.962260,0.498630,0.975713,-0.369572,28.400000,365
instrument,crypto,ETH,180,fixed,3y,1096,-0.708196,-0.787971,-0.495301,-0.523136,0.659576,0.950836,0.487671,0.885700,-1.365429,27.333333,365
instrument,crypto,ETH,180,fixed,1y,366,0.172393,0.160460,-0.102696,-0.109914,0.670666,0.430495,0.506849,1.028959,0.160680,4.000000,365
instrument,crypto,ETH,180,fixed,IS,1789,0.777658,0.732622,0.339348,0.291009,0.809920,0.856035,0.517413,1.126816,1.621954,17.760067,365
instrument,crypto,ETH,180,fixed,OOS,768,-1.244709,-1.328920,-0.671231,-0.692028,0.697946,0.948264,0.494133,0.819459,-1.927671,31.408083,365
instrument,crypto,ETH,180,fixed,full,2557,0.232005,0.175376,-0.121629,-0.160570,0.778704,0.962260,0.509680,1.028415,0.464182,21.848592,365
instrument,crypto,ETH,180,vol,5y,1826,-0.104825,-0.210183,-0.028528,-0.044759,0.158282,0.474350,0.498082,0.969001,-0.470112,8.375969,365
instrument,crypto,ETH,180,vol,3y,1096,-0.680037,-0.782216,-0.115517,-0.130647,0.162155,0.474350,0.486758,0.885118,-1.355456,8.565494,365
instrument,crypto,ETH,180,vol,1y,366,0.456582,0.427995,0.061161,0.056419,0.156836,0.104917,0.506849,1.070302,0.428581,2.244525,365
instrument,crypto,ETH,180,vol,IS,1789,0.877577,0.803275,0.132218,0.119534,0.155666,0.231318,0.517413,1.136433,1.778373,5.605091,365
instrument,crypto,ETH,180,vol,OOS,768,-1.200465,-1.299102,-0.182381,-0.195872,0.158113,0.467142,0.492829,0.821048,-1.884419,8.262722,365
instrument,crypto,ETH,180,vol,full,2557,0.247277,0.164725,0.026754,0.013615,0.156575,0.474350,0.509259,1.026235,0.435992,6.400619,365
instrument,crypto,ETH,250,fixed,5y,1826,0.325069,0.275766,-0.019248,-0.053332,0.706184,0.857892,0.503014,1.042402,0.616801,17.200000,365
instrument,crypto,ETH,250,fixed,3y,1096,-0.066967,-0.129454,-0.229507,-0.261603,0.658968,0.848296,0.498630,0.979509,-0.224324,20.666667,365
instrument,crypto,ETH,250,fixed,1y,366,0.276834,0.252605,-0.037807,-0.053807,0.671624,0.553063,0.506849,1.043111,0.252950,8.000000,365
instrument,crypto,ETH,250,fixed,IS,1789,1.213490,1.189681,0.883748,0.850332,0.762009,0.678929,0.524057,1.214274,2.633839,8.777964,365
instrument,crypto,ETH,250,fixed,OOS,768,-0.641624,-0.707650,-0.499110,-0.523184,0.698083,0.840359,0.491525,0.899732,-1.026486,23.794003,365
instrument,crypto,ETH,250,fixed,full,2557,0.689695,0.653070,0.265425,0.231325,0.744011,0.857892,0.513010,1.109608,1.728536,13.280516,365
instrument,crypto,ETH,250,vol,5y,1826,0.397868,0.327747,0.051599,0.040096,0.157919,0.288291,0.503014,1.050558,0.733066,5.477399,365
instrument,crypto,ETH,250,vol,3y,1096,0.137650,0.055641,0.009269,-0.004044,0.161797,0.288291,0.498630,1.007186,0.096417,6.616439,365
instrument,crypto,ETH,250,vol,1y,366,0.515830,0.475101,0.071053,0.064330,0.157093,0.142243,0.506849,1.077880,0.475751,3.134547,365
instrument,crypto,ETH,250,vol,IS,1789,1.412686,1.365374,0.217711,0.209484,0.147244,0.181730,0.524057,1.245165,3.022806,3.381957,365
instrument,crypto,ETH,250,vol,OOS,768,-0.546412,-0.622710,-0.093842,-0.104995,0.158056,0.278531,0.491525,0.910177,-0.903275,6.161069,365
instrument,crypto,ETH,250,vol,full,2557,0.794370,0.737149,0.114287,0.104897,0.150713,0.288291,0.513010,1.123241,1.951075,4.214809,365
instrument,crypto,ETH,composite,fixed,5y,1826,0.508491,0.365140,0.138531,0.059320,0.503022,0.695200,0.500671,1.073653,0.816702,35.800000,365
instrument,crypto,ETH,composite,fixed,3y,1096,0.440571,0.285261,0.101595,0.024177,0.468835,0.581691,0.505760,1.061070,0.494312,36.000000,365
instrument,crypto,ETH,composite,fixed,1y,366,1.105524,0.977570,0.543081,0.446879,0.508981,0.335922,0.505495,1.208197,0.978909,31.500000,365
instrument,crypto,ETH,composite,fixed,IS,1789,1.119317,1.027606,0.631842,0.545422,0.598937,0.635221,0.519245,1.216603,2.275020,26.946309,365
instrument,crypto,ETH,composite,fixed,OOS,768,0.263584,0.111737,0.009267,-0.063461,0.490423,0.418055,0.493997,1.030081,0.162081,37.118644,365
instrument,crypto,ETH,composite,fixed,full,2557,0.893353,0.786283,0.412547,0.329579,0.568589,0.695200,0.511262,1.164538,2.081123,29.988263,365
instrument,crypto,ETH,composite,vol,5y,1826,0.624244,0.460780,0.065899,0.046615,0.112588,0.185420,0.500671,1.093038,1.030618,9.118829,365
instrument,crypto,ETH,composite,vol,3y,1096,0.642261,0.475309,0.070133,0.049730,0.116274,0.180798,0.505760,1.099887,0.823635,9.554620,365
instrument,crypto,ETH,composite,vol,1y,366,1.416257,1.284498,0.180528,0.161918,0.122669,0.084396,0.505495,1.287442,1.286257,7.867900,365
instrument,crypto,ETH,composite,vol,IS,1789,1.269552,1.151753,0.150825,0.135486,0.116173,0.185420,0.519245,1.241534,2.549869,6.701996,365
instrument,crypto,ETH,composite,vol,OOS,768,0.486893,0.323725,0.048633,0.030059,0.110179,0.106088,0.493997,1.072705,0.469581,8.931740,365
instrument,crypto,ETH,composite,vol,full,2557,1.042878,0.911887,0.119127,0.102735,0.114408,0.185420,0.511262,1.190736,2.413572,7.368695,365
instrument,crypto,ETH,buyhold,long1x,5y,1826,0.277385,0.277385,-0.050892,-0.050892,0.704872,0.793512,0.501918,1.042646,0.620421,0.000000,365
instrument,crypto,ETH,buyhold,long1x,3y,1096,0.308941,0.308941,-0.010657,-0.010657,0.657119,0.676112,0.506849,1.047359,0.535345,0.000000,365
instrument,crypto,ETH,buyhold,long1x,1y,366,-0.172411,-0.172411,-0.288209,-0.288209,0.670523,0.676112,0.504110,0.970138,-0.172647,0.000000,365
instrument,crypto,ETH,buyhold,long1x,IS,1789,1.039409,1.039409,0.668937,0.668937,0.839238,0.793512,0.517897,1.174177,2.301152,0.000000,365
instrument,crypto,ETH,buyhold,long1x,OOS,768,-0.161545,-0.161545,-0.297503,-0.297503,0.696215,0.676112,0.501956,0.976517,-0.234330,0.000000,365
instrument,crypto,ETH,buyhold,long1x,full,2557,0.721394,0.721394,0.286972,0.286972,0.799190,0.793512,0.512911,1.117260,1.909375,0.000000,365
instrument,crypto,BNB,10,fixed,5y,1826,0.049504,-0.314876,-0.136339,-0.310162,0.602435,0.937239,0.485479,0.952664,-0.704277,109.600000,365
instrument,crypto,BNB,10,fixed,3y,1096,0.468237,0.052761,0.116138,-0.105524,0.531490,0.724030,0.482192,1.009341,0.091427,108.666667,365
instrument,crypto,BNB,10,fixed,1y,366,1.523899,1.106395,0.961213,0.575500,0.541978,0.211902,0.506849,1.177368,1.107910,108.000000,365
instrument,crypto,BNB,10,fixed,IS,1789,0.754478,0.516857,0.340961,0.074218,0.927472,0.903442,0.496063,1.092738,1.144272,107.581096,365
instrument,crypto,BNB,10,fixed,OOS,768,0.744849,0.323775,0.288812,0.033523,0.528264,0.489797,0.490222,1.049436,0.469654,107.548892,365
instrument,crypto,BNB,10,fixed,full,2557,0.733672,0.467121,0.325080,0.061830,0.827970,0.937239,0.494108,1.082868,1.236370,107.814945,365
instrument,crypto,BNB,10,vol,5y,1826,0.234234,-0.166681,0.025182,-0.040141,0.164640,0.416395,0.484932,0.974563,-0.372812,32.730753,365
instrument,crypto,BNB,10,vol,3y,1096,0.759430,0.320632,0.118535,0.040624,0.167885,0.238599,0.481279,1.051627,0.555605,35.932543,365
instrument,crypto,BNB,10,vol,1y,366,1.895127,1.475493,0.369512,0.276523,0.175885,0.074965,0.504110,1.249273,1.477513,35.102984,365
instrument,crypto,BNB,10,vol,IS,1789,0.464993,0.144699,0.065475,0.010295,0.168058,0.409825,0.497106,1.023487,0.320349,26.421621,365
instrument,crypto,BNB,10,vol,OOS,768,0.928366,0.492910,0.149501,0.070839,0.166919,0.176649,0.488918,1.077600,0.714992,34.995139,365
instrument,crypto,BNB,10,vol,full,2557,0.603482,0.248826,0.090045,0.028110,0.167690,0.416395,0.494391,1.039875,0.658590,29.076524,365
instrument,crypto,BNB,20,fixed,5y,1826,-0.057458,-0.350327,-0.189383,-0.322713,0.599476,0.933270,0.482740,0.949436,-0.783570,88.000000,365
instrument,crypto,BNB,20,fixed,3y,1096,-0.302562,-0.635874,-0.255044,-0.379052,0.529914,0.888226,0.469406,0.909537,-1.101869,89.333333,365
instrument,crypto,BNB,20,fixed,1y,366,1.002223,0.779661,0.483442,0.318145,0.540387,0.443926,0.501370,1.121325,0.780729,58.000000,365
instrument,crypto,BNB,20,fixed,IS,1789,1.183028,1.003802,0.987950,0.687108,0.922335,0.740599,0.515837,1.189297,2.222321,80.226510,365
instrument,crypto,BNB,20,fixed,OOS,768,-0.804820,-1.120858,-0.425398,-0.517450,0.526398,0.866157,0.456323,0.847725,-1.625866,84.706649,365
instrument,crypto,BNB,20,fixed,full,2557,0.773383,0.570808,0.369318,0.158434,0.824358,0.933270,0.497634,1.102714,1.510808,81.825117,365
instrument,crypto,BNB,20,vol,5y,1826,0.045725,-0.278373,-0.005701,-0.057409,0.164064,0.454739,0.482192,0.958610,-0.622631,26.557597,365
instrument,crypto,BNB,20,vol,3y,1096,-0.050413,-0.409139,-0.021768,-0.079326,0.167704,0.413596,0.468493,0.940483,-0.708972,30.161474,365
instrument,crypto,BNB,20,vol,1y,366,1.164820,0.928072,0.206769,0.159495,0.176169,0.184118,0.501370,1.149401,0.929343,19.885765,365
instrument,crypto,BNB,20,vol,IS,1789,1.008917,0.764317,0.165881,0.120563,0.167154,0.280323,0.515046,1.130414,1.692124,19.717890,365
instrument,crypto,BNB,20,vol,OOS,768,-0.466337,-0.799854,-0.086395,-0.136870,0.166662,0.408833,0.456323,0.886704,-1.160232,27.972474,365
instrument,crypto,BNB,20,vol,full,2557,0.567391,0.295332,0.083548,0.036068,0.167091,0.454739,0.496795,1.047608,0.781681,22.279710,365
instrument,crypto,BNB,40,fixed,5y,1826,0.190543,-0.035485,-0.060793,-0.181093,0.597938,0.894295,0.494795,0.995686,-0.079368,67.200000,365
instrument,crypto,BNB,40,fixed,3y,1096,0.893431,0.644100,0.393860,0.224054,0.527189,0.536380,0.504110,1.103818,1.116124,64.000000,365
instrument,crypto,BNB,40,fixed,1y,366,1.255936,1.054722,0.699657,0.529235,0.539195,0.288622,0.520548,1.175717,1.056166,52.000000,365
instrument,crypto,BNB,40,fixed,IS,1789,0.562390,0.427677,0.118700,-0.013379,0.920951,0.939323,0.497712,1.077225,0.946835,61.037472,365
instrument,crypto,BNB,40,fixed,OOS,768,0.765404,0.516580,0.302288,0.144088,0.524743,0.346127,0.508475,1.079385,0.749327,63.767927,365
instrument,crypto,BNB,40,fixed,full,2557,0.587183,0.434207,0.170941,0.031492,0.822158,0.939323,0.501192,1.077709,1.149253,61.832942,365
instrument,crypto,BNB,40,vol,5y,1826,0.459692,0.202068,0.063349,0.019902,0.163382,0.380133,0.494247,1.031738,0.451961,20.767927,365
instrument,crypto,BNB,40,vol,3y,1096,1.150773,0.882502,0.193109,0.142371,0.166457,0.172179,0.503196,1.146492,1.529236,21.656654,365
instrument,crypto,BNB,40,vol,1y,366,1.694740,1.471927,0.322988,0.274547,0.175176,0.091689,0.517808,1.259567,1.473942,18.615545,365
instrument,crypto,BNB,40,vol,IS,1789,0.489913,0.293000,0.069883,0.035650,0.166984,0.386414,0.497106,1.048134,0.648675,16.177062,365
instrument,crypto,BNB,40,vol,OOS,768,1.029220,0.758896,0.168684,0.118666,0.165754,0.110973,0.507171,1.121464,1.100820,21.805196,365
instrument,crypto,BNB,40,vol,full,2557,0.651049,0.432265,0.098647,0.059915,0.166593,0.386414,0.500401,1.070423,1.144113,17.859677,365
instrument,crypto,BNB,60,fixed,5y,1826,0.409151,0.248765,0.069590,-0.028757,0.596886,0.759163,0.497534,1.039429,0.556408,47.200000,365
instrument,crypto,BNB,60,fixed,3y,1096,0.676623,0.515819,0.244283,0.143803,0.526512,0.560348,0.501370,1.082870,0.893833,41.333333,365
instrument,crypto,BNB,60,fixed,1y,366,0.288231,0.116375,0.012052,-0.078651,0.540354,0.547284,0.493151,1.014685,0.116534,46.000000,365
instrument,crypto,BNB,60,fixed,IS,1789,0.804201,0.712416,0.388585,0.275837,0.916750,0.881263,0.509838,1.133168,1.577221,41.031879,365
instrument,crypto,BNB,60,fixed,OOS,768,-0.094175,-0.274642,-0.167943,-0.244969,0.524738,0.560348,0.487614,0.960121,-0.398383,47.588005,365
instrument,crypto,BNB,60,fixed,full,2557,0.612032,0.505027,0.190607,0.089848,0.819084,0.881263,0.502804,1.091609,1.336700,42.983177,365
instrument,crypto,BNB,60,vol,5y,1826,0.689493,0.498961,0.103668,0.070460,0.163030,0.250235,0.496438,1.079796,1.116016,15.207226,365
instrument,crypto,BNB,60,vol,3y,1096,1.006405,0.810798,0.165053,0.128705,0.166310,0.180828,0.499543,1.134302,1.404985,15.785463,365
instrument,crypto,BNB,60,vol,1y,366,0.731977,0.504262,0.119286,0.076209,0.176162,0.180828,0.490411,1.076458,0.504952,19.542413,365
instrument,crypto,BNB,60,vol,IS,1789,0.925873,0.788964,0.149930,0.124608,0.166403,0.258613,0.509259,1.134975,1.746691,11.086329,365
instrument,crypto,BNB,60,vol,OOS,768,0.321182,0.110827,0.040222,0.004722,0.165950,0.180828,0.486310,1.016924,0.160760,17.284066,365
instrument,crypto,BNB,60,vol,full,2557,0.745069,0.585708,0.115815,0.087169,0.166257,0.258613,0.502003,1.096699,1.550245,12.941861,365
instrument,crypto,BNB,120,fixed,5y,1826,0.136172,0.021601,-0.090240,-0.151260,0.595931,0.745245,0.494795,1.002227,0.048314,34.000000,365
instrument,crypto,BNB,120,fixed,3y,1096,0.415594,0.292159,0.085063,0.016548,0.526032,0.704850,0.496804,1.046722,0.506265,32.000000,365
instrument,crypto,BNB,120,fixed,1y,366,1.215550,1.131248,0.662004,0.589796,0.536578,0.423265,0.515068,1.182712,1.132797,22.000000,365
instrument,crypto,BNB,120,fixed,IS,1789,0.864109,0.808740,0.482381,0.409714,0.905029,0.897703,0.514388,1.155806,1.790471,24.292506,365
instrument,crypto,BNB,120,fixed,OOS,768,-0.066596,-0.207972,-0.156242,-0.217551,0.523319,0.704850,0.492829,0.969657,-0.301675,37.118644,365
instrument,crypto,BNB,120,fixed,full,2557,0.663102,0.592105,0.251558,0.181241,0.809665,0.898169,0.507800,1.109862,1.567174,28.131847,365
instrument,crypto,BNB,120,vol,5y,1826,0.391707,0.242737,0.051674,0.026645,0.162964,0.281688,0.494247,1.037536,0.542926,11.983089,365
instrument,crypto,BNB,120,vol,3y,1096,0.550376,0.394474,0.080488,0.053205,0.166471,0.281688,0.495890,1.064007,0.683562,12.717573,365
instrument,crypto,BNB,120,vol,1y,366,1.711154,1.606416,0.326579,0.303357,0.174430,0.116261,0.512329,1.276680,1.608615,8.825154,365
instrument,crypto,BNB,120,vol,IS,1789,0.925979,0.827075,0.147389,0.129533,0.163359,0.268031,0.514388,1.144391,1.831064,7.797649,365
instrument,crypto,BNB,120,vol,OOS,768,0.307811,0.148102,0.037878,0.010913,0.165468,0.281688,0.491525,1.022636,0.214830,13.120216,365
instrument,crypto,BNB,120,vol,full,2557,0.738766,0.621339,0.113335,0.092513,0.163984,0.281688,0.507389,1.104022,1.644552,9.391849,365
instrument,crypto,BNB,180,fixed,5y,1826,-0.300142,-0.404586,-0.298751,-0.342925,0.596461,0.936025,0.484384,0.939644,-0.904930,31.600000,365
instrument,crypto,BNB,180,fixed,3y,1096,0.198050,0.111096,-0.032123,-0.076129,0.525999,0.714158,0.490411,1.018402,0.192511,22.666667,365
instrument,crypto,BNB,180,fixed,1y,366,0.459268,0.444080,0.108426,0.099394,0.536774,0.445763,0.515068,1.072550,0.444688,4.000000,365
instrument,crypto,BNB,180,fixed,IS,1789,0.645223,0.589960,0.219019,0.159526,0.897424,0.940563,0.489428,1.113858,1.306114,24.292506,365
instrument,crypto,BNB,180,fixed,OOS,768,-0.432097,-0.535186,-0.303136,-0.341521,0.523532,0.714158,0.487614,0.923653,-0.776317,27.601043,365
instrument,crypto,BNB,180,fixed,full,2557,0.419972,0.356170,0.030544,-0.021700,0.803745,0.952222,0.489057,1.065749,0.942706,25.275822,365
instrument,crypto,BNB,180,vol,5y,1826,-0.262119,-0.392812,-0.054144,-0.074474,0.163105,0.458117,0.484384,0.941227,-0.878595,10.788655,365
instrument,crypto,BNB,180,vol,3y,1096,0.229120,0.116887,0.024543,0.005643,0.166303,0.299574,0.490411,1.019565,0.202547,9.253774,365
instrument,crypto,BNB,180,vol,1y,366,0.615928,0.574082,0.096720,0.088845,0.174906,0.147715,0.515068,1.097142,0.574868,3.589274,365
instrument,crypto,BNB,180,vol,IS,1789,0.402771,0.304805,0.053272,0.036900,0.161500,0.443707,0.489428,1.052069,0.674808,7.784720,365
instrument,crypto,BNB,180,vol,OOS,768,-0.246145,-0.374430,-0.052706,-0.072999,0.165710,0.299574,0.487614,0.944808,-0.543131,10.759560,365
instrument,crypto,BNB,180,vol,full,2557,0.204581,0.097103,0.020253,0.002588,0.162765,0.458117,0.489057,1.015864,0.257010,8.674423,365
instrument,crypto,BNB,250,fixed,5y,1826,0.266811,0.189362,-0.016889,-0.061926,0.595682,0.806358,0.509589,1.028022,0.423542,22.800000,365
instrument,crypto,BNB,250,fixed,3y,1096,-0.052713,-0.118253,-0.151824,-0.181897,0.526371,0.654847,0.502283,0.983524,-0.204913,17.333333,365
instrument,crypto,BNB,250,fixed,1y,366,-0.031039,-0.067992,-0.149399,-0.167052,0.538287,0.654847,0.515068,0.986847,-0.068086,10.000000,365
instrument,crypto,BNB,250,fixed,IS,1789,0.980877,0.938513,0.635436,0.577247,0.858573,0.765843,0.512354,1.190903,2.077778,17.760067,365
instrument,crypto,BNB,250,fixed,OOS,768,-0.276230,-0.336593,-0.244366,-0.269472,0.523521,0.654847,0.511082,0.951165,-0.488247,16.179922,365
instrument,crypto,BNB,250,fixed,full,2557,0.706101,0.660339,0.296937,0.251708,0.773599,0.806358,0.512142,1.126557,1.747775,17.278951,365
instrument,crypto,BNB,250,vol,5y,1826,0.203697,0.110395,0.020105,0.004751,0.162795,0.302273,0.509589,1.016752,0.246919,7.534245,365
instrument,crypto,BNB,250,vol,3y,1096,0.022707,-0.057161,-0.009891,-0.023048,0.166235,0.276184,0.502283,0.992607,-0.099052,6.636836,365
instrument,crypto,BNB,250,vol,1y,366,0.241013,0.191030,0.027149,0.018223,0.175289,0.276184,0.515068,1.025884,0.191292,4.323797,365
instrument,crypto,BNB,250,vol,IS,1789,0.749293,0.674577,0.108795,0.096361,0.153847,0.302273,0.512354,1.120685,1.493448,5.613998,365
instrument,crypto,BNB,250,vol,OOS,768,-0.056501,-0.132323,-0.022641,-0.034991,0.165509,0.276184,0.511082,0.980092,-0.191942,6.303414,365
instrument,crypto,BNB,250,vol,full,2557,0.494827,0.419423,0.067561,0.055134,0.157437,0.302273,0.512142,1.070844,1.110124,5.818744,365
instrument,crypto,BNB,composite,fixed,5y,1826,0.257993,0.042341,0.019185,-0.072394,0.435386,0.658516,0.488691,1.017843,0.094703,46.800000,365
instrument,crypto,BNB,composite,fixed,3y,1096,0.239195,0.017754,0.016416,-0.070917,0.404569,0.656627,0.480726,1.015406,0.030765,44.666667,365
instrument,crypto,BNB,composite,fixed,1y,366,0.772853,0.613483,0.271162,0.187404,0.429762,0.417207,0.500000,1.118765,0.614323,34.000000,365
instrument,crypto,BNB,composite,fixed,IS,1789,1.149031,1.045159,0.798265,0.670024,0.717037,0.564888,0.513661,1.274550,2.313881,36.744966,365
instrument,crypto,BNB,composite,fixed,OOS,768,-0.419092,-0.655632,-0.209833,-0.279902,0.387176,0.656627,0.467005,0.898326,-0.951030,45.922425,365
instrument,crypto,BNB,composite,fixed,full,2557,0.829430,0.703907,0.404713,0.297163,0.636570,0.658516,0.498932,1.177758,1.863090,39.555947,365
instrument,crypto,BNB,composite,vol,5y,1826,0.456006,0.215276,0.048086,0.018711,0.118651,0.243286,0.488691,1.050849,0.481504,14.199028,365
instrument,crypto,BNB,composite,vol,3y,1096,0.508638,0.260872,0.057108,0.025112,0.124719,0.243286,0.480726,1.061911,0.452050,15.356079,365
instrument,crypto,BNB,composite,vol,1y,366,1.227998,1.045456,0.171644,0.143162,0.136929,0.132780,0.500000,1.204798,1.046887,12.318381,365
instrument,crypto,BNB,composite,vol,IS,1789,1.133553,0.970072,0.137435,0.115632,0.120210,0.162319,0.513661,1.220069,2.147646,9.668575,365
instrument,crypto,BNB,composite,vol,OOS,768,0.035540,-0.211263,-0.003156,-0.033127,0.123532,0.243286,0.467005,0.973149,-0.306448,15.179175,365
instrument,crypto,BNB,composite,vol,full,2557,0.797516,0.608284,0.093243,0.068694,0.121242,0.243286,0.498932,1.134081,1.609997,11.341548,365
instrument,crypto,BNB,buyhold,long1x,5y,1826,0.498293,0.498293,0.126442,0.126442,0.593439,0.698856,0.519452,1.077301,1.114523,0.000000,365
instrument,crypto,BNB,buyhold,long1x,3y,1096,0.844556,0.844556,0.357951,0.357951,0.523264,0.583514,0.527854,1.135442,1.463482,0.000000,365
instrument,crypto,BNB,buyhold,long1x,1y,366,0.045617,0.045617,-0.112343,-0.112343,0.536548,0.583514,0.520548,1.003927,0.045679,0.000000,365
instrument,crypto,BNB,buyhold,long1x,IS,1789,1.088586,1.088586,0.801385,0.801385,0.923133,0.719566,0.520694,1.205679,2.410025,0.000000,365
instrument,crypto,BNB,buyhold,long1x,OOS,768,0.239874,0.239874,-0.010228,-0.010228,0.520940,0.583514,0.521512,1.036258,0.347950,0.000000,365
instrument,crypto,BNB,buyhold,long1x,full,2557,0.899450,0.899450,0.504851,0.504851,0.823409,0.719566,0.521127,1.166314,2.380651,0.000000,365
instrument,crypto,XRP,10,fixed,5y,1826,0.153439,-0.114342,-0.256773,-0.415071,0.864630,0.975516,0.475068,0.981728,-0.255747,115.200000,365
instrument,crypto,XRP,10,fixed,3y,1096,-0.057162,-0.302443,-0.417609,-0.536043,0.883446,0.928017,0.475799,0.947486,-0.524085,108.666667,365
instrument,crypto,XRP,10,fixed,1y,366,0.007843,-0.294498,-0.201398,-0.354468,0.686277,0.658953,0.490411,0.950876,-0.294901,104.000000,365
instrument,crypto,XRP,10,fixed,IS,1789,0.345488,0.134518,-0.242969,-0.401605,1.077255,0.979589,0.478065,1.024866,0.297810,112.480425,365
instrument,crypto,XRP,10,fixed,OOS,768,0.639188,0.389169,0.197966,-0.031285,0.841187,0.884013,0.490222,1.066841,0.564511,101.838331,365
instrument,crypto,XRP,10,fixed,full,2557,0.416681,0.197342,-0.131073,-0.308449,1.011999,0.986361,0.481540,1.035790,0.522323,109.528560,365
instrument,crypto,XRP,10,vol,5y,1826,0.131533,-0.134310,0.005577,-0.045766,0.196660,0.493962,0.475068,0.975568,-0.300409,26.043712,365
instrument,crypto,XRP,10,vol,3y,1096,-0.076887,-0.318642,-0.040717,-0.090181,0.216825,0.428681,0.475799,0.938215,-0.552155,26.293756,365
instrument,crypto,XRP,10,vol,1y,366,0.572949,0.264201,0.084205,0.030670,0.166289,0.177452,0.490411,1.035645,0.264562,25.248614,365
instrument,crypto,XRP,10,vol,IS,1789,0.346712,0.112476,0.049741,0.001293,0.202558,0.455101,0.478009,1.022722,0.249012,23.486955,365
instrument,crypto,XRP,10,vol,OOS,768,0.941684,0.656598,0.156139,0.102601,0.170939,0.231492,0.490222,1.112584,0.952431,23.354259,365
instrument,crypto,XRP,10,vol,full,2557,0.503200,0.256484,0.080626,0.030702,0.193583,0.493962,0.481571,1.049301,0.678859,23.511680,365
instrument,crypto,XRP,20,fixed,5y,1826,-0.234353,-0.421452,-0.469079,-0.552681,0.863229,0.989627,0.473973,0.930631,-0.942653,81.600000,365
instrument,crypto,XRP,20,fixed,3y,1096,-0.210810,-0.408421,-0.490878,-0.576975,0.882513,0.934654,0.472146,0.929468,-0.707729,88.000000,365
instrument,crypto,XRP,20,fixed,1y,366,-0.397915,-0.689840,-0.393755,-0.508185,0.686436,0.737770,0.476712,0.895267,-0.690784,102.000000,365
instrument,crypto,XRP,20,fixed,IS,1789,0.293586,0.169507,-0.284348,-0.377968,1.074776,0.976620,0.497172,1.031615,0.375271,65.936801,365
instrument,crypto,XRP,20,fixed,OOS,768,0.111698,-0.094990,-0.228117,-0.354971,0.840716,0.865573,0.470665,0.985377,-0.137788,86.610169,365
instrument,crypto,XRP,20,fixed,full,2557,0.246572,0.102448,-0.267904,-0.371148,1.010046,0.992043,0.488959,1.018528,0.271158,72.114632,365
instrument,crypto,XRP,20,vol,5y,1826,-0.215369,-0.404308,-0.060265,-0.095016,0.196333,0.502764,0.473973,0.926766,-0.904308,18.704974,365
instrument,crypto,XRP,20,vol,3y,1096,-0.157434,-0.350231,-0.057199,-0.096205,0.216459,0.354498,0.472146,0.932098,-0.606895,20.984824,365
instrument,crypto,XRP,20,vol,1y,366,0.170578,-0.120693,0.014741,-0.033180,0.166106,0.208878,0.476712,0.975983,-0.120859,24.131634,365
instrument,crypto,XRP,20,vol,IS,1789,0.155608,0.007782,0.010066,-0.019776,0.202366,0.464720,0.495949,1.001651,0.017228,14.870904,365
instrument,crypto,XRP,20,vol,OOS,768,0.371690,0.145369,0.049880,0.010353,0.170719,0.214221,0.470665,1.024559,0.210865,19.101984,365
instrument,crypto,XRP,20,vol,full,2557,0.212414,0.044244,0.021863,-0.010822,0.193374,0.502764,0.487981,1.008413,0.117105,16.134800,365
instrument,crypto,XRP,40,fixed,5y,1826,-0.088690,-0.218251,-0.398034,-0.464912,0.860922,0.984817,0.483836,0.963027,-0.488157,56.000000,365
instrument,crypto,XRP,40,fixed,3y,1096,0.090386,-0.040245,-0.335739,-0.411493,0.879878,0.886949,0.495890,0.993474,-0.069738,57.333333,365
instrument,crypto,XRP,40,fixed,1y,366,0.139961,-0.059385,-0.126682,-0.240163,0.683844,0.559425,0.517808,0.996354,-0.059467,68.000000,365
instrument,crypto,XRP,40,fixed,IS,1789,-0.261863,-0.345825,-0.608886,-0.645252,1.071703,0.995669,0.486270,0.938300,-0.765624,45.522931,365
instrument,crypto,XRP,40,fixed,OOS,768,0.737176,0.581605,0.305233,0.145386,0.837085,0.750761,0.500652,1.100893,0.843650,62.816167,365
instrument,crypto,XRP,40,fixed,full,2557,-0.011122,-0.112287,-0.438301,-0.495561,1.007043,0.996380,0.490461,0.980096,-0.297199,50.980047,365
instrument,crypto,XRP,40,vol,5y,1826,-0.152893,-0.290766,-0.048746,-0.074471,0.196028,0.491249,0.483836,0.946579,-0.650351,13.601814,365
instrument,crypto,XRP,40,vol,3y,1096,-0.014513,-0.153225,-0.027749,-0.056734,0.216225,0.323504,0.495890,0.970236,-0.265515,15.014362,365
instrument,crypto,XRP,40,vol,1y,366,0.548744,0.330024,0.079888,0.041891,0.165636,0.129191,0.517808,1.058361,0.330476,17.873271,365
instrument,crypto,XRP,40,vol,IS,1789,-0.181225,-0.286979,-0.056120,-0.076430,0.202082,0.491249,0.485532,0.944320,-0.635343,10.776387,365
instrument,crypto,XRP,40,vol,OOS,768,0.685644,0.496323,0.107197,0.072613,0.170326,0.158584,0.500652,1.084403,0.719944,15.561087,365
instrument,crypto,XRP,40,vol,full,2557,0.048763,-0.078637,-0.009776,-0.033983,0.193091,0.491249,0.489984,0.985384,-0.208135,12.281689,365
instrument,crypto,XRP,60,fixed,5y,1826,0.003108,-0.138061,-0.292110,-0.375825,0.861007,0.983453,0.490411,0.976150,-0.308799,60.800000,365
instrument,crypto,XRP,60,fixed,3y,1096,0.648554,0.526152,0.244832,0.116835,0.878797,0.828774,0.509589,1.099286,0.911738,52.666667,365
instrument,crypto,XRP,60,fixed,1y,366,1.551222,1.374945,1.269734,1.018579,0.679291,0.271499,0.556164,1.227869,1.376828,58.000000,365
instrument,crypto,XRP,60,fixed,IS,1789,-0.371505,-0.459266,-0.618231,-0.654194,1.069950,0.995865,0.477431,0.918517,-1.016770,47.564318,365
instrument,crypto,XRP,60,fixed,OOS,768,1.189468,1.024089,0.920635,0.675155,0.836669,0.662407,0.526728,1.181386,1.485498,66.623207,365
instrument,crypto,XRP,60,fixed,full,2557,0.019985,-0.085942,-0.379787,-0.444556,1.005944,0.997246,0.492788,0.984690,-0.227469,53.264867,365
instrument,crypto,XRP,60,vol,5y,1826,0.171350,0.011094,0.015352,-0.016055,0.195875,0.438177,0.490411,1.001734,0.024813,15.626091,365
instrument,crypto,XRP,60,vol,3y,1096,0.861158,0.722832,0.177510,0.143374,0.215554,0.243511,0.509589,1.157976,1.252553,14.654078,365
instrument,crypto,XRP,60,vol,1y,366,1.804455,1.562229,0.326220,0.276136,0.164766,0.068585,0.556164,1.266353,1.564367,19.243733,365
instrument,crypto,XRP,60,vol,IS,1789,-0.058592,-0.170024,-0.030593,-0.052285,0.201703,0.408167,0.477431,0.966695,-0.376416,11.260486,365
instrument,crypto,XRP,60,vol,OOS,768,1.320259,1.101170,0.232390,0.188847,0.170175,0.148705,0.526728,1.192263,1.597308,17.921269,365
instrument,crypto,XRP,60,vol,full,2557,0.305994,0.167462,0.041874,0.014488,0.192816,0.438177,0.492788,1.032053,0.443237,13.254895,365
instrument,crypto,XRP,120,fixed,5y,1826,-0.172382,-0.265734,-0.391739,-0.440547,0.859457,0.987834,0.496986,0.956885,-0.594363,40.400000,365
instrument,crypto,XRP,120,fixed,3y,1096,0.337996,0.241318,-0.054066,-0.132622,0.878582,0.919748,0.509589,1.043941,0.418166,42.000000,365
instrument,crypto,XRP,120,fixed,1y,366,0.657687,0.633212,0.237285,0.216827,0.679531,0.528297,0.564384,1.108127,0.634078,8.000000,365
instrument,crypto,XRP,120,fixed,IS,1789,-0.131057,-0.207077,-0.490368,-0.532032,1.062671,0.990666,0.483213,0.961721,-0.458449,40.623602,365
instrument,crypto,XRP,120,fixed,OOS,768,0.694945,0.636361,0.269127,0.208143,0.835308,0.696557,0.531943,1.110687,0.923076,23.794003,365
instrument,crypto,XRP,120,fixed,full,2557,0.077016,0.005694,-0.329698,-0.377798,0.999830,0.996840,0.498358,1.001093,0.015071,35.557512,365
instrument,crypto,XRP,120,vol,5y,1826,0.129735,0.023506,0.007164,-0.013583,0.195526,0.409247,0.496986,1.004767,0.052575,10.355103,365
instrument,crypto,XRP,120,vol,3y,1096,0.517571,0.404807,0.093697,0.067609,0.215700,0.395986,0.509589,1.085079,0.701466,12.008714,365
instrument,crypto,XRP,120,vol,1y,366,0.889941,0.850918,0.142083,0.134947,0.164691,0.154467,0.564384,1.147720,0.852083,3.124187,365
instrument,crypto,XRP,120,vol,IS,1789,0.273916,0.175770,0.036317,0.016300,0.198983,0.344993,0.483213,1.036702,0.389137,9.710563,365
instrument,crypto,XRP,120,vol,OOS,768,0.725925,0.650420,0.114753,0.100841,0.169798,0.250564,0.531943,1.111346,0.943470,6.248368,365
instrument,crypto,XRP,120,vol,full,2557,0.394126,0.302320,0.059277,0.040986,0.190663,0.449545,0.498358,1.059524,0.800176,8.667894,365
instrument,crypto,XRP,180,fixed,5y,1826,-0.114955,-0.204921,-0.361980,-0.410987,0.858915,0.984077,0.498082,0.966735,-0.458342,38.800000,365
instrument,crypto,XRP,180,fixed,3y,1096,0.332044,0.253690,-0.058566,-0.122589,0.878211,0.820805,0.506849,1.046328,0.439604,34.000000,365
instrument,crypto,XRP,180,fixed,1y,366,-0.334335,-0.449947,-0.370549,-0.420135,0.681700,0.672448,0.547945,0.939182,-0.450563,38.000000,365
instrument,crypto,XRP,180,fixed,IS,1789,-0.137994,-0.193781,-0.504699,-0.534299,1.056554,0.980775,0.486940,0.963464,-0.429011,29.600112,365
instrument,crypto,XRP,180,fixed,OOS,768,0.342522,0.250386,-0.054090,-0.125803,0.836782,0.792772,0.518905,1.041017,0.363198,38.070404,365
instrument,crypto,XRP,180,fixed,full,2557,-0.016185,-0.080676,-0.398463,-0.437329,0.995543,0.992961,0.497475,0.985228,-0.213532,32.130282,365
instrument,crypto,XRP,180,vol,5y,1826,0.079908,-0.019147,-0.002630,-0.021803,0.195398,0.398005,0.498082,0.996760,-0.042826,9.666002,365
instrument,crypto,XRP,180,vol,3y,1096,0.599238,0.508121,0.113079,0.091599,0.215442,0.289259,0.506849,1.108329,0.880492,9.704133,365
instrument,crypto,XRP,180,vol,1y,366,-0.172758,-0.295656,-0.041145,-0.060637,0.165288,0.223571,0.547945,0.961625,-0.296060,9.732198,365
instrument,crypto,XRP,180,vol,IS,1789,0.180017,0.107238,0.017146,0.002672,0.196810,0.398005,0.486940,1.022903,0.237415,7.154140,365
instrument,crypto,XRP,180,vol,OOS,768,0.214719,0.090088,0.022317,0.000885,0.170269,0.259843,0.518905,1.013603,0.130677,10.535057,365
instrument,crypto,XRP,180,vol,full,2557,0.189005,0.102399,0.018696,0.002135,0.189197,0.398005,0.497475,1.020176,0.271028,8.165940,365
instrument,crypto,XRP,250,fixed,5y,1826,0.052891,-0.020800,-0.316350,-0.360668,0.858968,0.980029,0.484932,0.997305,-0.046523,31.600000,365
instrument,crypto,XRP,250,fixed,3y,1096,-0.135725,-0.223144,-0.451369,-0.495003,0.878875,0.949948,0.480365,0.961308,-0.386674,38.000000,365
instrument,crypto,XRP,250,fixed,1y,366,-0.024400,-0.147012,-0.219212,-0.283843,0.682501,0.715399,0.515068,0.972406,-0.147213,42.000000,365
instrument,crypto,XRP,250,fixed,IS,1789,0.238252,0.201945,-0.285078,-0.313323,1.032298,0.960801,0.484395,1.040748,0.447088,18.576622,365
instrument,crypto,XRP,250,fixed,OOS,768,0.478279,0.383594,0.062110,-0.019673,0.836135,0.715399,0.495437,1.065505,0.556424,39.022164,365
instrument,crypto,XRP,250,fixed,full,2557,0.298859,0.247796,-0.194821,-0.235825,0.977367,0.984913,0.487858,1.047764,0.655864,24.704617,365
instrument,crypto,XRP,250,vol,5y,1826,-0.026884,-0.118266,-0.025020,-0.042452,0.195640,0.495582,0.484932,0.978376,-0.264524,8.952850,365
instrument,crypto,XRP,250,vol,3y,1096,-0.089398,-0.185055,-0.043265,-0.063054,0.215891,0.397476,0.480365,0.964276,-0.320671,10.152025,365
instrument,crypto,XRP,250,vol,1y,366,0.426058,0.296654,0.058307,0.036100,0.165323,0.225872,0.515068,1.040937,0.297061,10.573149,365
instrument,crypto,XRP,250,vol,IS,1789,0.153679,0.093341,0.010152,-0.001484,0.191489,0.395766,0.484395,1.020534,0.206649,5.745103,365
instrument,crypto,XRP,250,vol,OOS,768,0.406577,0.284471,0.056143,0.034597,0.170059,0.225872,0.495437,1.047713,0.412641,10.264515,365
instrument,crypto,XRP,250,vol,full,2557,0.223127,0.145916,0.023751,0.009219,0.185281,0.495582,0.487858,1.029359,0.386208,7.099092,365
instrument,crypto,XRP,composite,fixed,5y,1826,-0.131331,-0.306463,-0.210995,-0.287520,0.573763,0.947332,0.478261,0.951644,-0.685460,50.400000,365
instrument,crypto,XRP,composite,fixed,3y,1096,0.234967,0.062660,-0.033592,-0.128811,0.597734,0.781657,0.488704,1.023224,0.108580,51.166667,365
instrument,crypto,XRP,composite,fixed,1y,366,0.547407,0.374741,0.160354,0.054512,0.553916,0.484048,0.540785,1.069729,0.375254,47.500000,365
instrument,crypto,XRP,composite,fixed,IS,1789,-0.026666,-0.136466,-0.225503,-0.283895,0.703915,0.940497,0.474533,0.976073,-0.302123,38.684284,365
instrument,crypto,XRP,composite,fixed,OOS,768,0.775109,0.623877,0.348841,0.219746,0.666588,0.573549,0.510000,1.144003,0.904968,49.729465,365
instrument,crypto,XRP,composite,fixed,full,2557,0.204847,0.083272,-0.085072,-0.159678,0.692894,0.969891,0.486228,1.026696,0.220403,41.983568,365
instrument,crypto,XRP,composite,vol,5y,1826,0.024623,-0.177904,-0.003874,-0.027227,0.116921,0.392705,0.478261,0.976596,-0.397914,11.840797,365
instrument,crypto,XRP,composite,vol,3y,1096,0.488699,0.285187,0.054571,0.028258,0.124849,0.261832,0.488704,1.072212,0.494183,12.567901,365
instrument,crypto,XRP,composite,vol,1y,366,1.004032,0.815754,0.134375,0.106237,0.134858,0.126641,0.540785,1.158622,0.816871,12.575719,365
instrument,crypto,XRP,composite,vol,IS,1789,0.184835,0.037355,0.015001,-0.002313,0.116773,0.301001,0.474533,1.018750,0.082700,8.591874,365
instrument,crypto,XRP,composite,vol,OOS,768,0.881405,0.705456,0.116677,0.090594,0.135941,0.171147,0.510000,1.162682,1.023302,11.810070,365
instrument,crypto,XRP,composite,vol,full,2557,0.415821,0.259333,0.044526,0.024728,0.122838,0.398391,0.486228,1.069682,0.686398,9.554253,365
instrument,crypto,XRP,buyhold,long1x,5y,1826,0.526778,0.526778,0.113487,0.113487,0.856132,0.778259,0.489863,1.094195,1.178235,0.000000,365
instrument,crypto,XRP,buyhold,long1x,3y,1096,0.738558,0.738558,0.348971,0.348971,0.875057,0.707959,0.480365,1.142962,1.279805,0.000000,365
instrument,crypto,XRP,buyhold,long1x,1y,366,-0.640781,-0.640781,-0.485524,-0.485524,0.678524,0.707959,0.427397,0.901336,-0.641658,0.000000,365
instrument,crypto,XRP,buyhold,long1x,IS,1789,0.561260,0.561260,0.057927,0.057927,1.072810,0.832490,0.502237,1.107605,1.242576,0.000000,365
instrument,crypto,XRP,buyhold,long1x,OOS,768,0.846607,0.846607,0.447455,0.447455,0.833013,0.707959,0.479791,1.149832,1.228050,0.000000,365
instrument,crypto,XRP,buyhold,long1x,full,2557,0.628914,0.628914,0.162380,0.162380,1.006647,0.832490,0.495305,1.118603,1.664602,0.000000,365
instrument,crypto,ADA,10,fixed,5y,1826,0.318611,0.087915,-0.156455,-0.318894,0.898445,0.971588,0.498082,1.014028,0.196639,102.400000,365
instrument,crypto,ADA,10,fixed,3y,1096,-0.093786,-0.317737,-0.448884,-0.556413,0.918569,0.966570,0.479452,0.951214,-0.550587,103.333333,365
instrument,crypto,ADA,10,fixed,1y,366,-0.292082,-0.557668,-0.420963,-0.537436,0.799735,0.801463,0.482192,0.921413,-0.558432,108.000000,365
instrument,crypto,ADA,10,fixed,IS,1789,0.735697,0.521927,0.276965,0.030790,0.990371,0.821404,0.497750,1.083099,1.155497,103.090045,365
instrument,crypto,ADA,10,fixed,OOS,768,-0.223081,-0.435870,-0.563259,-0.650707,0.982923,0.966570,0.482399,0.930804,-0.632254,105.645372,365
instrument,crypto,ADA,10,fixed,full,2557,0.449358,0.235750,-0.074815,-0.255250,0.988208,0.971588,0.493323,1.037409,0.623980,103.816510,365
instrument,crypto,ADA,10,vol,5y,1826,0.590414,0.339570,0.088568,0.044004,0.169323,0.294865,0.497534,1.053653,0.759509,20.778396,365
instrument,crypto,ADA,10,vol,3y,1096,0.359416,0.114554,0.048610,0.004471,0.176796,0.294865,0.479452,1.019622,0.198504,21.381613,365
instrument,crypto,ADA,10,vol,1y,366,0.068880,-0.205124,-0.001677,-0.044947,0.161063,0.239970,0.482192,0.968029,-0.205405,22.061252,365
instrument,crypto,ADA,10,vol,IS,1789,0.870865,0.632608,0.135718,0.093715,0.162423,0.236619,0.497685,1.101476,1.400533,18.742713,365
instrument,crypto,ADA,10,vol,OOS,768,0.132070,-0.100924,0.007591,-0.033151,0.176824,0.294865,0.482399,0.983228,-0.146396,20.523053,365
instrument,crypto,ADA,10,vol,full,2557,0.635119,0.398689,0.095611,0.053954,0.166869,0.294865,0.493189,1.063638,1.055244,19.269659,365
instrument,crypto,ADA,20,fixed,5y,1826,0.135462,-0.010826,-0.283274,-0.375446,0.896569,0.969233,0.496438,0.997968,-0.024214,65.200000,365
instrument,crypto,ADA,20,fixed,3y,1096,0.197683,0.053928,-0.279768,-0.373118,0.916434,0.932580,0.489498,1.007689,0.093449,65.333333,365
instrument,crypto,ADA,20,fixed,1y,366,-0.282519,-0.455618,-0.413348,-0.492666,0.795943,0.701590,0.498630,0.940702,-0.456242,70.000000,365
instrument,crypto,ADA,20,fixed,IS,1789,1.072821,0.937186,0.782226,0.559824,0.984917,0.901977,0.505656,1.155098,2.074840,63.895414,365
instrument,crypto,ADA,20,fixed,OOS,768,-0.076662,-0.217688,-0.494600,-0.564363,0.980732,0.932580,0.481095,0.964460,-0.315769,69.478488,365
instrument,crypto,ADA,20,fixed,full,2557,0.728620,0.591237,0.220596,0.063397,0.983848,0.970750,0.498423,1.096846,1.564877,65.545775,365
instrument,crypto,ADA,20,vol,5y,1826,0.368278,0.199423,0.048780,0.019523,0.169035,0.294463,0.496438,1.030906,0.446045,14.047910,365
instrument,crypto,ADA,20,vol,3y,1096,0.488893,0.317497,0.072683,0.041131,0.176412,0.230346,0.489498,1.050033,0.550172,14.833987,365
instrument,crypto,ADA,20,vol,1y,366,-0.086519,-0.273797,-0.026024,-0.055163,0.160470,0.200752,0.498630,0.964721,-0.274171,15.122866,365
instrument,crypto,ADA,20,vol,IS,1789,1.018301,0.862363,0.162930,0.134985,0.162040,0.294463,0.505787,1.141075,1.909190,12.083188,365
instrument,crypto,ADA,20,vol,OOS,768,0.171278,0.004379,0.014575,-0.014870,0.176406,0.230346,0.481095,0.999806,0.006353,14.641821,365
instrument,crypto,ADA,20,vol,full,2557,0.747900,0.588640,0.116226,0.087726,0.166483,0.294463,0.498397,1.095448,1.558004,12.846289,365
instrument,crypto,ADA,40,fixed,5y,1826,0.197034,0.083459,-0.242675,-0.319260,0.895045,0.968787,0.511781,1.012622,0.186671,50.400000,365
instrument,crypto,ADA,40,fixed,3y,1096,0.074246,-0.062930,-0.356997,-0.436943,0.915667,0.948498,0.515068,0.990915,-0.109047,62.666667,365
instrument,crypto,ADA,40,fixed,1y,366,0.971688,0.815947,0.577096,0.395081,0.792329,0.356994,0.558904,1.125851,0.817064,60.000000,365
instrument,crypto,ADA,40,fixed,IS,1789,0.977101,0.905333,0.625816,0.515414,0.978750,0.781103,0.501716,1.150416,2.004320,33.682886,365
instrument,crypto,ADA,40,fixed,OOS,768,-0.151021,-0.293574,-0.530791,-0.596338,0.980555,0.948498,0.513690,0.952468,-0.425845,70.430248,365
instrument,crypto,ADA,40,fixed,full,2557,0.638436,0.544655,0.119360,0.018533,0.979506,0.968787,0.505564,1.089382,1.441587,44.696792,365
instrument,crypto,ADA,40,vol,5y,1826,0.412010,0.278303,0.056495,0.033163,0.168692,0.277688,0.511781,1.043526,0.622475,11.094265,365
instrument,crypto,ADA,40,vol,3y,1096,0.383992,0.222647,0.053143,0.023838,0.176298,0.277688,0.515068,1.037302,0.385812,14.027355,365
instrument,crypto,ADA,40,vol,1y,366,1.012998,0.832175,0.160008,0.127748,0.159749,0.085344,0.558904,1.130295,0.833314,14.082110,365
instrument,crypto,ADA,40,vol,IS,1789,0.947210,0.852353,0.149736,0.132827,0.161627,0.218208,0.502315,1.139328,1.887028,7.361184,365
instrument,crypto,ADA,40,vol,OOS,768,0.037376,-0.127630,-0.008977,-0.037557,0.176373,0.277688,0.513690,0.979005,-0.185134,14.549403,365
instrument,crypto,ADA,40,vol,full,2557,0.656879,0.539248,0.099565,0.078704,0.166203,0.277688,0.506010,1.087205,1.427275,9.515370,365
instrument,crypto,ADA,60,fixed,5y,1826,0.369473,0.282070,-0.118162,-0.187449,0.894055,0.935327,0.509041,1.044263,0.630901,38.400000,365
instrument,crypto,ADA,60,fixed,3y,1096,0.523043,0.454082,-0.034192,-0.096690,0.913365,0.922004,0.528767,1.077178,0.786852,30.666667,365
instrument,crypto,ADA,60,fixed,1y,366,0.964844,0.901933,0.557793,0.482413,0.790434,0.492925,0.564384,1.139777,0.903168,24.000000,365
instrument,crypto,ADA,60,fixed,IS,1789,0.543848,0.473274,0.055090,-0.016932,0.977621,0.895750,0.495370,1.076489,1.047784,33.682886,365
instrument,crypto,ADA,60,fixed,OOS,768,0.622960,0.558523,-0.003917,-0.069320,0.977600,0.922004,0.531943,1.094780,0.810168,30.456323,365
instrument,crypto,ADA,60,fixed,full,2557,0.567712,0.498975,0.037009,-0.032969,0.977426,0.943136,0.506811,1.081996,1.320681,32.701487,365
instrument,crypto,ADA,60,vol,5y,1826,0.447813,0.337618,0.062841,0.043514,0.168569,0.292377,0.509041,1.053164,0.755143,9.112677,365
instrument,crypto,ADA,60,vol,3y,1096,0.734458,0.644853,0.119741,0.102644,0.175774,0.274601,0.528767,1.109372,1.117429,7.642604,365
instrument,crypto,ADA,60,vol,1y,366,1.022705,0.943979,0.161723,0.147697,0.159421,0.118159,0.564384,1.148745,0.945271,6.053861,365
instrument,crypto,ADA,60,vol,IS,1789,0.435499,0.338608,0.058848,0.042585,0.161889,0.292377,0.495370,1.053276,0.749646,7.682049,365
instrument,crypto,ADA,60,vol,OOS,768,0.816250,0.734615,0.135815,0.120047,0.175672,0.274601,0.531943,1.123321,1.065599,6.949575,365
instrument,crypto,ADA,60,vol,full,2557,0.556291,0.464192,0.081401,0.065270,0.166124,0.292377,0.506811,1.074719,1.228617,7.459282,365
instrument,crypto,ADA,120,fixed,5y,1826,0.635667,0.594011,0.201304,0.156780,0.891818,0.804849,0.520548,1.096675,1.328614,18.000000,365
instrument,crypto,ADA,120,fixed,3y,1096,0.657654,0.621182,0.229689,0.188612,0.911855,0.804849,0.531507,1.106516,1.076410,16.000000,365
instrument,crypto,ADA,120,fixed,1y,366,0.235012,0.193953,-0.124725,-0.154249,0.792044,0.611766,0.558904,1.031086,0.194218,16.000000,365
instrument,crypto,ADA,120,fixed,IS,1789,1.144528,1.105166,0.908473,0.837766,0.964537,0.658661,0.511990,1.191306,2.446731,18.168345,365
instrument,crypto,ADA,120,fixed,OOS,768,0.573581,0.541348,0.124245,0.088427,0.976032,0.804849,0.534550,1.091567,0.785255,15.228162,365
instrument,crypto,ADA,120,fixed,full,2557,0.971752,0.934503,0.628012,0.570228,0.967898,0.804849,0.519294,1.161056,2.473429,17.278951,365
instrument,crypto,ADA,120,vol,5y,1826,0.671825,0.609783,0.103725,0.092526,0.168175,0.244026,0.520548,1.098570,1.363890,5.062615,365
instrument,crypto,ADA,120,vol,3y,1096,0.796193,0.743898,0.132261,0.122250,0.175588,0.170767,0.531507,1.126907,1.289058,4.400797,365
instrument,crypto,ADA,120,vol,1y,366,0.376267,0.324143,0.048346,0.039765,0.159627,0.152984,0.558904,1.050997,0.324587,4.081965,365
instrument,crypto,ADA,120,vol,IS,1789,0.896771,0.833629,0.138373,0.127373,0.158965,0.244026,0.511990,1.138595,1.845574,4.823214,365
instrument,crypto,ADA,120,vol,OOS,768,0.802032,0.761384,0.133520,0.125664,0.175393,0.170767,0.534550,1.128045,1.104430,3.456934,365
instrument,crypto,ADA,120,vol,full,2557,0.865543,0.809726,0.136913,0.126859,0.164038,0.244026,0.519294,1.135551,2.143171,4.411373,365
instrument,crypto,ADA,180,fixed,5y,1826,0.433572,0.394157,0.003507,-0.032134,0.892038,0.834189,0.519452,1.063280,0.881604,17.200000,365
instrument,crypto,ADA,180,fixed,3y,1096,0.457360,0.428744,0.025047,-0.002367,0.911892,0.716546,0.520548,1.070756,0.742945,12.000000,365
instrument,crypto,ADA,180,fixed,1y,366,0.372220,0.330683,-0.024103,-0.057051,0.792013,0.611644,0.567123,1.051225,0.331136,16.000000,365
instrument,crypto,ADA,180,fixed,IS,1789,0.844321,0.809414,0.430567,0.383114,0.958825,0.795916,0.508706,1.139713,1.791965,16.126957,365
instrument,crypto,ADA,180,fixed,OOS,768,0.724090,0.701686,0.303276,0.274495,0.975248,0.716546,0.542373,1.122287,1.017833,10.469361,365
instrument,crypto,ADA,180,fixed,full,2557,0.807907,0.776800,0.391081,0.349552,0.963598,0.834189,0.519360,1.134145,2.056024,14.422926,365
instrument,crypto,ADA,180,vol,5y,1826,0.302889,0.244416,0.037515,0.027420,0.168252,0.351352,0.519452,1.038506,0.546680,4.851802,365
instrument,crypto,ADA,180,vol,3y,1096,0.332074,0.285273,0.043919,0.035441,0.175676,0.241006,0.520548,1.045208,0.494332,3.864068,365
instrument,crypto,ADA,180,vol,1y,366,0.444166,0.393001,0.059734,0.051264,0.159650,0.162843,0.567123,1.061404,0.393539,3.981928,365
instrument,crypto,ADA,180,vol,IS,1789,0.444067,0.387931,0.058928,0.049770,0.156908,0.351352,0.508706,1.063812,0.858842,4.311293,365
instrument,crypto,ADA,180,vol,OOS,768,0.858714,0.823059,0.144810,0.137854,0.175321,0.177983,0.542373,1.141221,1.193893,3.030873,365
instrument,crypto,ADA,180,vol,full,2557,0.577896,0.528347,0.084023,0.075485,0.162635,0.351352,0.519360,1.087952,1.398423,3.925418,365
instrument,crypto,ADA,250,fixed,5y,1826,0.280209,0.261130,-0.124785,-0.139974,0.891130,0.935459,0.509589,1.041602,0.584064,8.400000,365
instrument,crypto,ADA,250,fixed,3y,1096,0.246751,0.229068,-0.154229,-0.168026,0.910851,0.868368,0.511416,1.038663,0.396939,8.000000,365
instrument,crypto,ADA,250,fixed,1y,366,1.904176,1.898416,2.273312,2.259575,0.785895,0.306814,0.589041,1.304203,1.901015,2.000000,365
instrument,crypto,ADA,250,fixed,IS,1789,0.884157,0.862429,0.485925,0.456403,0.920806,0.812383,0.501951,1.151617,1.909334,9.594519,365
instrument,crypto,ADA,250,fixed,OOS,768,0.342043,0.336102,-0.102456,-0.107795,0.974749,0.788779,0.525424,1.057240,0.487535,2.855280,365
instrument,crypto,ADA,250,fixed,full,2557,0.714522,0.697828,0.277137,0.257076,0.937209,0.935459,0.509540,1.120912,1.847003,7.568466,365
instrument,crypto,ADA,250,vol,5y,1826,0.243400,0.211383,0.027218,0.021719,0.167937,0.333340,0.509589,1.033216,0.472797,2.672863,365
instrument,crypto,ADA,250,vol,3y,1096,0.179296,0.147147,0.016343,0.010628,0.175373,0.282982,0.511416,1.025006,0.254983,2.809856,365
instrument,crypto,ADA,250,vol,1y,366,2.086557,2.068716,0.373806,0.370030,0.158277,0.071813,0.589041,1.341235,2.071548,1.377777,365
instrument,crypto,ADA,250,vol,IS,1789,0.663545,0.630163,0.092028,0.086683,0.149690,0.261918,0.501951,1.107131,1.395121,2.441645,365
instrument,crypto,ADA,250,vol,OOS,768,0.476143,0.458321,0.070690,0.067350,0.175210,0.217997,0.525424,1.076745,0.664820,1.564025,365
instrument,crypto,ADA,250,vol,full,2557,0.599274,0.571243,0.085575,0.080840,0.157755,0.333340,0.509540,1.096437,1.511957,2.177372,365
instrument,crypto,ADA,composite,fixed,5y,1826,0.501755,0.400985,0.122582,0.053102,0.631523,0.662876,0.517615,1.077875,0.896876,31.500000,365
instrument,crypto,ADA,composite,fixed,3y,1096,0.612894,0.514641,0.203062,0.133614,0.604580,0.662830,0.522926,1.100661,0.891791,29.333333,365
instrument,crypto,ADA,composite,fixed,1y,366,0.880770,0.790437,0.424813,0.346291,0.631248,0.394814,0.564669,1.141701,0.791519,28.000000,365
instrument,crypto,ADA,composite,fixed,IS,1789,1.133219,1.058220,0.782334,0.683899,0.762304,0.662876,0.513158,1.233013,2.342797,28.069072,365
instrument,crypto,ADA,composite,fixed,OOS,768,0.584502,0.488345,0.182611,0.115121,0.610382,0.662830,0.523810,1.094261,0.708372,29.028683,365
instrument,crypto,ADA,composite,fixed,full,2557,0.988269,0.908183,0.575732,0.487835,0.720035,0.662876,0.516824,1.193154,2.403767,28.346049,365
instrument,crypto,ADA,composite,vol,5y,1826,0.606361,0.488923,0.067623,0.052833,0.120044,0.176858,0.517615,1.096094,1.093565,6.961416,365
instrument,crypto,ADA,composite,vol,3y,1096,0.791202,0.679286,0.092934,0.078320,0.121962,0.119631,0.522926,1.135944,1.177094,6.720621,365
instrument,crypto,ADA,composite,vol,1y,366,1.071099,0.969989,0.135200,0.121089,0.126015,0.093703,0.564669,1.179016,0.971317,6.257487,365
instrument,crypto,ADA,composite,vol,IS,1789,0.973549,0.877315,0.115079,0.102566,0.119427,0.176858,0.513158,1.186697,1.942291,5.632530,365
instrument,crypto,ADA,composite,vol,OOS,768,0.898583,0.786985,0.097591,0.084312,0.110620,0.119631,0.523810,1.151516,1.141565,6.082901,365
instrument,crypto,ADA,composite,vol,full,2557,0.951822,0.851258,0.109797,0.097051,0.116830,0.176858,0.516824,1.176125,2.253099,5.765492,365
instrument,crypto,ADA,buyhold,long1x,5y,1826,-0.032714,-0.032714,-0.335441,-0.335441,0.890471,0.951679,0.477808,0.995315,-0.073170,0.000000,365
instrument,crypto,ADA,buyhold,long1x,3y,1096,0.270637,0.270637,-0.130808,-0.130808,0.910346,0.883496,0.474886,1.043549,0.468971,0.000000,365
instrument,crypto,ADA,buyhold,long1x,1y,366,-1.047534,-1.047534,-0.680202,-0.680202,0.788328,0.850888,0.432877,0.859540,-1.048968,0.000000,365
instrument,crypto,ADA,buyhold,long1x,IS,1789,0.848555,0.848555,0.423243,0.423243,0.988054,0.918513,0.505034,1.138275,1.878618,0.000000,365
instrument,crypto,ADA,buyhold,long1x,OOS,768,0.011102,0.011102,-0.347611,-0.347611,0.974651,0.883496,0.468057,1.002595,0.016104,0.000000,365
instrument,crypto,ADA,buyhold,long1x,full,2557,0.599403,0.599403,0.125973,0.125973,0.984058,0.951679,0.493740,1.097747,1.586493,0.000000,365
instrument,crypto,SOL,10,fixed,5y,1826,0.879508,0.669702,0.473916,0.196912,0.986765,0.896364,0.501370,1.100463,1.497910,100.000000,365
instrument,crypto,SOL,10,fixed,3y,1096,0.758661,0.531286,0.329248,0.094929,0.848195,0.896364,0.506849,1.073253,0.920635,93.333333,365
instrument,crypto,SOL,10,fixed,1y,366,0.023810,-0.262032,-0.213414,-0.365456,0.726479,0.653677,0.515068,0.958976,-0.262391,104.000000,365
instrument,crypto,SOL,10,fixed,IS,1595,0.637123,0.472598,-0.049800,-0.242044,1.331186,0.981398,0.493687,1.073823,0.987928,106.935383,365
instrument,crypto,SOL,10,fixed,OOS,684,-0.176007,-0.426410,-0.362786,-0.482985,0.794591,0.864056,0.500732,0.941068,-0.583726,99.399707,365
instrument,crypto,SOL,10,fixed,full,2279,0.461858,0.283176,-0.157183,-0.324260,1.195748,0.981398,0.495591,1.044053,0.707590,104.949517,365
instrument,crypto,SOL,10,vol,5y,1826,1.025555,0.800655,0.161704,0.122048,0.159709,0.248062,0.501370,1.121805,1.790810,17.273042,365
instrument,crypto,SOL,10,vol,3y,1096,0.970248,0.733760,0.151391,0.110116,0.159724,0.248062,0.506849,1.104590,1.271490,18.149971,365
instrument,crypto,SOL,10,vol,1y,366,0.535048,0.254327,0.074352,0.028220,0.158742,0.167891,0.515068,1.030740,0.254675,21.865587,365
instrument,crypto,SOL,10,vol,IS,1595,1.054454,0.873921,0.167298,0.135201,0.159657,0.187858,0.499348,1.139650,1.826863,13.871022,365
instrument,crypto,SOL,10,vol,OOS,684,0.213437,-0.046681,0.021344,-0.019486,0.157220,0.248062,0.500732,0.993411,-0.063902,20.118166,365
instrument,crypto,SOL,10,vol,full,2279,0.805548,0.600553,0.121427,0.086373,0.158934,0.248062,0.499549,1.092421,1.500641,15.789348,365
instrument,crypto,SOL,20,fixed,5y,1826,0.851338,0.693157,0.437191,0.229089,0.984046,0.863926,0.483288,1.108608,1.550371,75.600000,365
instrument,crypto,SOL,20,fixed,3y,1096,1.179093,1.017693,0.897313,0.658601,0.843637,0.693231,0.495890,1.150048,1.763500,65.333333,365
instrument,crypto,SOL,20,fixed,1y,366,-0.104646,-0.362857,-0.281902,-0.407685,0.723461,0.693231,0.501370,0.956815,-0.363354,92.000000,365
instrument,crypto,SOL,20,fixed,IS,1595,1.183078,1.067921,0.977184,0.696285,1.317696,0.935238,0.487294,1.175494,2.232406,72.587829,365
instrument,crypto,SOL,20,fixed,OOS,684,0.288092,0.094411,-0.078271,-0.211296,0.790235,0.693231,0.491947,1.013887,0.129242,75.885798,365
instrument,crypto,SOL,20,fixed,full,2279,0.978899,0.850298,0.572426,0.347968,1.184577,0.935238,0.488485,1.138571,2.124696,73.544776,365
instrument,crypto,SOL,20,vol,5y,1826,0.980901,0.804332,0.153550,0.122421,0.159299,0.200749,0.483288,1.124275,1.799033,13.616320,365
instrument,crypto,SOL,20,vol,3y,1096,1.326541,1.148263,0.217881,0.185122,0.158896,0.184908,0.495890,1.171859,1.989757,13.579380,365
instrument,crypto,SOL,20,vol,1y,366,0.230213,-0.037911,0.024166,-0.018309,0.158330,0.184908,0.501370,1.000869,-0.037963,20.705133,365
instrument,crypto,SOL,20,vol,IS,1595,1.330303,1.198792,0.219286,0.195092,0.159231,0.200749,0.486310,1.196442,2.505981,9.971729,365
instrument,crypto,SOL,20,vol,OOS,684,0.509254,0.295880,0.069407,0.034681,0.156461,0.184908,0.491947,1.043130,0.405040,16.448975,365
instrument,crypto,SOL,20,vol,full,2279,1.087203,0.931065,0.172221,0.144497,0.158409,0.200749,0.487827,1.146821,2.326514,11.909538,365
instrument,crypto,SOL,40,fixed,5y,1826,0.584196,0.483687,0.104843,-0.000586,0.982688,0.922552,0.490411,1.071061,1.081854,48.400000,365
instrument,crypto,SOL,40,fixed,3y,1096,0.334700,0.213317,-0.068012,-0.160420,0.843915,0.922552,0.484018,1.036261,0.369645,50.000000,365
instrument,crypto,SOL,40,fixed,1y,366,0.477476,0.297685,0.088965,-0.044433,0.720822,0.478207,0.528767,1.048012,0.298093,64.000000,365
instrument,crypto,SOL,40,fixed,IS,1595,1.101297,1.033412,0.811269,0.655577,1.311730,0.897983,0.497426,1.170925,2.160266,42.819950,365
instrument,crypto,SOL,40,fixed,OOS,684,0.089115,-0.054709,-0.214072,-0.300465,0.788991,0.659371,0.494876,0.991870,-0.074893,56.647145,365
instrument,crypto,SOL,40,fixed,full,2279,0.875157,0.793196,0.409793,0.278375,1.179729,0.922552,0.496872,1.129622,1.982012,46.946883,365
instrument,crypto,SOL,40,vol,5y,1826,0.549361,0.425121,0.077417,0.056597,0.159183,0.318445,0.490411,1.062565,0.950860,9.710201,365
instrument,crypto,SOL,40,vol,3y,1096,0.406253,0.264164,0.053193,0.029844,0.159086,0.318445,0.484018,1.044482,0.457755,11.026494,365
instrument,crypto,SOL,40,vol,1y,366,0.579364,0.372897,0.081839,0.047558,0.157895,0.116887,0.528767,1.059567,0.373407,16.071683,365
instrument,crypto,SOL,40,vol,IS,1595,1.079551,0.995934,0.171952,0.156971,0.159072,0.262456,0.500000,1.160882,2.081923,6.401372,365
instrument,crypto,SOL,40,vol,OOS,684,0.167608,-0.001146,0.014091,-0.012302,0.156318,0.174359,0.494876,0.999541,-0.001569,13.136599,365
instrument,crypto,SOL,40,vol,full,2279,0.809608,0.700250,0.122152,0.103326,0.158262,0.318445,0.498647,1.108698,1.749762,8.418097,365
instrument,crypto,SOL,60,fixed,5y,1826,0.398552,0.276501,-0.078926,-0.185471,0.983852,0.969997,0.487123,1.043313,0.618443,59.200000,365
instrument,crypto,SOL,60,fixed,3y,1096,-0.171385,-0.312157,-0.391741,-0.462994,0.845501,0.969997,0.479452,0.961483,-0.540919,59.333333,365
instrument,crypto,SOL,60,fixed,1y,366,0.009037,-0.151626,-0.221979,-0.308706,0.720217,0.529974,0.515068,0.973730,-0.151833,58.000000,365
instrument,crypto,SOL,60,fixed,IS,1595,1.265046,1.188927,1.246935,1.033569,1.306347,0.856341,0.497392,1.200710,2.485359,47.399624,365
instrument,crypto,SOL,60,fixed,OOS,684,-0.394308,-0.541128,-0.462603,-0.523807,0.788917,0.840978,0.481698,0.925446,-0.740766,58.784773,365
instrument,crypto,SOL,60,fixed,full,2279,0.904559,0.815363,0.462582,0.315325,1.176008,0.969997,0.492786,1.134262,2.037403,50.792362,365
instrument,crypto,SOL,60,vol,5y,1826,0.226227,0.078042,0.023622,-0.000227,0.159499,0.411724,0.487123,1.012252,0.174555,11.718995,365
instrument,crypto,SOL,60,vol,3y,1096,-0.205486,-0.366131,-0.044062,-0.068606,0.159443,0.411724,0.479452,0.954340,-0.634447,12.793702,365
instrument,crypto,SOL,60,vol,1y,366,0.021061,-0.169940,-0.008942,-0.038508,0.157919,0.120708,0.515068,0.971036,-0.170172,15.112227,365
instrument,crypto,SOL,60,vol,IS,1595,1.014214,0.906197,0.159897,0.140837,0.159385,0.267489,0.497392,1.145407,1.894334,8.232002,365
instrument,crypto,SOL,60,vol,OOS,684,-0.351778,-0.521425,-0.064576,-0.089497,0.156363,0.261536,0.481698,0.928295,-0.713795,13.444470,365
instrument,crypto,SOL,60,vol,full,2279,0.609821,0.483243,0.087386,0.066174,0.158542,0.411724,0.492786,1.073839,1.207512,9.791363,365
instrument,crypto,SOL,120,fixed,5y,1826,1.096633,1.057747,0.814977,0.747307,0.979259,0.876026,0.513425,1.164994,2.365842,18.400000,365
instrument,crypto,SOL,120,fixed,3y,1096,0.888561,0.835881,0.482887,0.418487,0.841479,0.876026,0.506849,1.121029,1.448449,21.333333,365
instrument,crypto,SOL,120,fixed,1y,366,0.750249,0.726951,0.323130,0.301218,0.717426,0.458103,0.550685,1.100413,0.727946,8.000000,365
instrument,crypto,SOL,120,fixed,IS,1595,1.353622,1.329750,1.491127,1.418166,1.249998,0.922885,0.516282,1.232134,2.779739,14.425972,365
instrument,crypto,SOL,120,fixed,OOS,684,0.089775,0.038005,-0.214777,-0.247631,0.787446,0.745602,0.513909,1.005814,0.052026,20.307467,365
instrument,crypto,SOL,120,fixed,full,2279,1.065452,1.035854,0.761607,0.703346,1.131716,0.922885,0.515292,1.175956,2.588358,16.183055,365
instrument,crypto,SOL,120,vol,5y,1826,1.193797,1.138136,0.192945,0.182717,0.158472,0.221146,0.512877,1.178364,2.545646,4.293443,365
instrument,crypto,SOL,120,vol,3y,1096,1.132044,1.067092,0.181148,0.169389,0.158388,0.221146,0.506849,1.158789,1.849101,4.984655,365
instrument,crypto,SOL,120,vol,1y,366,1.014386,0.980775,0.158110,0.152161,0.156954,0.103686,0.550685,1.141764,0.982118,2.570293,365
instrument,crypto,SOL,120,vol,IS,1595,1.442974,1.400890,0.232222,0.224532,0.152946,0.148349,0.515604,1.238843,2.928450,3.123542,365
instrument,crypto,SOL,120,vol,OOS,684,0.539350,0.477253,0.074402,0.064177,0.155678,0.170803,0.513909,1.070534,0.653327,4.766831,365
instrument,crypto,SOL,120,vol,full,2279,1.168521,1.120176,0.182564,0.174019,0.153774,0.221146,0.514829,1.182192,2.799059,3.615018,365
instrument,crypto,SOL,180,fixed,5y,1826,0.689039,0.664610,0.219511,0.190225,0.980147,0.880147,0.509041,1.099850,1.486520,11.600000,365
instrument,crypto,SOL,180,fixed,3y,1096,0.577084,0.532903,0.144840,0.102293,0.842244,0.880147,0.501370,1.073578,0.923437,18.000000,365
instrument,crypto,SOL,180,fixed,1y,366,0.011925,-0.010315,-0.220835,-0.233780,0.718025,0.497226,0.528767,1.004116,-0.010329,8.000000,365
instrument,crypto,SOL,180,fixed,IS,1595,1.546327,1.534545,2.121125,2.078524,1.182365,0.826655,0.523338,1.276963,3.207847,6.640527,365
instrument,crypto,SOL,180,fixed,OOS,684,-0.473932,-0.513302,-0.493855,-0.510732,0.787040,0.862695,0.493411,0.929034,-0.702675,16.032211,365
instrument,crypto,SOL,180,fixed,full,2279,1.081654,1.063334,0.807991,0.772551,1.080175,0.880147,0.513823,1.182272,2.657023,9.453468,365
instrument,crypto,SOL,180,vol,5y,1826,0.743656,0.704961,0.111065,0.104398,0.158667,0.250655,0.509041,1.106615,1.576773,2.994672,365
instrument,crypto,SOL,180,vol,3y,1096,0.728867,0.673240,0.108343,0.098840,0.158636,0.250655,0.501370,1.095217,1.166618,4.278888,365
instrument,crypto,SOL,180,vol,1y,366,0.167706,0.133747,0.014147,0.008748,0.157221,0.120068,0.528767,1.024621,0.133931,2.659274,365
instrument,crypto,SOL,180,vol,IS,1595,1.441313,1.415451,0.227593,0.223007,0.150197,0.203208,0.523338,1.247411,2.958890,1.864857,365
instrument,crypto,SOL,180,vol,OOS,684,-0.115155,-0.164299,-0.029507,-0.036990,0.155774,0.250655,0.493411,0.976623,-0.224914,3.850640,365
instrument,crypto,SOL,180,vol,full,2279,0.962008,0.928552,0.143990,0.138350,0.151965,0.250655,0.513823,1.151061,2.320234,2.459574,365
instrument,crypto,SOL,250,fixed,5y,1826,0.460758,0.426808,-0.025284,-0.057794,0.980499,0.939130,0.498630,1.062259,0.954633,16.400000,365
instrument,crypto,SOL,250,fixed,3y,1096,0.062885,-0.000513,-0.258046,-0.297788,0.842385,0.939130,0.483105,1.004956,-0.000889,26.666667,365
instrument,crypto,SOL,250,fixed,1y,366,-1.516562,-1.633377,-0.739171,-0.761653,0.717329,0.833372,0.482192,0.800857,-1.635613,44.000000,365
instrument,crypto,SOL,250,fixed,IS,1595,1.468742,1.463133,1.808055,1.790361,1.144374,0.899582,0.520833,1.270471,3.058566,2.976788,365
instrument,crypto,SOL,250,fixed,OOS,684,-0.751953,-0.844638,-0.592948,-0.623072,0.786860,0.939130,0.471449,0.886128,-1.156251,37.408492,365
instrument,crypto,SOL,250,fixed,full,2279,0.951020,0.924952,0.572782,0.530120,1.051263,0.939130,0.504438,1.159695,2.311240,13.298946,365
instrument,crypto,SOL,250,vol,5y,1826,0.413832,0.366084,0.054512,0.046608,0.158767,0.378618,0.498630,1.053576,0.818812,3.746280,365
instrument,crypto,SOL,250,vol,3y,1096,0.136798,0.065376,0.009200,-0.002185,0.158734,0.378618,0.483105,1.014976,0.113287,5.647292,365
instrument,crypto,SOL,250,vol,1y,366,-1.114852,-1.228185,-0.170612,-0.185660,0.157149,0.285023,0.482192,0.845824,-1.229867,9.143717,365
instrument,crypto,SOL,250,vol,IS,1595,1.222708,1.205092,0.184850,0.181918,0.147751,0.280124,0.520833,1.212694,2.519151,1.231095,365
instrument,crypto,SOL,250,vol,OOS,684,-0.465172,-0.557907,-0.080889,-0.094255,0.155748,0.378618,0.471449,0.923477,-0.763736,7.307549,365
instrument,crypto,SOL,250,vol,full,2279,0.697104,0.655605,0.097894,0.091183,0.150296,0.378618,0.504438,1.106200,1.638204,3.052573,365
instrument,crypto,SOL,composite,fixed,5y,1826,0.917251,0.806571,0.511897,0.391840,0.749972,0.809558,0.492723,1.161841,1.804041,41.000000,365
instrument,crypto,SOL,composite,fixed,3y,1096,0.660818,0.523735,0.246799,0.144790,0.623201,0.809558,0.482719,1.099815,0.907550,42.166667,365
instrument,crypto,SOL,composite,fixed,1y,366,-0.306563,-0.507986,-0.243828,-0.317526,0.502893,0.490123,0.513986,0.926720,-0.508682,50.500000,365
instrument,crypto,SOL,composite,fixed,IS,1595,1.623955,1.556353,1.917223,1.745093,0.911839,0.624443,0.510055,1.358249,3.253434,29.996863,365
instrument,crypto,SOL,composite,fixed,OOS,684,-0.277681,-0.447686,-0.257822,-0.324200,0.544007,0.713228,0.480300,0.934315,-0.612851,46.493411,365
instrument,crypto,SOL,composite,fixed,full,2279,1.209141,1.122330,0.934429,0.802417,0.819828,0.809558,0.500307,1.246646,2.804441,34.929763,365
instrument,crypto,SOL,composite,vol,5y,1826,0.941264,0.810248,0.110121,0.093176,0.118581,0.210847,0.492723,1.161430,1.812265,7.686012,365
instrument,crypto,SOL,composite,vol,3y,1096,0.813877,0.663393,0.091682,0.072910,0.116219,0.210847,0.482719,1.128554,1.149554,8.636841,365
instrument,crypto,SOL,composite,vol,1y,366,0.052445,-0.149545,-0.000439,-0.023094,0.113433,0.118356,0.513986,0.983277,-0.149749,11.375359,365
instrument,crypto,SOL,composite,vol,IS,1595,1.536681,1.448797,0.184459,0.172846,0.114564,0.115817,0.510055,1.325859,3.028596,4.923059,365
instrument,crypto,SOL,composite,vol,OOS,684,0.081517,-0.094285,0.002934,-0.016376,0.110549,0.186140,0.480300,0.991546,-0.129069,9.723748,365
instrument,crypto,SOL,composite,vol,full,2279,1.110290,0.996538,0.126772,0.112519,0.113429,0.210847,0.500307,1.209419,2.490116,6.360262,365
instrument,crypto,SOL,buyhold,long1x,5y,1826,0.667498,0.667498,0.189921,0.189921,0.979088,0.962725,0.486575,1.100356,1.492979,0.000000,365
instrument,crypto,SOL,buyhold,long1x,3y,1096,0.978735,0.978735,0.605737,0.605737,0.839370,0.762516,0.488584,1.144126,1.695993,0.000000,365
instrument,crypto,SOL,buyhold,long1x,1y,366,-0.461799,-0.461799,-0.445128,-0.445128,0.716759,0.748867,0.473973,0.932505,-0.462431,0.000000,365
instrument,crypto,SOL,buyhold,long1x,IS,1595,1.520919,1.520919,2.147842,2.147842,1.329841,0.962725,0.501255,1.256936,3.179362,0.000000,365
instrument,crypto,SOL,buyhold,long1x,OOS,684,0.012568,0.012568,-0.256990,-0.256990,0.785104,0.762516,0.477306,1.001422,0.017204,0.000000,365
instrument,crypto,SOL,buyhold,long1x,full,2279,1.188453,1.188453,1.040914,1.040914,1.193570,0.962725,0.494293,1.198125,2.969666,0.000000,365
instrument,crypto,DOGE,10,fixed,5y,1826,-0.099602,-0.366294,-0.400984,-0.537236,0.929035,0.988462,0.465205,0.944002,-0.819283,124.400000,365
instrument,crypto,DOGE,10,fixed,3y,1096,0.263062,-0.015465,-0.141229,-0.333282,0.887961,0.849078,0.473059,0.997580,-0.026799,122.000000,365
instrument,crypto,DOGE,10,fixed,1y,366,-0.401595,-0.664426,-0.466141,-0.571263,0.791142,0.794372,0.493151,0.916604,-0.665336,104.000000,365
instrument,crypto,DOGE,10,fixed,IS,1789,-0.113766,-0.233331,,,2.080311,11.168058,0.460067,0.934242,-0.516572,124.728747,365
instrument,crypto,DOGE,10,fixed,OOS,768,0.583035,0.335221,0.135808,-0.092842,0.894611,0.849078,0.487614,1.052877,0.486256,107.548892,365
instrument,crypto,DOGE,10,fixed,full,2557,-0.005554,-0.138039,,,1.807725,11.168058,0.468185,0.964122,-0.365360,119.810250,365
instrument,crypto,DOGE,10,vol,5y,1826,0.179977,-0.113803,0.016273,-0.031607,0.164346,0.333863,0.465205,0.981929,-0.254541,24.012380,365
instrument,crypto,DOGE,10,vol,3y,1096,0.567543,0.252952,0.082057,0.028456,0.163602,0.202736,0.473059,1.038196,0.438325,25.102084,365
instrument,crypto,DOGE,10,vol,1y,366,0.101826,-0.183233,0.003985,-0.038900,0.152846,0.202736,0.493151,0.980995,-0.183484,21.462890,365
instrument,crypto,DOGE,10,vol,IS,1789,0.064475,-0.163953,-0.008696,-0.055208,0.209533,0.344424,0.460069,0.967067,-0.362977,23.904253,365
instrument,crypto,DOGE,10,vol,OOS,768,0.808900,0.545786,0.120349,0.076087,0.156826,0.202736,0.487614,1.085314,0.791693,19.925786,365
instrument,crypto,DOGE,10,vol,full,2557,0.243146,0.008569,0.028418,-0.017552,0.195194,0.344424,0.468349,1.001686,0.022681,22.744908,365
instrument,crypto,DOGE,20,fixed,5y,1826,0.573727,0.427165,0.119097,-0.024602,0.924432,0.877295,0.498082,1.066355,0.955432,66.400000,365
instrument,crypto,DOGE,20,fixed,3y,1096,1.130020,0.990285,0.845941,0.633524,0.882286,0.717212,0.511416,1.159299,1.716006,59.333333,365
instrument,crypto,DOGE,20,fixed,1y,366,0.207862,0.024181,-0.132290,-0.252008,0.788400,0.660818,0.504110,1.012199,0.024214,72.000000,365
instrument,crypto,DOGE,20,fixed,IS,1789,0.222170,0.158770,,,2.078277,22.093452,0.490662,1.047896,0.351502,65.528523,365
instrument,crypto,DOGE,20,fixed,OOS,768,1.036896,0.896929,0.704225,0.505625,0.889786,0.660818,0.508475,1.143501,1.301045,59.960887,365
instrument,crypto,DOGE,20,fixed,full,2557,0.331989,0.260656,,,1.805309,23.439170,0.495858,1.072136,0.689901,63.832160,365
instrument,crypto,DOGE,20,vol,5y,1826,0.705053,0.541165,0.106862,0.078152,0.163663,0.206817,0.498082,1.087335,1.210414,13.068108,365
instrument,crypto,DOGE,20,vol,3y,1096,1.313231,1.157401,0.220470,0.191160,0.162543,0.156205,0.511416,1.188735,2.005592,12.095777,365
instrument,crypto,DOGE,20,vol,1y,366,0.549551,0.364962,0.074350,0.044990,0.152143,0.156205,0.504110,1.061237,0.365462,13.821898,365
instrument,crypto,DOGE,20,vol,IS,1789,0.589278,0.458254,0.105727,0.076208,0.209043,0.226078,0.491319,1.099081,1.014530,13.445957,365
instrument,crypto,DOGE,20,vol,OOS,768,1.201521,1.052447,0.190612,0.164178,0.155964,0.156205,0.508475,1.169145,1.526633,11.184189,365
instrument,crypto,DOGE,20,vol,full,2557,0.732004,0.597744,0.130566,0.101908,0.194604,0.226078,0.496394,1.119695,1.582101,12.762759,365
instrument,crypto,DOGE,40,fixed,5y,1826,0.125732,0.009237,-0.262754,-0.340354,0.923951,0.935915,0.489863,0.999959,0.020660,53.600000,365
instrument,crypto,DOGE,40,fixed,3y,1096,0.479587,0.347733,0.038647,-0.077232,0.883345,0.744226,0.503196,1.053703,0.602566,57.333333,365
instrument,crypto,DOGE,40,fixed,1y,366,0.182381,0.009016,-0.156159,-0.266564,0.787847,0.514478,0.526027,1.009995,0.009028,68.000000,365
instrument,crypto,DOGE,40,fixed,IS,1789,0.884915,0.844267,0.922612,0.763738,2.073805,0.943998,0.489130,1.285049,1.869126,41.440157,365
instrument,crypto,DOGE,40,fixed,OOS,768,0.496856,0.355750,0.051263,-0.074599,0.890342,0.744226,0.504563,1.056193,0.516034,60.912647,365
instrument,crypto,DOGE,40,fixed,full,2557,0.786157,0.732545,0.603782,0.453129,1.802084,0.955829,0.493641,1.217522,1.938891,47.552817,365
instrument,crypto,DOGE,40,vol,5y,1826,0.303057,0.167669,0.036824,0.014230,0.163483,0.240736,0.489863,1.025839,0.375022,10.963277,365
instrument,crypto,DOGE,40,vol,3y,1096,0.685495,0.533019,0.102897,0.076332,0.162771,0.157903,0.503196,1.083578,0.923638,12.133177,365
instrument,crypto,DOGE,40,vol,1y,366,0.257732,0.064866,0.027927,-0.001726,0.152376,0.102469,0.526027,1.016252,0.064954,14.588838,365
instrument,crypto,DOGE,40,vol,IS,1789,0.880655,0.794083,0.176416,0.155772,0.208571,0.240736,0.489005,1.178178,1.758022,8.804217,365
instrument,crypto,DOGE,40,vol,OOS,768,0.614334,0.453776,0.087014,0.060480,0.156244,0.157903,0.504563,1.071007,0.658227,12.164835,365
instrument,crypto,DOGE,40,vol,full,2557,0.809713,0.705897,0.148818,0.126284,0.194323,0.240736,0.493590,1.142932,1.868359,9.853079,365
instrument,crypto,DOGE,60,fixed,5y,1826,-0.150727,-0.245275,-0.429303,-0.479521,0.923949,0.984007,0.489863,0.961544,-0.548603,44.000000,365
instrument,crypto,DOGE,60,fixed,3y,1096,0.398845,0.312822,-0.032691,-0.105114,0.882816,0.823932,0.515068,1.048276,0.542071,37.333333,365
instrument,crypto,DOGE,60,fixed,1y,366,0.115935,0.024096,-0.199179,-0.256694,0.785638,0.575516,0.526027,1.012241,0.024129,36.000000,365
instrument,crypto,DOGE,60,fixed,IS,1789,0.541264,0.495719,-0.058115,-0.145794,2.074854,0.990426,0.465856,1.159135,1.097474,46.747763,365
instrument,crypto,DOGE,60,fixed,OOS,768,0.758602,0.696494,0.325276,0.253466,0.888350,0.823932,0.525424,1.105859,1.010303,26.649283,365
instrument,crypto,DOGE,60,fixed,full,2557,0.548116,0.502380,0.043620,-0.041513,1.802332,0.990904,0.484375,1.145031,1.329693,40.698357,365
instrument,crypto,DOGE,60,vol,5y,1826,-0.034019,-0.145056,-0.018556,-0.036379,0.163583,0.376279,0.489863,0.977057,-0.324445,9.100529,365
instrument,crypto,DOGE,60,vol,3y,1096,0.447442,0.340826,0.061185,0.043158,0.162784,0.220518,0.515068,1.052970,0.590598,8.507388,365
instrument,crypto,DOGE,60,vol,1y,366,0.132380,0.021658,0.008619,-0.008206,0.151821,0.125888,0.526027,1.009939,0.021688,8.390218,365
instrument,crypto,DOGE,60,vol,IS,1789,0.245913,0.147167,0.030876,0.009846,0.208926,0.380553,0.465856,1.030918,0.325814,10.238416,365
instrument,crypto,DOGE,60,vol,OOS,768,0.821422,0.742327,0.122513,0.109105,0.155835,0.220518,0.525424,1.113332,1.076786,5.978607,365
instrument,crypto,DOGE,60,vol,full,2557,0.382541,0.289255,0.057584,0.038687,0.194489,0.380553,0.484375,1.056333,0.765596,8.956905,365
instrument,crypto,DOGE,120,fixed,5y,1826,0.326081,0.289932,-0.113027,-0.143075,0.921528,0.849587,0.496438,1.047217,0.648485,16.400000,365
instrument,crypto,DOGE,120,fixed,3y,1096,0.663381,0.635346,0.218685,0.188653,0.880159,0.743690,0.510502,1.100117,1.100953,12.000000,365
instrument,crypto,DOGE,120,fixed,1y,366,0.817196,0.796290,0.387679,0.365120,0.782412,0.512595,0.547945,1.132455,0.797380,8.000000,365
instrument,crypto,DOGE,120,fixed,IS,1789,0.847576,0.825264,0.779845,0.697221,2.070277,0.935869,0.483213,1.285539,1.827056,22.659396,365
instrument,crypto,DOGE,120,fixed,OOS,768,0.503006,0.487739,0.053188,0.038812,0.886632,0.743690,0.521512,1.076621,0.707492,6.662321,365
instrument,crypto,DOGE,120,fixed,full,2557,0.757036,0.736814,0.520334,0.464546,1.798626,0.935869,0.495074,1.223403,1.950189,17.850156,365
instrument,crypto,DOGE,120,vol,5y,1826,0.469179,0.414993,0.065195,0.055956,0.163161,0.193168,0.496438,1.067562,0.928206,4.322248,365
instrument,crypto,DOGE,120,vol,3y,1096,0.762224,0.710211,0.116631,0.107557,0.162397,0.158438,0.510502,1.112985,1.230683,4.041184,365
instrument,crypto,DOGE,120,vol,1y,366,1.116740,1.085886,0.170257,0.164892,0.151080,0.100099,0.547945,1.178182,1.087373,2.298534,365
instrument,crypto,DOGE,120,vol,IS,1789,0.716272,0.653444,0.135530,0.121201,0.206455,0.248304,0.483213,1.148828,1.446662,6.296282,365
instrument,crypto,DOGE,120,vol,OOS,768,0.668578,0.642050,0.096196,0.091730,0.155503,0.158438,0.521512,1.100781,0.931329,2.035426,365
instrument,crypto,DOGE,120,vol,full,2557,0.699569,0.645952,0.123570,0.112266,0.192545,0.248304,0.495074,1.132642,1.709696,5.015999,365
instrument,crypto,DOGE,180,fixed,5y,1826,-0.167533,-0.202851,-0.444829,-0.463511,0.921429,0.984484,0.486575,0.970683,-0.453712,16.400000,365
instrument,crypto,DOGE,180,fixed,3y,1096,0.151451,0.130140,-0.223419,-0.238286,0.880342,0.878092,0.491324,1.020008,0.225512,9.333333,365
instrument,crypto,DOGE,180,fixed,1y,366,-0.082234,-0.102524,-0.314856,-0.326139,0.783382,0.611334,0.534247,0.993814,-0.102664,8.000000,365
instrument,crypto,DOGE,180,fixed,IS,1789,0.703019,0.685572,0.305315,0.257581,2.068671,0.976057,0.479478,1.235512,1.517790,17.760067,365
instrument,crypto,DOGE,180,fixed,OOS,768,-0.186752,-0.205925,-0.428978,-0.438966,0.886997,0.878092,0.492829,0.972089,-0.298705,8.565841,365
instrument,crypto,DOGE,180,fixed,full,2557,0.538390,0.521489,0.018287,-0.013156,1.797537,0.991447,0.483586,1.154888,1.380270,14.994131,365
instrument,crypto,DOGE,180,vol,5y,1826,-0.152367,-0.197751,-0.037388,-0.044572,0.163057,0.385827,0.486575,0.970220,-0.442306,3.723499,365
instrument,crypto,DOGE,180,vol,3y,1096,0.102870,0.064482,0.003564,-0.002687,0.162317,0.252462,0.491324,1.010253,0.111738,3.101130,365
instrument,crypto,DOGE,180,vol,1y,366,0.217597,0.187102,0.021712,0.017013,0.151370,0.136144,0.534247,1.034407,0.187358,2.301504,365
instrument,crypto,DOGE,180,vol,IS,1789,0.484590,0.438614,0.082093,0.072058,0.204551,0.366129,0.479478,1.099980,0.971050,4.626708,365
instrument,crypto,DOGE,180,vol,OOS,768,-0.123047,-0.153911,-0.030726,-0.035396,0.155604,0.252462,0.492829,0.979346,-0.223256,2.407443,365
instrument,crypto,DOGE,180,vol,full,2557,0.332611,0.290743,0.046893,0.038584,0.191161,0.385827,0.483586,1.058532,0.769535,3.959714,365
instrument,crypto,DOGE,250,fixed,5y,1826,0.283316,0.250913,-0.153082,-0.178479,0.920831,0.936189,0.502466,1.040913,0.561212,14.800000,365
instrument,crypto,DOGE,250,fixed,3y,1096,0.797968,0.773264,0.378262,0.348609,0.879385,0.696535,0.506849,1.123025,1.339943,10.666667,365
instrument,crypto,DOGE,250,fixed,1y,366,1.280775,1.254959,1.003264,0.963509,0.781052,0.399816,0.558904,1.190228,1.256677,8.000000,365
instrument,crypto,DOGE,250,fixed,IS,1789,0.772879,0.756190,0.536129,0.483331,2.056047,0.967403,0.482759,1.274181,1.674132,16.943512,365
instrument,crypto,DOGE,250,fixed,OOS,768,0.787672,0.772538,0.364592,0.346423,0.885857,0.696535,0.520209,1.122727,1.120609,6.662321,365
instrument,crypto,DOGE,250,fixed,full,2557,0.739475,0.723781,0.482457,0.440809,1.786915,0.967403,0.495011,1.227903,1.915693,13.851721,365
instrument,crypto,DOGE,250,vol,5y,1826,0.215186,0.166283,0.021985,0.013883,0.162995,0.410233,0.502466,1.026881,0.371922,3.963496,365
instrument,crypto,DOGE,250,vol,3y,1096,0.837619,0.795794,0.130344,0.122825,0.162042,0.162332,0.506849,1.127178,1.378985,3.325518,365
instrument,crypto,DOGE,250,vol,1y,366,1.503113,1.467695,0.240218,0.233609,0.150800,0.084642,0.558904,1.228795,1.469705,2.379028,365
instrument,crypto,DOGE,250,vol,IS,1789,0.547452,0.497845,0.093499,0.082909,0.197701,0.410233,0.482759,1.118991,1.102181,4.846275,365
instrument,crypto,DOGE,250,vol,OOS,768,1.028859,1.002840,0.159216,0.154527,0.155276,0.140232,0.520209,1.160679,1.454674,2.028391,365
instrument,crypto,DOGE,250,vol,full,2557,0.665409,0.621836,0.112836,0.103940,0.185953,0.410233,0.495011,1.132327,1.645866,3.999563,365
instrument,crypto,DOGE,composite,fixed,5y,1826,0.378628,0.268341,0.045338,-0.025057,0.628387,0.803612,0.493488,1.057600,0.600192,34.400000,365
instrument,crypto,DOGE,composite,fixed,3y,1096,1.024046,0.933664,0.577399,0.489076,0.642559,0.551206,0.515078,1.199385,1.617891,28.500000,365
instrument,crypto,DOGE,composite,fixed,1y,366,0.856907,0.745117,0.375270,0.293267,0.553332,0.302154,0.555556,1.147713,0.746137,30.000000,365
instrument,crypto,DOGE,composite,fixed,IS,1789,0.878660,0.830947,0.680259,0.572583,1.380769,0.889709,0.461728,1.309909,1.839636,32.764262,365
instrument,crypto,DOGE,composite,fixed,OOS,768,1.149042,1.066781,0.666538,0.587688,0.595533,0.451514,0.532609,1.231652,1.547424,24.031943,365
instrument,crypto,DOGE,composite,fixed,full,2557,0.878435,0.827889,0.676126,0.577105,1.200103,0.889709,0.483597,1.290149,2.191247,30.131064,365
instrument,crypto,DOGE,composite,vol,5y,1826,0.491888,0.366818,0.050081,0.035572,0.112493,0.238269,0.493488,1.078613,0.820455,6.937779,365
instrument,crypto,DOGE,composite,vol,3y,1096,1.141801,1.032928,0.137544,0.123312,0.119475,0.094419,0.515078,1.224146,1.789900,6.275870,365
instrument,crypto,DOGE,composite,vol,1y,366,1.151466,1.037103,0.126087,0.112453,0.108424,0.059621,0.555556,1.207354,1.038523,6.023397,365
instrument,crypto,DOGE,composite,vol,IS,1789,0.693707,0.597587,0.094308,0.079366,0.144889,0.243029,0.461728,1.177648,1.323001,6.854607,365
instrument,crypto,DOGE,composite,vol,OOS,768,1.374027,1.284389,0.149048,0.138443,0.105254,0.066537,0.532609,1.286063,1.863076,4.636002,365
instrument,crypto,DOGE,composite,vol,full,2557,0.847838,0.753938,0.110470,0.096781,0.134205,0.243029,0.483597,1.208457,1.995514,6.186555,365
instrument,crypto,DOGE,buyhold,long1x,5y,1826,0.205312,0.205312,-0.201670,-0.201670,0.919983,0.845935,0.486575,1.033652,0.459218,0.000000,365
instrument,crypto,DOGE,buyhold,long1x,3y,1096,0.492155,0.492155,0.053168,0.053168,0.879346,0.845935,0.483105,1.076058,0.852826,0.000000,365
instrument,crypto,DOGE,buyhold,long1x,1y,366,-0.589317,-0.589317,-0.536560,-0.536560,0.782266,0.751285,0.452055,0.910056,-0.590124,0.000000,365
instrument,crypto,DOGE,buyhold,long1x,IS,1789,0.946705,0.946705,1.174752,1.174752,2.073859,0.922585,0.492170,1.321249,2.095913,0.000000,365
instrument,crypto,DOGE,buyhold,long1x,OOS,768,0.026239,0.026239,-0.305693,-0.305693,0.886484,0.845935,0.471969,1.005882,0.038062,0.000000,365
instrument,crypto,DOGE,buyhold,long1x,full,2557,0.766237,0.766237,0.543397,0.543397,1.801829,0.922585,0.485915,1.226981,2.028065,0.000000,365
instrument,crypto,LTC,10,fixed,5y,1826,-0.076319,-0.349980,-0.293325,-0.431845,0.768988,0.958846,0.477808,0.949248,-0.782793,105.600000,365
instrument,crypto,LTC,10,fixed,3y,1096,0.102661,-0.180565,-0.154903,-0.310330,0.699009,0.754421,0.490411,0.970935,-0.312890,98.666667,365
instrument,crypto,LTC,10,fixed,1y,366,-0.692987,-1.000655,-0.480705,-0.581284,0.650607,0.700849,0.504110,0.856281,-1.002024,104.000000,365
instrument,crypto,LTC,10,fixed,IS,1789,0.152937,-0.082074,-0.229954,-0.381602,0.906171,0.951704,0.464567,0.987530,-0.181704,105.947987,365
instrument,crypto,LTC,10,fixed,OOS,768,0.015836,-0.262758,-0.219005,-0.365825,0.723793,0.700849,0.494133,0.960474,-0.381145,99.934811,365
instrument,crypto,LTC,10,fixed,full,2557,0.117452,-0.127616,-0.226682,-0.376905,0.855353,0.978346,0.473684,0.980632,-0.337773,104.387715,365
instrument,crypto,LTC,10,vol,5y,1826,0.024631,-0.269275,-0.008859,-0.055294,0.162378,0.320267,0.477808,0.960324,-0.602283,23.852526,365
instrument,crypto,LTC,10,vol,3y,1096,0.237581,-0.070797,0.025453,-0.023945,0.160577,0.199131,0.490411,0.988038,-0.122680,24.549711,365
instrument,crypto,LTC,10,vol,1y,366,-0.216607,-0.534702,-0.047251,-0.096701,0.164788,0.199131,0.504110,0.919941,-0.535434,26.525977,365
instrument,crypto,LTC,10,vol,IS,1789,0.170478,-0.086702,0.014646,-0.026710,0.161849,0.333075,0.467014,0.986718,-0.191951,20.686959,365
instrument,crypto,LTC,10,vol,OOS,768,0.222815,-0.081174,0.023208,-0.026179,0.163112,0.199131,0.494133,0.987211,-0.117748,24.394468,365
instrument,crypto,LTC,10,vol,full,2557,0.186296,-0.085049,0.017210,-0.026551,0.162198,0.333075,0.475561,0.987087,-0.225107,21.855439,365
instrument,crypto,LTC,20,fixed,5y,1826,-0.207048,-0.383087,-0.361918,-0.445575,0.765862,0.973894,0.467945,0.943655,-0.856842,68.000000,365
instrument,crypto,LTC,20,fixed,3y,1096,-0.211761,-0.429727,-0.320331,-0.419587,0.696975,0.897783,0.463014,0.934816,-0.744649,76.666667,365
instrument,crypto,LTC,20,fixed,1y,366,-0.074488,-0.325672,-0.227109,-0.347597,0.648706,0.671568,0.506849,0.951144,-0.326118,82.000000,365
instrument,crypto,LTC,20,fixed,IS,1789,0.152185,0.012221,-0.236097,-0.329145,0.899949,0.957914,0.470023,1.001963,0.027057,62.670582,365
instrument,crypto,LTC,20,fixed,OOS,768,-0.097063,-0.278015,-0.279660,-0.371368,0.721551,0.786065,0.475880,0.957917,-0.403276,65.671447,365
instrument,crypto,LTC,20,fixed,full,2557,0.088125,-0.061817,-0.249451,-0.342116,0.850184,0.988035,0.472003,0.990558,-0.163617,63.546557,365
instrument,crypto,LTC,20,vol,5y,1826,-0.078133,-0.287777,-0.025100,-0.057904,0.161801,0.397210,0.467945,0.957272,-0.643665,17.018594,365
instrument,crypto,LTC,20,vol,3y,1096,0.029037,-0.231928,-0.007905,-0.048693,0.160114,0.298375,0.463014,0.964295,-0.401894,20.888905,365
instrument,crypto,LTC,20,vol,1y,366,0.359685,0.088199,0.046307,0.001005,0.164409,0.212934,0.506849,1.014208,0.088320,22.032305,365
instrument,crypto,LTC,20,vol,IS,1789,0.187915,0.011472,0.017446,-0.011075,0.161285,0.302926,0.469907,1.001848,0.025398,14.138816,365
instrument,crypto,LTC,20,vol,OOS,768,0.201128,-0.010932,0.019648,-0.014858,0.162591,0.220125,0.475880,0.997268,-0.015858,17.118898,365
instrument,crypto,LTC,20,vol,full,2557,0.191937,0.004706,0.018107,-0.012213,0.161647,0.399950,0.471955,1.000767,0.012455,15.027641,365
instrument,crypto,LTC,40,fixed,5y,1826,-0.179203,-0.332840,-0.348799,-0.423720,0.765011,0.969520,0.487123,0.950748,-0.744456,59.200000,365
instrument,crypto,LTC,40,fixed,3y,1096,0.053283,-0.117535,-0.184183,-0.277844,0.695453,0.794096,0.489498,0.980313,-0.203670,59.333333,365
instrument,crypto,LTC,40,fixed,1y,366,0.493529,0.317027,0.112128,-0.008330,0.644522,0.489087,0.517808,1.049970,0.317461,56.000000,365
instrument,crypto,LTC,40,fixed,IS,1789,0.276278,0.166161,-0.144959,-0.227557,0.895611,0.936666,0.488558,1.026300,0.367865,48.789150,365
instrument,crypto,LTC,40,fixed,OOS,768,0.057767,-0.109007,-0.195862,-0.289055,0.719622,0.776519,0.494133,0.983009,-0.158121,59.009126,365
instrument,crypto,LTC,40,fixed,full,2557,0.219318,0.095168,-0.160578,-0.246567,0.846483,0.977280,0.490461,1.014924,0.251889,52.122457,365
instrument,crypto,LTC,40,vol,5y,1826,-0.010313,-0.194309,-0.014438,-0.043487,0.161593,0.372196,0.487123,0.970857,-0.434608,14.879763,365
instrument,crypto,LTC,40,vol,3y,1096,0.375130,0.168051,0.048069,0.014214,0.159698,0.170006,0.489498,1.024390,0.291206,16.345720,365
instrument,crypto,LTC,40,vol,1y,366,0.887837,0.664578,0.139926,0.099986,0.163490,0.120006,0.517808,1.109050,0.665488,17.791515,365
instrument,crypto,LTC,40,vol,IS,1789,0.239268,0.095486,0.025837,0.002411,0.161153,0.372196,0.487847,1.015017,0.211397,11.482438,365
instrument,crypto,LTC,40,vol,OOS,768,0.477747,0.273973,0.066112,0.031796,0.162156,0.170006,0.494133,1.041107,0.397413,16.084545,365
instrument,crypto,LTC,40,vol,full,2557,0.311230,0.149355,0.037771,0.011148,0.161425,0.372196,0.489984,1.023249,0.395312,12.922969,365
instrument,crypto,LTC,60,fixed,5y,1826,-0.270720,-0.409134,-0.392573,-0.456442,0.765086,0.980491,0.490411,0.939926,-0.915102,53.600000,365
instrument,crypto,LTC,60,fixed,3y,1096,0.340220,0.206102,-0.004513,-0.094358,0.694487,0.698756,0.502283,1.029892,0.357143,46.000000,365
instrument,crypto,LTC,60,fixed,1y,366,0.680139,0.539842,0.253131,0.144762,0.643944,0.494743,0.531507,1.086913,0.540581,44.000000,365
instrument,crypto,LTC,60,fixed,IS,1789,-0.341356,-0.446006,-0.506755,-0.553599,0.893947,0.991516,0.482060,0.932491,-0.987415,47.564318,365
instrument,crypto,LTC,60,fixed,OOS,768,0.777059,0.657081,0.346589,0.235548,0.717934,0.698756,0.521512,1.105344,0.953132,41.877445,365
instrument,crypto,LTC,60,fixed,full,2557,-0.054253,-0.162433,-0.333089,-0.393932,0.845061,0.992864,0.493990,0.975048,-0.429925,45.839202,365
instrument,crypto,LTC,60,vol,5y,1826,-0.136048,-0.301582,-0.034132,-0.059958,0.161668,0.473270,0.489863,0.955226,-0.674542,13.464582,365
instrument,crypto,LTC,60,vol,3y,1096,0.534487,0.369625,0.074884,0.047363,0.159557,0.189819,0.501370,1.056157,0.640501,12.902914,365
instrument,crypto,LTC,60,vol,1y,366,0.985477,0.796795,0.158092,0.124003,0.163477,0.127173,0.531507,1.132341,0.797886,14.886595,365
instrument,crypto,LTC,60,vol,IS,1789,-0.381237,-0.511843,-0.071257,-0.091090,0.161188,0.519232,0.480324,0.923573,-1.133170,10.716793,365
instrument,crypto,LTC,60,vol,OOS,768,1.049365,0.889250,0.168746,0.139732,0.161795,0.189819,0.521512,1.143800,1.289906,12.519591,365
instrument,crypto,LTC,60,vol,full,2557,0.049776,-0.089881,-0.004874,-0.027163,0.161430,0.519232,0.492788,0.986331,-0.237896,11.253680,365
instrument,crypto,LTC,120,fixed,5y,1826,0.036031,-0.026978,-0.231786,-0.268943,0.762459,0.910165,0.497534,0.995496,-0.060342,24.000000,365
instrument,crypto,LTC,120,fixed,3y,1096,0.231034,0.155387,-0.077058,-0.125079,0.692968,0.719826,0.501370,1.021966,0.269261,26.000000,365
instrument,crypto,LTC,120,fixed,1y,366,0.546566,0.494707,0.149285,0.111156,0.642900,0.587067,0.534247,1.079495,0.495384,16.000000,365
instrument,crypto,LTC,120,fixed,IS,1789,0.387542,0.331669,-0.046971,-0.093565,0.880466,0.889073,0.501799,1.054327,0.734283,24.292506,365
instrument,crypto,LTC,120,fixed,OOS,768,0.159100,0.092378,-0.134644,-0.176174,0.717461,0.716448,0.504563,1.012890,0.133999,23.794003,365
instrument,crypto,LTC,120,fixed,full,2557,0.327106,0.268612,-0.074198,-0.119212,0.834737,0.949080,0.502874,1.043290,0.710958,24.133412,365
instrument,crypto,LTC,120,vol,5y,1826,0.201125,0.122402,0.019603,0.006783,0.160909,0.259770,0.497534,1.018493,0.273773,6.299837,365
instrument,crypto,LTC,120,vol,3y,1096,0.480526,0.391854,0.065727,0.050933,0.158950,0.153799,0.501370,1.059721,0.679021,6.967121,365
instrument,crypto,LTC,120,vol,1y,366,1.151074,1.097345,0.189526,0.179555,0.162548,0.145653,0.534247,1.187309,1.098848,4.194460,365
instrument,crypto,LTC,120,vol,IS,1789,0.421801,0.351841,0.055489,0.043992,0.157653,0.238676,0.501199,1.057112,0.778942,5.456353,365
instrument,crypto,LTC,120,vol,OOS,768,0.487203,0.404761,0.067737,0.053757,0.161556,0.149243,0.504563,1.061386,0.587127,6.563643,365
instrument,crypto,LTC,120,vol,full,2557,0.441833,0.368058,0.059153,0.046915,0.158804,0.259770,0.502463,1.058823,0.974172,5.786591,365
instrument,crypto,LTC,180,fixed,5y,1826,-0.552103,-0.621295,-0.509122,-0.536244,0.763099,0.990480,0.490411,0.910306,-1.389639,27.200000,365
instrument,crypto,LTC,180,fixed,3y,1096,-0.347877,-0.432763,-0.381960,-0.419264,0.693880,0.930810,0.493151,0.934183,-0.749909,30.000000,365
instrument,crypto,LTC,180,fixed,1y,366,-0.760481,-0.878000,-0.503129,-0.542974,0.645241,0.749216,0.512329,0.871911,-0.879202,40.000000,365
instrument,crypto,LTC,180,fixed,IS,1789,-0.190341,-0.241790,-0.421654,-0.448402,0.872571,0.977598,0.489428,0.961517,-0.535299,22.659396,365
instrument,crypto,LTC,180,fixed,OOS,768,-0.743225,-0.837236,-0.546881,-0.578942,0.718531,0.911493,0.495437,0.880261,-1.214457,35.215124,365
instrument,crypto,LTC,180,fixed,full,2557,-0.333230,-0.395905,-0.462525,-0.491375,0.829230,0.996302,0.491582,0.938697,-1.047877,26.418232,365
instrument,crypto,LTC,180,vol,5y,1826,-0.477553,-0.560366,-0.085632,-0.098113,0.161117,0.527435,0.490411,0.918443,-1.253359,6.823033,365
instrument,crypto,LTC,180,vol,3y,1096,-0.319910,-0.419328,-0.061354,-0.076435,0.159350,0.426038,0.493151,0.937126,-0.726629,8.044106,365
instrument,crypto,LTC,180,vol,1y,366,-0.245117,-0.359473,-0.051674,-0.069600,0.163456,0.248353,0.512329,0.944821,-0.359965,9.486096,365
instrument,crypto,LTC,180,vol,IS,1789,-0.224417,-0.291501,-0.045756,-0.055816,0.155584,0.387700,0.488806,0.954200,-0.645355,5.268245,365
instrument,crypto,LTC,180,vol,OOS,768,-0.720890,-0.830449,-0.121128,-0.137303,0.161993,0.408794,0.495437,0.881748,-1.204612,9.219625,365
instrument,crypto,LTC,180,vol,full,2557,-0.377446,-0.457954,-0.069049,-0.081068,0.157519,0.566022,0.491162,0.930441,-1.212108,6.452007,365
instrument,crypto,LTC,250,fixed,5y,1826,-0.616230,-0.700290,-0.532193,-0.563567,0.763694,0.996224,0.480000,0.900395,-1.566326,33.200000,365
instrument,crypto,LTC,250,fixed,3y,1096,-1.468114,-1.590007,-0.714763,-0.740878,0.693949,0.990147,0.461187,0.782594,-2.755230,46.000000,365
instrument,crypto,LTC,250,fixed,1y,366,-0.616627,-0.777518,-0.454154,-0.512083,0.646262,0.791639,0.498630,0.886687,-0.778582,54.000000,365
instrument,crypto,LTC,250,fixed,IS,1789,-0.068741,-0.103477,-0.332955,-0.353049,0.830584,0.942165,0.492848,0.983224,-0.229088,14.493848,365
instrument,crypto,LTC,250,fixed,OOS,768,-1.071509,-1.204313,-0.641471,-0.677164,0.719101,0.945158,0.481095,0.832898,-1.746923,50.443286,365
instrument,crypto,LTC,250,fixed,full,2557,-0.338759,-0.400898,-0.446432,-0.474953,0.798816,0.996559,0.489159,0.937674,-1.061091,25.275822,365
instrument,crypto,LTC,250,vol,5y,1826,-0.621858,-0.723166,-0.106552,-0.121606,0.161286,0.664156,0.479452,0.896422,-1.617492,8.430447,365
instrument,crypto,LTC,250,vol,3y,1096,-1.424278,-1.562027,-0.211748,-0.230385,0.159433,0.629042,0.460274,0.787730,-2.706745,11.865701,365
instrument,crypto,LTC,250,vol,1y,366,0.137234,-0.011259,0.009156,-0.015082,0.163518,0.266277,0.495890,0.998578,-0.011274,12.103823,365
instrument,crypto,LTC,250,vol,IS,1789,-0.219172,-0.267918,-0.042728,-0.049819,0.149203,0.395911,0.492198,0.957139,-0.593144,3.685955,365
instrument,crypto,LTC,250,vol,OOS,768,-0.944840,-1.099597,-0.152199,-0.174360,0.162219,0.453407,0.479791,0.846899,-1.595026,13.152493,365
instrument,crypto,LTC,250,vol,full,2557,-0.449058,-0.532154,-0.077015,-0.089080,0.153232,0.664156,0.488291,0.918820,-1.408499,6.525315,365
instrument,crypto,LTC,composite,fixed,5y,1826,-0.353136,-0.502833,-0.305551,-0.363658,0.571262,0.942381,0.478201,0.918770,-1.124677,43.100000,365
instrument,crypto,LTC,composite,fixed,3y,1096,-0.361991,-0.535797,-0.282522,-0.346743,0.528853,0.824535,0.473246,0.906269,-0.928451,46.333333,365
instrument,crypto,LTC,composite,fixed,1y,366,0.159102,-0.018487,-0.062893,-0.150298,0.542154,0.549690,0.534375,1.002368,-0.018513,48.000000,365
instrument,crypto,LTC,composite,fixed,IS,1789,-0.046729,-0.152512,-0.212837,-0.265313,0.641656,0.913244,0.479508,0.976033,-0.337647,33.989094,365
instrument,crypto,LTC,composite,fixed,OOS,768,-0.073951,-0.228566,-0.182399,-0.251517,0.561544,0.659228,0.494290,0.963581,-0.331548,43.543025,365
instrument,crypto,LTC,composite,fixed,full,2557,-0.054067,-0.173007,-0.203816,-0.261196,0.618576,0.966073,0.484733,0.972762,-0.457912,36.842723,365
instrument,crypto,LTC,composite,vol,5y,1826,-0.218839,-0.395342,-0.031723,-0.051612,0.116794,0.396734,0.478201,0.938271,-0.884254,10.357278,365
instrument,crypto,LTC,composite,vol,3y,1096,-0.128605,-0.332519,-0.021446,-0.044539,0.116583,0.273437,0.473246,0.946080,-0.576202,11.923958,365
instrument,crypto,LTC,composite,vol,1y,366,0.762827,0.580953,0.101909,0.074492,0.140719,0.149572,0.534375,1.122527,0.581749,12.589454,365
instrument,crypto,LTC,composite,vol,IS,1789,-0.091272,-0.225025,-0.015936,-0.030398,0.110205,0.303820,0.478689,0.964216,-0.498183,7.388585,365
instrument,crypto,LTC,composite,vol,OOS,768,0.256342,0.075817,0.024468,0.001671,0.124970,0.156151,0.494290,1.021567,0.109977,11.239248,365
instrument,crypto,LTC,composite,vol,full,2557,0.022462,-0.126328,-0.003971,-0.020875,0.114817,0.396734,0.484188,0.983213,-0.334363,8.541244,365
instrument,crypto,LTC,buyhold,long1x,5y,1826,0.082937,0.082937,-0.203134,-0.203134,0.760566,0.853051,0.509589,1.013026,0.185503,0.000000,365
instrument,crypto,LTC,buyhold,long1x,3y,1096,-0.019833,-0.019833,-0.224250,-0.224250,0.690990,0.701781,0.505936,0.995001,-0.034367,0.000000,365
instrument,crypto,LTC,buyhold,long1x,1y,366,-0.722372,-0.722372,-0.489099,-0.489099,0.640093,0.688090,0.473973,0.894176,-0.723361,0.000000,365
instrument,crypto,LTC,buyhold,long1x,IS,1789,0.378499,0.378499,-0.071865,-0.071865,0.905118,0.887954,0.515101,1.059944,0.837960,0.000000,365
instrument,crypto,LTC,buyhold,long1x,OOS,768,-0.055007,-0.055007,-0.257414,-0.257414,0.715317,0.701781,0.501956,0.990616,-0.079791,0.000000,365
instrument,crypto,LTC,buyhold,long1x,full,2557,0.267307,0.267307,-0.132004,-0.132004,0.852473,0.894287,0.511346,1.041975,0.707504,0.000000,365
instrument,crypto,LINK,10,fixed,5y,1826,-0.067492,-0.321270,-0.365576,-0.499765,0.898661,0.979238,0.484384,0.955808,-0.718578,114.400000,365
instrument,crypto,LINK,10,fixed,3y,1096,-0.209133,-0.468535,-0.419137,-0.540833,0.865723,0.946503,0.471233,0.934163,-0.811896,112.666667,365
instrument,crypto,LINK,10,fixed,1y,366,-0.510281,-0.801286,-0.498956,-0.605863,0.777907,0.784707,0.484932,0.887602,-0.802383,116.000000,365
instrument,crypto,LINK,10,fixed,IS,1789,0.175292,-0.033831,-0.318252,-0.460423,1.081576,0.975786,0.469629,0.995098,-0.074899,112.480425,365
instrument,crypto,LINK,10,fixed,OOS,768,-0.218688,-0.462105,-0.434963,-0.549022,0.882290,0.873186,0.488918,0.937266,-0.670309,108.500652,365
instrument,crypto,LINK,10,fixed,full,2557,0.073047,-0.144353,-0.355637,-0.488723,1.025664,0.994613,0.475255,0.979062,-0.382071,111.242175,365
instrument,crypto,LINK,10,vol,5y,1826,0.092169,-0.178693,0.002188,-0.040066,0.158614,0.280064,0.484384,0.974943,-0.399679,21.416625,365
instrument,crypto,LINK,10,vol,3y,1096,0.011386,-0.263653,-0.010746,-0.053806,0.160877,0.279314,0.471233,0.961920,-0.456869,21.969811,365
instrument,crypto,LINK,10,vol,1y,366,-0.215222,-0.527337,-0.043522,-0.089222,0.154598,0.204740,0.484932,0.924016,-0.528059,24.395131,365
instrument,crypto,LINK,10,vol,IS,1789,0.275377,0.041143,0.031832,-0.006317,0.161501,0.221592,0.468750,1.006129,0.091086,18.735885,365
instrument,crypto,LINK,10,vol,OOS,768,-0.034999,-0.300578,-0.017538,-0.058290,0.158257,0.204740,0.488918,0.959801,-0.436005,21.071840,365
instrument,crypto,LINK,10,vol,full,2557,0.183641,-0.060049,0.016748,-0.022222,0.160508,0.284708,0.474760,0.991303,-0.158938,19.429605,365
instrument,crypto,LINK,20,fixed,5y,1826,-0.350621,-0.539033,-0.506701,-0.587009,0.895964,0.993291,0.486575,0.925633,-1.205644,85.600000,365
instrument,crypto,LINK,20,fixed,3y,1096,-0.196141,-0.399661,-0.411517,-0.510339,0.863742,0.950943,0.488584,0.943199,-0.692549,88.666667,365
instrument,crypto,LINK,20,fixed,1y,366,-0.538461,-0.770195,-0.505986,-0.591321,0.775241,0.767706,0.487671,0.898185,-0.771249,92.000000,365
instrument,crypto,LINK,20,fixed,IS,1789,0.673699,0.529539,0.156487,-0.012474,1.076561,0.982294,0.501697,1.081404,1.172347,75.735459,365
instrument,crypto,LINK,20,fixed,OOS,768,-0.422186,-0.602999,-0.524926,-0.598214,0.879338,0.882574,0.478488,0.918262,-0.874683,80.899609,365
instrument,crypto,LINK,20,fixed,full,2557,0.387941,0.234553,-0.114699,-0.246219,1.021505,0.997299,0.494479,1.035238,0.620812,77.255477,365
instrument,crypto,LINK,20,vol,5y,1826,-0.262635,-0.466188,-0.052103,-0.082629,0.158194,0.450693,0.486575,0.935166,-1.042713,16.273473,365
instrument,crypto,LINK,20,vol,3y,1096,-0.051067,-0.265769,-0.020538,-0.053995,0.160533,0.321890,0.488584,0.961257,-0.460536,17.282065,365
instrument,crypto,LINK,20,vol,1y,366,-0.220563,-0.457326,-0.044270,-0.078982,0.154075,0.203200,0.487671,0.939771,-0.457952,18.439858,365
instrument,crypto,LINK,20,vol,IS,1789,0.710141,0.543930,0.106130,0.077536,0.161089,0.328344,0.501157,1.083602,1.204209,13.019699,365
instrument,crypto,LINK,20,vol,OOS,768,-0.299735,-0.497108,-0.057401,-0.086791,0.157716,0.237714,0.478488,0.933001,-0.721083,15.761804,365
instrument,crypto,LINK,20,vol,full,2557,0.411431,0.235824,0.054236,0.025293,0.160102,0.450693,0.493990,1.035155,0.624176,13.837532,365
instrument,crypto,LINK,40,fixed,5y,1826,-0.236485,-0.367683,-0.453285,-0.516440,0.893944,0.993989,0.482192,0.948491,-0.822389,59.200000,365
instrument,crypto,LINK,40,fixed,3y,1096,0.539954,0.416889,0.106331,-0.006040,0.859961,0.757431,0.499543,1.062895,0.722403,52.000000,365
instrument,crypto,LINK,40,fixed,1y,366,1.518598,1.367329,1.393711,1.136253,0.769031,0.455888,0.539726,1.222571,1.369201,56.000000,365
instrument,crypto,LINK,40,fixed,IS,1789,-0.274415,-0.359779,-0.585886,-0.624503,1.072125,0.997924,0.473112,0.947954,-0.796516,46.339485,365
instrument,crypto,LINK,40,fixed,OOS,768,0.735397,0.608881,0.305565,0.167976,0.876143,0.548989,0.511082,1.094721,0.883216,54.250326,365
instrument,crypto,LINK,40,fixed,full,2557,-0.012130,-0.107781,-0.415346,-0.472007,1.017306,0.998815,0.484499,0.984189,-0.285273,48.695227,365
instrument,crypto,LINK,40,vol,5y,1826,-0.156936,-0.306759,-0.036235,-0.059007,0.157799,0.482495,0.481644,0.956786,-0.686122,11.893801,365
instrument,crypto,LINK,40,vol,3y,1096,0.574514,0.432576,0.081999,0.058062,0.159901,0.192458,0.499543,1.065964,0.749585,11.133767,365
instrument,crypto,LINK,40,vol,1y,366,1.539184,1.357706,0.249469,0.216532,0.152973,0.127624,0.539726,1.219311,1.359565,13.343613,365
instrument,crypto,LINK,40,vol,IS,1789,-0.205523,-0.310830,-0.044691,-0.060981,0.160837,0.517432,0.472222,0.955235,-0.688148,8.545509,365
instrument,crypto,LINK,40,vol,OOS,768,0.778658,0.625858,0.115839,0.089877,0.157179,0.127624,0.511082,1.096749,0.907841,11.729241,365
instrument,crypto,LINK,40,vol,full,2557,0.085239,-0.033997,0.000933,-0.018008,0.159756,0.527702,0.483974,0.995073,-0.089984,9.497615,365
instrument,crypto,LINK,60,fixed,5y,1826,0.144207,0.023663,-0.231942,-0.312423,0.893256,0.970355,0.486027,1.002871,0.052926,53.600000,365
instrument,crypto,LINK,60,fixed,3y,1096,0.617986,0.516767,0.183310,0.083963,0.859033,0.669134,0.494064,1.078388,0.895475,42.666667,365
instrument,crypto,LINK,60,fixed,1y,366,1.186936,1.100922,0.858276,0.740909,0.768862,0.265881,0.515068,1.176616,1.102429,32.000000,365
instrument,crypto,LINK,60,fixed,IS,1789,-0.345932,-0.437922,-0.613290,-0.652175,1.069703,0.995324,0.467014,0.936669,-0.969518,50.013982,365
instrument,crypto,LINK,60,fixed,OOS,768,1.086032,0.991824,0.773504,0.634178,0.874324,0.645087,0.509778,1.152303,1.438695,39.973924,365
instrument,crypto,LINK,60,fixed,full,2557,0.026338,-0.066275,-0.388984,-0.446422,1.015316,0.996146,0.480369,0.990226,-0.175415,46.981612,365
instrument,crypto,LINK,60,vol,5y,1826,0.202234,0.061108,0.019660,-0.002752,0.157719,0.361230,0.486027,1.008587,0.136678,11.057551,365
instrument,crypto,LINK,60,vol,3y,1096,0.647232,0.523650,0.094581,0.073508,0.159708,0.167189,0.494064,1.080214,0.907402,9.680727,365
instrument,crypto,LINK,60,vol,1y,366,1.144318,1.026276,0.176865,0.156501,0.153061,0.068819,0.515068,1.162903,1.027681,8.707394,365
instrument,crypto,LINK,60,vol,IS,1789,-0.260167,-0.371824,-0.053012,-0.070163,0.160866,0.399798,0.467014,0.946705,-0.823182,9.081857,365
instrument,crypto,LINK,60,vol,OOS,768,1.154620,1.032441,0.183224,0.161411,0.156813,0.148864,0.509778,1.157796,1.497612,9.276420,365
instrument,crypto,LINK,60,vol,full,2557,0.157478,0.042441,0.012501,-0.005935,0.159718,0.399798,0.480369,1.006268,0.112332,9.136769,365
instrument,crypto,LINK,120,fixed,5y,1826,-0.063701,-0.135192,-0.364038,-0.405045,0.892297,0.971747,0.498630,0.980421,-0.302381,32.000000,365
instrument,crypto,LINK,120,fixed,3y,1096,0.407057,0.356117,-0.017455,-0.060934,0.859363,0.774730,0.513242,1.053635,0.617094,21.333333,365
instrument,crypto,LINK,120,fixed,1y,366,0.933091,0.921995,0.519494,0.506730,0.768067,0.449772,0.542466,1.146792,0.923257,4.000000,365
instrument,crypto,LINK,120,fixed,IS,1789,0.336748,0.266644,-0.191764,-0.251710,1.057260,0.988357,0.497602,1.041537,0.590325,36.540828,365
instrument,crypto,LINK,120,fixed,OOS,768,0.253849,0.220697,-0.146388,-0.171910,0.875312,0.774730,0.512386,1.034814,0.320134,14.276402,365
instrument,crypto,LINK,120,fixed,full,2557,0.313974,0.253762,-0.178395,-0.228586,1.005907,0.989850,0.502053,1.039083,0.671654,29.845462,365
instrument,crypto,LINK,120,vol,5y,1826,0.145166,0.060144,0.010547,-0.002902,0.157490,0.331249,0.498630,1.008459,0.134522,6.659936,365
instrument,crypto,LINK,120,vol,3y,1096,0.610935,0.549724,0.088249,0.077927,0.159652,0.168112,0.513242,1.084443,0.952585,4.724961,365
instrument,crypto,LINK,120,vol,1y,366,1.212414,1.189396,0.189067,0.185019,0.152509,0.087598,0.542466,1.190605,1.191024,1.702760,365
instrument,crypto,LINK,120,vol,IS,1789,0.459353,0.366594,0.061810,0.046534,0.158189,0.382294,0.497602,1.056751,0.811604,7.201881,365
instrument,crypto,LINK,120,vol,OOS,768,0.524949,0.482822,0.072442,0.065504,0.156809,0.168112,0.512386,1.074461,0.700360,3.224307,365
instrument,crypto,LINK,120,vol,full,2557,0.479049,0.401363,0.064992,0.052196,0.157745,0.382294,0.502053,1.061419,1.062323,6.005561,365
instrument,crypto,LINK,180,fixed,5y,1826,-0.908770,-0.996930,-0.700563,-0.725393,0.892592,0.998947,0.478904,0.867897,-2.229814,41.200000,365
instrument,crypto,LINK,180,fixed,3y,1096,-0.187435,-0.253460,-0.409264,-0.443657,0.859528,0.889569,0.487671,0.963359,-0.439205,28.666667,365
instrument,crypto,LINK,180,fixed,1y,366,-0.232389,-0.273101,-0.379481,-0.400143,0.770658,0.584098,0.504110,0.964912,-0.273475,16.000000,365
instrument,crypto,LINK,180,fixed,IS,1789,-0.120575,-0.186736,-0.495545,-0.531280,1.048968,0.998769,0.491915,0.971457,-0.413415,34.907718,365
instrument,crypto,LINK,180,fixed,OOS,768,-0.448102,-0.501233,-0.537247,-0.559690,0.875430,0.878098,0.485007,0.931804,-0.727067,23.794003,365
instrument,crypto,LINK,180,fixed,full,2557,-0.206368,-0.268877,-0.508450,-0.540000,0.999862,0.999591,0.489478,0.959739,-0.711660,31.559077,365
instrument,crypto,LINK,180,vol,5y,1826,-0.731623,-0.836837,-0.119317,-0.134391,0.157603,0.571823,0.478904,0.887017,-1.871737,8.572887,365
instrument,crypto,LINK,180,vol,3y,1096,-0.132058,-0.212452,-0.033104,-0.045609,0.159774,0.262892,0.487671,0.968731,-0.368145,6.465356,365
instrument,crypto,LINK,180,vol,1y,366,0.040430,-0.007754,-0.005442,-0.012790,0.153070,0.124552,0.504110,1.002396,-0.007764,3.690477,365
instrument,crypto,LINK,180,vol,IS,1789,-0.103892,-0.194848,-0.027766,-0.041613,0.155812,0.580655,0.491915,0.970578,-0.431374,7.123930,365
instrument,crypto,LINK,180,vol,OOS,768,-0.352576,-0.418840,-0.065182,-0.075058,0.156953,0.249467,0.485007,0.943494,-0.607550,5.281924,365
instrument,crypto,LINK,180,vol,full,2557,-0.179076,-0.262514,-0.039159,-0.051783,0.156127,0.599295,0.489478,0.961290,-0.694819,6.568478,365
instrument,crypto,LINK,250,fixed,5y,1826,-0.320280,-0.423706,-0.495235,-0.542052,0.893116,0.992067,0.487671,0.941902,-0.947696,46.800000,365
instrument,crypto,LINK,250,fixed,3y,1096,-0.643920,-0.755073,-0.603334,-0.642221,0.860756,0.969883,0.485845,0.896797,-1.308422,49.333333,365
instrument,crypto,LINK,250,fixed,1y,366,-0.323490,-0.491819,-0.419515,-0.493187,0.772994,0.767291,0.512329,0.927976,-0.492493,66.000000,365
instrument,crypto,LINK,250,fixed,IS,1789,0.784530,0.731479,0.330934,0.261450,1.002659,0.942630,0.504551,1.121731,1.619424,25.925615,365
instrument,crypto,LINK,250,fixed,OOS,768,-1.039169,-1.153130,-0.726465,-0.754812,0.876602,0.964435,0.482399,0.847559,-1.672678,52.346806,365
instrument,crypto,LINK,250,fixed,full,2557,0.287329,0.216624,-0.172493,-0.228727,0.967263,0.994714,0.496964,1.033910,0.573357,33.843897,365
instrument,crypto,LINK,250,vol,5y,1826,-0.226811,-0.346341,-0.046781,-0.064822,0.157631,0.466829,0.487671,0.951769,-0.774654,9.503370,365
instrument,crypto,LINK,250,vol,3y,1096,-0.472562,-0.588968,-0.084134,-0.101454,0.159895,0.393625,0.485845,0.918361,-1.020588,9.490356,365
instrument,crypto,LINK,250,vol,1y,366,0.107386,-0.048198,0.004794,-0.018932,0.153383,0.203812,0.512329,0.989643,-0.048264,11.928604,365
instrument,crypto,LINK,250,vol,IS,1789,0.808559,0.726831,0.114737,0.101642,0.148291,0.324851,0.504551,1.119600,1.609134,5.879275,365
instrument,crypto,LINK,250,vol,OOS,768,-0.853850,-0.970549,-0.135677,-0.151941,0.157049,0.374728,0.482399,0.871385,-1.407834,9.454230,365
instrument,crypto,LINK,250,vol,full,2557,0.289094,0.196124,0.032725,0.018395,0.151073,0.466829,0.496964,1.030206,0.519100,6.949822,365
instrument,crypto,LINK,composite,fixed,5y,1826,-0.213647,-0.382918,-0.273593,-0.346360,0.615849,0.907766,0.482877,0.944709,-0.856464,52.300000,365
instrument,crypto,LINK,composite,fixed,3y,1096,0.068429,-0.098770,-0.119268,-0.201281,0.580136,0.660233,0.493007,0.991364,-0.171152,48.500000,365
instrument,crypto,LINK,composite,fixed,1y,366,0.430841,0.264536,0.088605,-0.008512,0.560707,0.399647,0.527076,1.057996,0.264898,46.500000,365
instrument,crypto,LINK,composite,fixed,IS,1789,0.450065,0.340042,0.053715,-0.031402,0.760510,0.937172,0.486122,1.068477,0.752820,41.542226,365
instrument,crypto,LINK,composite,fixed,OOS,768,-0.045380,-0.200136,-0.178825,-0.250657,0.586246,0.574118,0.497345,0.974229,-0.290308,45.446545,365
instrument,crypto,LINK,composite,fixed,full,2557,0.324845,0.204451,-0.022315,-0.103263,0.712604,0.956118,0.489205,1.043717,0.541139,42.697574,365
instrument,crypto,LINK,composite,vol,5y,1826,-0.051919,-0.237133,-0.011254,-0.030805,0.107599,0.280642,0.482877,0.968764,-0.530390,9.976635,365
instrument,crypto,LINK,composite,vol,3y,1096,0.275212,0.097658,0.023876,0.004758,0.106386,0.111848,0.493007,1.025971,0.169226,9.419430,365
instrument,crypto,LINK,composite,vol,1y,366,0.740568,0.577001,0.082041,0.061893,0.115617,0.082021,0.527076,1.118775,0.577791,9.414850,365
instrument,crypto,LINK,composite,vol,IS,1789,0.506029,0.370791,0.051610,0.035903,0.111988,0.287891,0.486122,1.074781,0.820896,7.516103,365
instrument,crypto,LINK,composite,vol,OOS,768,0.196229,0.030613,0.015189,-0.002265,0.104819,0.093346,0.497345,1.016137,0.044406,8.672153,365
instrument,crypto,LINK,composite,vol,full,2557,0.417089,0.273203,0.040536,0.024288,0.109867,0.287891,0.489205,1.057078,0.723111,7.860109,365
instrument,crypto,LINK,buyhold,long1x,5y,1826,0.235857,0.235857,-0.168635,-0.168635,0.889498,0.853055,0.501370,1.034722,0.527538,0.000000,365
instrument,crypto,LINK,buyhold,long1x,3y,1096,0.525984,0.525984,0.093661,0.093661,0.856412,0.754516,0.492237,1.078684,0.911446,0.000000,365
instrument,crypto,LINK,buyhold,long1x,1y,366,-0.271409,-0.271409,-0.396650,-0.396650,0.768323,0.731200,0.473973,0.957957,-0.271781,0.000000,365
instrument,crypto,LINK,buyhold,long1x,IS,1789,0.873451,0.873451,0.419483,0.419483,1.081140,0.901929,0.520694,1.137113,1.933736,0.000000,365
instrument,crypto,LINK,buyhold,long1x,OOS,768,-0.026007,-0.026007,-0.328954,-0.328954,0.873409,0.754516,0.477184,0.998396,-0.037725,0.000000,365
instrument,crypto,LINK,buyhold,long1x,full,2557,0.638994,0.638994,0.133450,0.133450,1.023282,0.901929,0.507433,1.098624,1.691280,0.000000,365
instrument,crypto,DOT,10,fixed,5y,1826,-0.437323,-0.687212,-0.530989,-0.628177,0.872211,0.996928,0.491507,0.902630,-1.537075,111.200000,365
instrument,crypto,DOT,10,fixed,3y,1096,-0.732613,-0.981238,-0.607297,-0.685402,0.821684,0.979872,0.496804,0.864533,-1.700330,105.333333,365
instrument,crypto,DOT,10,fixed,1y,366,-1.972383,-2.235177,-0.876096,-0.904926,0.867141,0.945013,0.504110,0.705109,-2.238237,124.000000,365
instrument,crypto,DOT,10,fixed,IS,1502,-0.394331,-0.619901,-0.611478,-0.697006,1.037974,0.994164,0.479544,0.909414,-1.257508,118.910726,365
instrument,crypto,DOT,10,fixed,OOS,645,-0.754602,-0.987415,-0.659473,-0.729255,0.897147,0.963644,0.503106,0.866536,-1.312602,108.819876,365
instrument,crypto,DOT,10,fixed,full,2147,-0.490585,-0.718013,-0.626567,-0.707078,0.997568,0.999449,0.486423,0.895982,-1.741414,115.827120,365
instrument,crypto,DOT,10,vol,5y,1826,-0.287076,-0.562101,-0.055936,-0.097150,0.159218,0.486612,0.491507,0.920937,-1.257240,22.175449,365
instrument,crypto,DOT,10,vol,3y,1096,-0.419744,-0.690222,-0.077192,-0.117894,0.162539,0.390630,0.496804,0.904789,-1.196046,22.208262,365
instrument,crypto,DOT,10,vol,1y,366,-1.566725,-1.838264,-0.227315,-0.262380,0.158585,0.356777,0.504110,0.752844,-1.840780,22.730572,365
instrument,crypto,DOT,10,vol,IS,1502,-0.333492,-0.599677,-0.062585,-0.102142,0.158651,0.392879,0.483692,0.915109,-1.216483,21.424670,365
instrument,crypto,DOT,10,vol,OOS,645,-0.443673,-0.683532,-0.081026,-0.117226,0.162918,0.356777,0.503106,0.909496,-0.908640,19.966276,365
instrument,crypto,DOT,10,vol,full,2147,-0.367270,-0.625439,-0.068164,-0.106701,0.159907,0.520677,0.489453,0.911100,-1.516892,20.978441,365
instrument,crypto,DOT,20,fixed,5y,1826,0.263422,0.105023,-0.136142,-0.250653,0.869031,0.918958,0.500822,1.017053,0.234904,68.000000,365
instrument,crypto,DOT,20,fixed,3y,1096,0.499475,0.350697,0.076465,-0.049300,0.818051,0.801240,0.509589,1.052613,0.607702,59.333333,365
instrument,crypto,DOT,20,fixed,1y,366,-0.113762,-0.259898,-0.382574,-0.460859,0.867505,0.675087,0.528767,0.962216,-0.260254,64.000000,365
instrument,crypto,DOT,20,fixed,IS,1502,0.825079,0.683403,0.387018,0.198607,1.020947,0.897872,0.493585,1.110909,1.386325,70.276482,365
instrument,crypto,DOT,20,fixed,OOS,645,-0.050060,-0.188878,-0.358056,-0.437524,0.894131,0.790237,0.509317,0.978293,-0.251082,62.344720,365
instrument,crypto,DOT,20,fixed,full,2147,0.585405,0.444224,0.100440,-0.045080,0.984581,0.934060,0.498119,1.070498,1.077388,67.863467,365
instrument,crypto,DOT,20,vol,5y,1826,0.279861,0.098294,0.032182,0.003029,0.158684,0.263954,0.500822,1.014998,0.219852,14.226302,365
instrument,crypto,DOT,20,vol,3y,1096,0.586601,0.419079,0.084716,0.056275,0.161831,0.228084,0.509589,1.062047,0.726197,13.193236,365
instrument,crypto,DOT,20,vol,1y,366,-0.014188,-0.182160,-0.014453,-0.040575,0.158517,0.182948,0.528767,0.974300,-0.182409,13.359058,365
instrument,crypto,DOT,20,vol,IS,1502,0.606967,0.435034,0.086443,0.057882,0.157980,0.263954,0.490632,1.066505,0.882495,13.239469,365
instrument,crypto,DOT,20,vol,OOS,645,-0.070411,-0.227726,-0.023998,-0.048928,0.162479,0.182948,0.509317,0.974689,-0.302724,12.842219,365
instrument,crypto,DOT,20,vol,full,2147,0.399587,0.232002,0.052012,0.024591,0.159327,0.263954,0.496165,1.035141,0.562679,13.115496,365
instrument,crypto,DOT,40,fixed,5y,1826,0.400937,0.303169,-0.028639,-0.109315,0.866180,0.894146,0.502466,1.047086,0.678091,41.600000,365
instrument,crypto,DOT,40,fixed,3y,1096,0.280925,0.165213,-0.103296,-0.186218,0.816185,0.894146,0.509589,1.026068,0.286289,46.666667,365
instrument,crypto,DOT,40,fixed,1y,366,-1.261841,-1.391378,-0.773256,-0.800123,0.864080,0.854122,0.512329,0.806141,-1.393283,60.000000,365
instrument,crypto,DOT,40,fixed,IS,1502,0.973535,0.895051,0.628716,0.503946,1.012729,0.757718,0.491444,1.149128,1.815667,38.177881,365
instrument,crypto,DOT,40,fixed,OOS,645,-0.109635,-0.218261,-0.396228,-0.454817,0.891324,0.894146,0.512422,0.974340,-0.290141,47.608696,365
instrument,crypto,DOT,40,fixed,full,2147,0.675649,0.588641,0.208851,0.108768,0.977993,0.894146,0.497626,1.095088,1.427645,41.330382,365
instrument,crypto,DOT,40,vol,5y,1826,0.330531,0.209122,0.040418,0.020779,0.158258,0.316343,0.502466,1.031507,0.467738,9.460145,365
instrument,crypto,DOT,40,vol,3y,1096,0.376387,0.239381,0.048682,0.025941,0.161646,0.316343,0.509589,1.037611,0.414810,10.885609,365
instrument,crypto,DOT,40,vol,1y,366,-1.283491,-1.430847,-0.192444,-0.212538,0.158124,0.281178,0.512329,0.802641,-1.432805,12.520111,365
instrument,crypto,DOT,40,vol,IS,1502,0.763613,0.658843,0.113440,0.095726,0.157549,0.230372,0.492019,1.102490,1.336504,7.964926,365
instrument,crypto,DOT,40,vol,OOS,645,-0.147237,-0.279812,-0.036079,-0.056909,0.162229,0.316343,0.512422,0.967481,-0.371963,10.581285,365
instrument,crypto,DOT,40,vol,full,2147,0.484649,0.371005,0.066235,0.047442,0.158971,0.316343,0.498082,1.056817,0.899807,8.827047,365
instrument,crypto,DOT,60,fixed,5y,1826,0.398205,0.324816,-0.031480,-0.092455,0.865206,0.800037,0.510685,1.050476,0.726511,31.200000,365
instrument,crypto,DOT,60,fixed,3y,1096,0.576607,0.499487,0.139532,0.069288,0.814290,0.754939,0.527854,1.078721,0.865531,30.666667,365
instrument,crypto,DOT,60,fixed,1y,366,0.353764,0.287983,-0.090945,-0.142503,0.862115,0.600748,0.564384,1.048441,0.288377,28.000000,365
instrument,crypto,DOT,60,fixed,IS,1502,0.601760,0.536878,0.110546,0.038371,1.010238,0.892444,0.488550,1.087674,1.089091,31.855430,365
instrument,crypto,DOT,60,fixed,OOS,645,0.749552,0.681273,0.293538,0.216694,0.888386,0.754939,0.541925,1.101480,0.905638,29.472050,365
instrument,crypto,DOT,60,fixed,full,2147,0.641369,0.575633,0.162618,0.089005,0.975029,0.905912,0.505273,1.093491,1.396096,31.125349,365
instrument,crypto,DOT,60,vol,5y,1826,0.362060,0.268168,0.045592,0.030340,0.158045,0.243156,0.510685,1.040445,0.599807,7.294625,365
instrument,crypto,DOT,60,vol,3y,1096,0.563219,0.464856,0.080604,0.063921,0.161342,0.212128,0.527854,1.072855,0.805523,7.722296,365
instrument,crypto,DOT,60,vol,1y,366,0.349133,0.271183,0.043332,0.030694,0.157712,0.144394,0.564384,1.045411,0.271554,6.064988,365
instrument,crypto,DOT,60,vol,IS,1502,0.357166,0.268178,0.044725,0.030320,0.157568,0.243156,0.488550,1.040550,0.544015,6.892198,365
instrument,crypto,DOT,60,vol,OOS,645,0.793784,0.705086,0.121653,0.106145,0.161672,0.212128,0.541925,1.103178,0.937293,6.914611,365
instrument,crypto,DOT,60,vol,full,2147,0.490787,0.401850,0.067264,0.052536,0.158783,0.243156,0.505273,1.061736,0.974617,6.897121,365
instrument,crypto,DOT,120,fixed,5y,1826,-0.084692,-0.127078,-0.361472,-0.385518,0.864278,0.975749,0.511233,0.982985,-0.284233,18.400000,365
instrument,crypto,DOT,120,fixed,3y,1096,0.238057,0.194982,-0.132285,-0.163069,0.813702,0.826478,0.528767,1.030660,0.337873,17.333333,365
instrument,crypto,DOT,120,fixed,1y,366,0.945165,0.906426,0.531538,0.481539,0.860261,0.415281,0.567123,1.154945,0.907666,16.000000,365
instrument,crypto,DOT,120,fixed,IS,1502,0.022566,-0.020009,-0.374097,-0.401663,0.994437,0.977223,0.490224,0.996870,-0.040589,21.155896,365
instrument,crypto,DOT,120,fixed,OOS,645,0.355229,0.329334,-0.084296,-0.105584,0.887480,0.749080,0.537267,1.044122,0.437794,11.335404,365
instrument,crypto,DOT,120,fixed,full,2147,0.114697,0.076695,-0.298302,-0.324855,0.963377,0.990541,0.505429,1.012246,0.186009,18.198975,365
instrument,crypto,DOT,120,vol,5y,1826,-0.159501,-0.221529,-0.036785,-0.046311,0.157819,0.397868,0.511233,0.968876,-0.495490,4.934209,365
instrument,crypto,DOT,120,vol,3y,1096,0.192507,0.130543,0.018185,0.008086,0.161101,0.277004,0.528767,1.021094,0.226210,4.948337,365
instrument,crypto,DOT,120,vol,1y,366,1.005063,0.946818,0.156533,0.146348,0.157331,0.096960,0.567123,1.160993,0.948114,4.406521,365
instrument,crypto,DOT,120,vol,IS,1502,-0.279365,-0.343738,-0.053396,-0.062993,0.154540,0.409650,0.490224,0.949286,-0.697293,5.054321,365
instrument,crypto,DOT,120,vol,OOS,645,0.381506,0.340228,0.049686,0.042773,0.161358,0.199259,0.537267,1.043586,0.452276,3.285284,365
instrument,crypto,DOT,120,vol,full,2147,-0.074475,-0.131990,-0.023540,-0.032399,0.156603,0.439688,0.505429,0.980270,-0.320118,4.522499,365
instrument,crypto,DOT,180,fixed,5y,1826,-0.681452,-0.762931,-0.621377,-0.649120,0.865315,0.997849,0.501918,0.892637,-1.706432,36.400000,365
instrument,crypto,DOT,180,fixed,3y,1096,-0.403990,-0.469513,-0.489993,-0.518498,0.814871,0.966782,0.514155,0.931232,-0.813591,27.333333,365
instrument,crypto,DOT,180,fixed,1y,366,0.461703,0.414156,-0.002492,-0.043836,0.861930,0.593293,0.561644,1.069320,0.414723,20.000000,365
instrument,crypto,DOT,180,fixed,IS,1502,-0.537144,-0.604861,-0.585617,-0.611396,0.891593,0.990616,0.492808,0.908612,-1.227000,30.882745,365
instrument,crypto,DOT,180,fixed,OOS,645,-0.712752,-0.781375,-0.650660,-0.673295,0.889342,0.952574,0.518634,0.882389,-1.038706,31.739130,365
instrument,crypto,DOT,180,fixed,full,2147,-0.589905,-0.657942,-0.606336,-0.631132,0.890718,0.999244,0.501526,0.902384,-1.595723,31.125349,365
instrument,crypto,DOT,180,vol,5y,1826,-0.560599,-0.660824,-0.095707,-0.110347,0.157966,0.545405,0.501918,0.907827,-1.478052,8.108898,365
instrument,crypto,DOT,180,vol,3y,1096,-0.410204,-0.491590,-0.075819,-0.088237,0.161294,0.455198,0.514155,0.928487,-0.851847,6.709315,365
instrument,crypto,DOT,180,vol,1y,366,0.447421,0.383130,0.059565,0.049043,0.157682,0.140387,0.561644,1.063717,0.383654,4.959359,365
instrument,crypto,DOT,180,vol,IS,1502,-0.413453,-0.507354,-0.068851,-0.081933,0.147134,0.414418,0.492808,0.925377,-1.029200,7.034140,365
instrument,crypto,DOT,180,vol,OOS,645,-0.717953,-0.798697,-0.120767,-0.132654,0.161665,0.398339,0.518634,0.878097,-1.061734,6.757324,365
instrument,crypto,DOT,180,vol,full,2147,-0.510691,-0.600301,-0.084762,-0.097475,0.151613,0.579928,0.501526,0.912600,-1.455923,6.949201,365
instrument,crypto,DOT,250,fixed,5y,1826,0.219845,0.179601,-0.170648,-0.200045,0.864332,0.973154,0.509041,1.025201,0.401710,17.200000,365
instrument,crypto,DOT,250,fixed,3y,1096,-0.365638,-0.410399,-0.470908,-0.491342,0.814212,0.955033,0.505023,0.941549,-0.711156,18.666667,365
instrument,crypto,DOT,250,fixed,1y,366,1.151086,1.141622,0.827061,0.812382,0.858385,0.368552,0.561644,1.198321,1.143184,4.000000,365
instrument,crypto,DOT,250,fixed,IS,1502,0.224539,0.195463,-0.164678,-0.185896,0.860345,0.800662,0.500400,1.032726,0.396510,12.401732,365
instrument,crypto,DOT,250,fixed,OOS,645,-0.150300,-0.195651,-0.419448,-0.444098,0.889362,0.893830,0.526398,0.964312,-0.260085,20.403727,365
instrument,crypto,DOT,250,fixed,full,2147,0.109461,0.075226,-0.251169,-0.274051,0.868995,0.973154,0.509494,1.012167,0.182448,14.797297,365
instrument,crypto,DOT,250,vol,5y,1826,0.063209,0.008308,-0.002439,-0.011075,0.157725,0.470295,0.509041,1.000604,0.018582,4.320456,365
instrument,crypto,DOT,250,vol,3y,1096,-0.382290,-0.441612,-0.071626,-0.080695,0.161081,0.423208,0.505023,0.938427,-0.765244,4.870803,365
instrument,crypto,DOT,250,vol,1y,366,1.231388,1.208106,0.198197,0.193869,0.156880,0.071386,0.561644,1.209055,1.209760,1.812124,365
instrument,crypto,DOT,250,vol,IS,1502,0.020143,-0.029504,-0.007444,-0.014572,0.144381,0.296771,0.500400,0.995448,-0.059851,3.583277,365
instrument,crypto,DOT,250,vol,OOS,645,0.034309,-0.015660,-0.007451,-0.015475,0.161512,0.292402,0.526398,0.988798,-0.020817,4.030688,365
instrument,crypto,DOT,250,vol,full,2147,0.024712,-0.024984,-0.007446,-0.014844,0.149695,0.470295,0.509494,0.996179,-0.060593,3.717281,365
instrument,crypto,DOT,composite,fixed,5y,1826,0.264848,0.161258,-0.041276,-0.104294,0.650052,0.833752,0.515567,1.032866,0.360683,33.500000,365
instrument,crypto,DOT,composite,fixed,3y,1096,0.313194,0.210271,-0.003239,-0.065005,0.616016,0.709839,0.533609,1.041929,0.364366,31.500000,365
instrument,crypto,DOT,composite,fixed,1y,366,0.697475,0.618335,0.249577,0.179995,0.720696,0.406379,0.564955,1.122293,0.619181,28.000000,365
instrument,crypto,DOT,composite,fixed,IS,1502,0.044753,-0.050822,-0.159182,-0.208975,0.628638,0.730129,0.496289,0.994936,-0.103096,30.031646,365
instrument,crypto,DOT,composite,fixed,OOS,645,0.301780,0.208289,-0.032481,-0.091642,0.665691,0.643188,0.541958,1.034631,0.276885,30.888975,365
instrument,crypto,DOT,composite,fixed,full,2147,0.125046,0.030170,-0.122969,-0.175415,0.639852,0.859585,0.512417,1.009851,0.073172,30.274930,365
instrument,crypto,DOT,composite,vol,5y,1826,0.185352,0.059786,0.014862,0.000195,0.116111,0.252207,0.515567,1.014803,0.133723,7.263904,365
instrument,crypto,DOT,composite,vol,3y,1096,0.322930,0.200328,0.031898,0.016940,0.119691,0.180805,0.533609,1.039863,0.347136,7.285189,365
instrument,crypto,DOT,composite,vol,1y,366,0.802882,0.704665,0.097397,0.084170,0.126019,0.092388,0.564955,1.136962,0.705630,6.057177,365
instrument,crypto,DOT,composite,vol,IS,1502,-0.037626,-0.156271,-0.009678,-0.022224,0.107118,0.212270,0.496289,0.976673,-0.317005,6.363887,365
instrument,crypto,DOT,composite,vol,OOS,645,0.393526,0.283014,0.039817,0.026575,0.116928,0.145243,0.541958,1.044950,0.376220,6.393970,365
instrument,crypto,DOT,composite,vol,full,2147,0.099849,-0.016062,0.004938,-0.007813,0.110136,0.252207,0.512417,1.001606,-0.038956,6.370653,365
instrument,crypto,DOT,buyhold,long1x,5y,1826,-0.244361,-0.244361,-0.440970,-0.440970,0.862483,0.984975,0.479452,0.963270,-0.546557,0.000000,365
instrument,crypto,DOT,buyhold,long1x,3y,1096,-0.312940,-0.312940,-0.440265,-0.440265,0.811914,0.929865,0.468493,0.953269,-0.542275,0.000000,365
instrument,crypto,DOT,buyhold,long1x,1y,366,-1.130279,-1.130279,-0.736799,-0.736799,0.858314,0.821964,0.435616,0.835896,-1.131826,0.000000,365
instrument,crypto,DOT,buyhold,long1x,IS,1502,0.635694,0.635694,0.128448,0.128448,1.077063,0.932280,0.494337,1.104957,1.289546,0.000000,365
instrument,crypto,DOT,buyhold,long1x,OOS,645,-0.641065,-0.641065,-0.615677,-0.615677,0.886161,0.924378,0.450311,0.913528,-0.852188,0.000000,365
instrument,crypto,DOT,buyhold,long1x,full,2147,0.301189,0.301189,-0.183512,-0.183512,1.023698,0.984975,0.480895,1.048082,0.730481,0.000000,365
instrument,crypto,AVAX,10,fixed,5y,1826,1.369864,1.172428,1.408225,0.979804,1.006141,0.755551,0.511781,1.187435,2.622347,94.400000,365
instrument,crypto,AVAX,10,fixed,3y,1096,0.890073,0.658452,0.493220,0.215905,0.886643,0.755551,0.499543,1.099780,1.140993,99.333333,365
instrument,crypto,AVAX,10,fixed,1y,366,0.656158,0.397180,0.237726,0.006835,0.791774,0.548341,0.490411,1.055476,0.397724,100.000000,365
instrument,crypto,AVAX,10,fixed,IS,1481,1.879931,1.729959,3.964838,3.133054,1.250860,0.603766,0.521769,1.309913,3.484713,88.043919,365
instrument,crypto,AVAX,10,fixed,OOS,635,0.456586,0.226184,0.020965,-0.170708,0.884973,0.755551,0.490536,1.033132,0.298333,100.173502,365
instrument,crypto,AVAX,10,fixed,full,2116,1.531982,1.364408,2.088673,1.552325,1.154069,0.755551,0.512114,1.234382,3.285153,91.638298,365
instrument,crypto,AVAX,10,vol,5y,1826,1.504230,1.284630,0.254461,0.213130,0.160392,0.148918,0.511233,1.206029,2.873307,16.668176,365
instrument,crypto,AVAX,10,vol,3y,1096,1.136860,0.893131,0.182680,0.139034,0.160060,0.148918,0.499543,1.138250,1.547654,18.710027,365
instrument,crypto,AVAX,10,vol,1y,366,0.909232,0.635306,0.137181,0.090891,0.155953,0.112554,0.490411,1.093411,0.636176,20.721996,365
instrument,crypto,AVAX,10,vol,IS,1481,2.079821,1.896539,0.380887,0.343088,0.162500,0.140513,0.521831,1.336117,3.820260,13.813073,365
instrument,crypto,AVAX,10,vol,OOS,635,0.692488,0.447373,0.100501,0.059736,0.157175,0.148918,0.490536,1.066501,0.590079,18.790446,365
instrument,crypto,AVAX,10,vol,full,2116,1.673108,1.470970,0.289967,0.250900,0.160985,0.148918,0.511922,1.246427,3.541728,15.299251,365
instrument,crypto,AVAX,20,fixed,5y,1826,0.931973,0.798156,0.554358,0.357976,1.005666,0.833236,0.500274,1.123028,1.785220,64.800000,365
instrument,crypto,AVAX,20,fixed,3y,1096,0.748779,0.582329,0.319896,0.137798,0.885726,0.811766,0.491324,1.084874,1.009084,71.333333,365
instrument,crypto,AVAX,20,fixed,1y,366,-0.049826,-0.300946,-0.288139,-0.421190,0.792509,0.737797,0.493151,0.960861,-0.301358,100.000000,365
instrument,crypto,AVAX,20,fixed,IS,1481,1.080221,0.987505,0.817874,0.617356,1.248724,0.934299,0.506849,1.167547,1.989164,55.489865,365
instrument,crypto,AVAX,20,fixed,OOS,635,0.170942,-0.022932,-0.204417,-0.333528,0.884111,0.737797,0.479495,0.997052,-0.030247,85.205047,365
instrument,crypto,AVAX,20,fixed,full,2116,0.859702,0.744117,0.418621,0.239544,1.151679,0.934299,0.498329,1.122188,1.791649,64.371158,365
instrument,crypto,AVAX,20,vol,5y,1826,0.944334,0.787234,0.147838,0.120140,0.160400,0.228218,0.500274,1.121154,1.760790,12.145265,365
instrument,crypto,AVAX,20,vol,3y,1096,0.785764,0.597456,0.118739,0.086385,0.160029,0.228218,0.491324,1.087149,1.035297,14.588153,365
instrument,crypto,AVAX,20,vol,1y,366,-0.066389,-0.354236,-0.021881,-0.065346,0.156458,0.228218,0.493151,0.952844,-0.354721,22.641456,365
instrument,crypto,AVAX,20,vol,IS,1481,1.345752,1.236403,0.227430,0.206759,0.162681,0.176921,0.508451,1.208014,2.490526,8.446658,365
instrument,crypto,AVAX,20,vol,OOS,635,0.116922,-0.108181,0.006163,-0.028898,0.157292,0.228218,0.479495,0.985000,-0.142690,17.643579,365
instrument,crypto,AVAX,20,vol,full,2116,0.986570,0.841999,0.156352,0.130590,0.161130,0.228218,0.499270,1.134445,2.027324,11.200240,365
instrument,crypto,AVAX,40,fixed,5y,1826,0.642452,0.539764,0.157569,0.042424,1.004643,0.862667,0.511233,1.081441,1.207281,50.400000,365
instrument,crypto,AVAX,40,fixed,3y,1096,0.514676,0.391598,0.067102,-0.044657,0.883848,0.844398,0.519635,1.058879,0.678577,53.333333,365
instrument,crypto,AVAX,40,fixed,1y,366,0.206658,0.033326,-0.141500,-0.254444,0.789804,0.539788,0.528767,1.008710,0.033371,68.000000,365
instrument,crypto,AVAX,40,fixed,IS,1481,0.933787,0.857119,0.524497,0.383704,1.244805,0.862667,0.506944,1.144928,1.726523,46.118243,365
instrument,crypto,AVAX,40,fixed,OOS,635,0.360256,0.240977,-0.069329,-0.164481,0.881137,0.631932,0.517350,1.034717,0.317845,51.813880,365
instrument,crypto,AVAX,40,fixed,full,2116,0.791921,0.706111,0.314641,0.189313,1.147811,0.862667,0.510361,1.116275,1.700139,47.803783,365
instrument,crypto,AVAX,40,vol,5y,1826,0.654538,0.526465,0.096037,0.074185,0.160317,0.212416,0.510137,1.079408,1.177535,10.012479,365
instrument,crypto,AVAX,40,vol,3y,1096,0.688761,0.539810,0.101626,0.076250,0.159724,0.165024,0.518721,1.082325,0.935406,11.590017,365
instrument,crypto,AVAX,40,vol,1y,366,0.320398,0.115365,0.038318,0.005876,0.155797,0.148017,0.526027,1.020356,0.115523,15.819781,365
instrument,crypto,AVAX,40,vol,IS,1481,0.831134,0.727317,0.129435,0.111008,0.162950,0.212416,0.504930,1.117507,1.465058,8.175181,365
instrument,crypto,AVAX,40,vol,OOS,635,0.451251,0.303454,0.059909,0.035921,0.156687,0.148017,0.515773,1.044102,0.400252,11.392106,365
instrument,crypto,AVAX,40,vol,full,2116,0.720359,0.603588,0.108104,0.087920,0.161068,0.212416,0.508516,1.094693,1.453289,9.136307,365
instrument,crypto,AVAX,60,fixed,5y,1826,0.783050,0.709078,0.332158,0.235821,1.003501,0.872969,0.516164,1.108696,1.585980,36.000000,365
instrument,crypto,AVAX,60,fixed,3y,1096,0.843723,0.759492,0.425174,0.322828,0.881781,0.750086,0.521461,1.116081,1.316080,36.000000,365
instrument,crypto,AVAX,60,fixed,1y,366,0.507960,0.373779,0.087188,-0.023195,0.787189,0.521260,0.526027,1.060183,0.374290,52.000000,365
instrument,crypto,AVAX,60,fixed,IS,1481,1.324475,1.274616,1.496931,1.347752,1.238347,0.872969,0.514789,1.225447,2.567500,29.347973,365
instrument,crypto,AVAX,60,fixed,OOS,635,0.731143,0.632018,0.288607,0.180359,0.878914,0.750086,0.518927,1.094343,0.833624,42.602524,365
instrument,crypto,AVAX,60,fixed,full,2116,1.173654,1.112881,1.047357,0.909996,1.142478,0.872969,0.516302,1.190889,2.679539,33.307329,365
instrument,crypto,AVAX,60,vol,5y,1826,0.766144,0.668284,0.115696,0.098750,0.160081,0.232424,0.515068,1.102116,1.494738,7.610714,365
instrument,crypto,AVAX,60,vol,3y,1096,0.935818,0.827379,0.145614,0.126501,0.159297,0.163186,0.520548,1.128062,1.433717,8.374841,365
instrument,crypto,AVAX,60,vol,1y,366,0.549055,0.370573,0.075640,0.046580,0.155426,0.104782,0.523288,1.059324,0.371080,13.663711,365
instrument,crypto,AVAX,60,vol,IS,1481,1.142959,1.072044,0.187878,0.174826,0.162607,0.232424,0.514085,1.178152,2.159453,5.489756,365
instrument,crypto,AVAX,60,vol,OOS,635,0.845357,0.711334,0.126925,0.104059,0.156332,0.163186,0.517350,1.107226,0.938240,10.214669,365
instrument,crypto,AVAX,60,vol,full,2116,1.056191,0.966779,0.169248,0.153126,0.160720,0.232424,0.515328,1.156170,2.327762,6.904191,365
instrument,crypto,AVAX,120,fixed,5y,1826,0.490111,0.446023,-0.011830,-0.055849,1.003269,0.865662,0.520548,1.066837,0.997610,21.600000,365
instrument,crypto,AVAX,120,fixed,3y,1096,0.401520,0.364260,-0.036826,-0.069137,0.881887,0.865662,0.530594,1.054894,0.631204,16.000000,365
instrument,crypto,AVAX,120,fixed,1y,366,0.880746,0.848845,0.454204,0.418375,0.784097,0.604060,0.558904,1.136423,0.850007,12.000000,365
instrument,crypto,AVAX,120,fixed,IS,1481,0.729367,0.695622,0.206309,0.157932,1.187386,0.874219,0.509559,1.119224,1.401214,19.483108,365
instrument,crypto,AVAX,120,fixed,OOS,635,0.185564,0.143207,-0.204581,-0.235131,0.879135,0.760572,0.531546,1.021061,0.188888,18.422713,365
instrument,crypto,AVAX,120,fixed,full,2116,0.593554,0.557927,0.064591,0.022438,1.103879,0.874219,0.516291,1.092327,1.343348,19.156028,365
instrument,crypto,AVAX,120,vol,5y,1826,0.493301,0.438034,0.068203,0.058931,0.159929,0.199984,0.519452,1.065691,0.979742,4.332099,365
instrument,crypto,AVAX,120,vol,3y,1096,0.520521,0.473428,0.072582,0.064716,0.159236,0.199984,0.529680,1.072266,0.820376,3.652099,365
instrument,crypto,AVAX,120,vol,1y,366,1.222714,1.183640,0.193301,0.186305,0.154427,0.127080,0.556164,1.193320,1.185260,2.938148,365
instrument,crypto,AVAX,120,vol,IS,1481,0.584409,0.535922,0.081891,0.073893,0.155591,0.167272,0.508824,1.086874,1.079525,3.689981,365
instrument,crypto,AVAX,120,vol,OOS,635,0.493874,0.440194,0.066954,0.058189,0.156181,0.161841,0.529968,1.065730,0.580610,4.097319,365
instrument,crypto,AVAX,120,vol,full,2116,0.557312,0.507237,0.077386,0.069156,0.155732,0.199984,0.515288,1.079984,1.221299,3.811015,365
instrument,crypto,AVAX,180,fixed,5y,1826,-0.124803,-0.163591,-0.469282,-0.490893,1.003475,0.984133,0.503562,0.976911,-0.365901,19.600000,365
instrument,crypto,AVAX,180,fixed,3y,1096,-0.165573,-0.199860,-0.416590,-0.435541,0.882197,0.969619,0.505936,0.970476,-0.346326,15.333333,365
instrument,crypto,AVAX,180,fixed,1y,366,0.391207,0.360065,-0.008573,-0.033066,0.784836,0.553899,0.526027,1.058031,0.360558,12.000000,365
instrument,crypto,AVAX,180,fixed,IS,1481,-0.008410,-0.037826,-0.436442,-0.454572,1.055312,0.952803,0.503846,0.994132,-0.076193,15.537162,365
instrument,crypto,AVAX,180,fixed,OOS,635,-0.782784,-0.827245,-0.660956,-0.675691,0.878961,0.941544,0.503155,0.888485,-1.091126,20.725552,365
instrument,crypto,AVAX,180,fixed,full,2116,-0.211183,-0.244778,-0.516147,-0.533359,1.005573,0.994635,0.503359,0.963063,-0.589365,17.085106,365
instrument,crypto,AVAX,180,vol,5y,1826,-0.233157,-0.285702,-0.048751,-0.056880,0.160039,0.440956,0.502466,0.959448,-0.639024,4.257383,365
instrument,crypto,AVAX,180,vol,3y,1096,-0.105962,-0.151260,-0.029047,-0.036147,0.159359,0.377524,0.505023,0.976717,-0.262109,3.634768,365
instrument,crypto,AVAX,180,vol,1y,366,0.611505,0.569841,0.086066,0.079209,0.154771,0.117043,0.523288,1.090614,0.570621,3.156557,365
instrument,crypto,AVAX,180,vol,IS,1481,-0.145675,-0.190667,-0.032664,-0.039297,0.150629,0.293017,0.503077,0.970512,-0.384067,3.415753,365
instrument,crypto,AVAX,180,vol,OOS,635,-0.533949,-0.588315,-0.090927,-0.098937,0.156278,0.335118,0.501577,0.919241,-0.775980,4.387826,365
instrument,crypto,AVAX,180,vol,full,2116,-0.265154,-0.313112,-0.050530,-0.057598,0.152317,0.440956,0.502326,0.953321,-0.753896,3.706204,365
instrument,crypto,AVAX,250,fixed,5y,1826,0.299425,0.272745,-0.179704,-0.202115,1.002529,0.989997,0.505753,1.041325,0.610044,13.200000,365
instrument,crypto,AVAX,250,fixed,3y,1096,-0.304917,-0.346516,-0.481181,-0.501176,0.881782,0.977976,0.493151,0.953117,-0.600458,18.666667,365
instrument,crypto,AVAX,250,fixed,1y,366,0.826755,0.826755,0.412248,0.412248,0.782970,0.557124,0.520548,1.132659,0.827887,0.000000,365
instrument,crypto,AVAX,250,fixed,IS,1481,0.414363,0.398410,-0.064330,-0.079169,0.975107,0.923244,0.507317,1.066123,0.802530,7.645270,365
instrument,crypto,AVAX,250,fixed,OOS,635,-0.179578,-0.226215,-0.419618,-0.444337,0.878914,0.898713,0.506309,0.968446,-0.298375,20.725552,365
instrument,crypto,AVAX,250,fixed,full,2116,0.248774,0.224081,-0.189262,-0.208686,0.947165,0.989997,0.506702,1.035489,0.539531,11.562648,365
instrument,crypto,AVAX,250,vol,5y,1826,0.118700,0.081444,0.006234,0.000252,0.159815,0.458777,0.504110,1.012262,0.182164,2.966814,365
instrument,crypto,AVAX,250,vol,3y,1096,-0.321864,-0.370482,-0.061768,-0.069137,0.159188,0.426237,0.491324,0.950069,-0.641987,3.919499,365
instrument,crypto,AVAX,250,vol,1y,366,0.959262,0.946762,0.145964,0.143721,0.154368,0.132363,0.517808,1.152494,0.948058,0.985387,365
instrument,crypto,AVAX,250,vol,IS,1481,0.149599,0.120575,0.011250,0.006974,0.145998,0.279205,0.505691,1.019690,0.242877,2.107861,365
instrument,crypto,AVAX,250,vol,OOS,635,-0.009215,-0.056233,-0.013462,-0.020712,0.156060,0.287542,0.504732,0.992328,-0.074171,3.673423,365
instrument,crypto,AVAX,250,vol,full,2116,0.099676,0.064993,0.003770,-0.001416,0.149053,0.458777,0.505094,1.010175,0.156486,2.576837,365
instrument,crypto,AVAX,composite,fixed,5y,1826,0.827965,0.741032,0.411220,0.321362,0.757845,0.699632,0.518615,1.141637,1.657451,32.500000,365
instrument,crypto,AVAX,composite,fixed,3y,1096,0.582866,0.475761,0.184010,0.105663,0.638186,0.699632,0.520000,1.088290,0.824418,33.833333,365
instrument,crypto,AVAX,composite,fixed,1y,366,0.771574,0.632066,0.313393,0.216627,0.550800,0.351610,0.533762,1.121204,0.632931,38.000000,365
instrument,crypto,AVAX,composite,fixed,IS,1481,0.958011,0.893448,0.554998,0.482596,0.741732,0.610224,0.517544,1.193548,1.799701,23.552365,365
instrument,crypto,AVAX,composite,fixed,OOS,635,0.319873,0.194648,0.003729,-0.072110,0.623283,0.447552,0.516791,1.037484,0.256738,38.860410,365
instrument,crypto,AVAX,composite,fixed,full,2116,0.786824,0.706303,0.363571,0.288089,0.708242,0.699632,0.516955,1.144048,1.700602,28.130024,365
instrument,crypto,AVAX,composite,vol,5y,1826,0.801004,0.694667,0.089730,0.076542,0.115805,0.142964,0.517309,1.129662,1.553748,6.080779,365
instrument,crypto,AVAX,composite,vol,3y,1096,0.667994,0.546992,0.072203,0.057612,0.114324,0.142964,0.518919,1.102408,0.947850,6.843923,365
instrument,crypto,AVAX,composite,vol,1y,366,0.921301,0.761324,0.101452,0.082143,0.111879,0.084539,0.530547,1.149962,0.762366,8.854540,365
instrument,crypto,AVAX,composite,vol,IS,1481,0.862886,0.784030,0.089747,0.080777,0.106260,0.106289,0.516569,1.164739,1.579296,4.128176,365
instrument,crypto,AVAX,composite,vol,OOS,635,0.507693,0.364801,0.051469,0.034997,0.111206,0.084539,0.514925,1.068103,0.481167,7.893077,365
instrument,crypto,AVAX,composite,vol,full,2116,0.752935,0.654166,0.078116,0.066830,0.107747,0.142964,0.515675,1.130704,1.575068,5.255142,365
instrument,crypto,AVAX,buyhold,long1x,5y,1826,0.364553,0.364553,-0.125477,-0.125477,1.001260,0.956101,0.494795,1.055419,0.815388,0.000000,365
instrument,crypto,AVAX,buyhold,long1x,3y,1096,0.212998,0.212998,-0.180366,-0.180366,0.879813,0.902690,0.490411,1.029379,0.369092,0.000000,365
instrument,crypto,AVAX,buyhold,long1x,1y,366,-0.826755,-0.826755,-0.618010,-0.618010,0.782970,0.832376,0.479452,0.882878,-0.827887,0.000000,365
instrument,crypto,AVAX,buyhold,long1x,IS,1481,0.927816,0.927816,0.505704,0.505704,1.256408,0.934679,0.496622,1.155316,1.868930,0.000000,365
instrument,crypto,AVAX,buyhold,long1x,OOS,635,-0.427829,-0.427829,-0.533823,-0.533823,0.876531,0.890500,0.487382,0.940302,-0.564301,0.000000,365
instrument,crypto,AVAX,buyhold,long1x,full,2116,0.608446,0.608446,0.059095,0.059095,1.155983,0.956101,0.494090,1.098397,1.464987,0.000000,365
group,crypto,EW-crypto,10,fixed,5y,1826,0.379955,-0.018496,0.059669,-0.149482,0.549686,0.813056,0.494247,0.996766,-0.041370,0.000000,365
group,crypto,EW-crypto,10,fixed,3y,1096,0.237929,-0.181427,-0.009229,-0.201484,0.511400,0.731058,0.502283,0.972253,-0.314384,0.000000,365
group,crypto,EW-crypto,10,fixed,1y,366,-0.354902,-0.781132,-0.262990,-0.408610,0.506858,0.629924,0.501370,0.886042,-0.782201,0.000000,365
group,crypto,EW-crypto,10,fixed,IS,1789,0.734101,0.405265,0.301530,0.046148,0.664853,0.668386,0.494376,1.069764,0.897219,0.368274,365
group,crypto,EW-crypto,10,fixed,OOS,768,0.187429,-0.204927,-0.043593,-0.227248,0.539315,0.731058,0.504563,0.970045,-0.297257,0.000000,365
group,crypto,EW-crypto,10,fixed,full,2557,0.590631,0.246639,0.186489,-0.044830,0.629744,0.813056,0.497251,1.041169,0.652801,0.257619,365
group,crypto,EW-crypto,10,vol,5y,1826,0.554578,0.108185,0.055881,0.005873,0.109597,0.190722,0.490411,1.016811,0.241975,0.962307,365
group,crypto,EW-crypto,10,vol,3y,1096,0.586018,0.118896,0.060155,0.007064,0.110867,0.154532,0.503196,1.019203,0.206028,1.042550,365
group,crypto,EW-crypto,10,vol,1y,366,0.338869,-0.111062,0.033285,-0.019712,0.117449,0.145186,0.504110,0.980204,-0.111214,1.077675,365
group,crypto,EW-crypto,10,vol,IS,1789,0.893357,0.497397,0.095145,0.049530,0.109114,0.190722,0.495949,1.085583,1.101189,0.941502,365
group,crypto,EW-crypto,10,vol,OOS,768,0.586589,0.152104,0.061154,0.010857,0.112644,0.154532,0.507171,1.024465,0.220635,0.983667,365
group,crypto,EW-crypto,10,vol,full,2557,0.799172,0.391386,0.084823,0.037761,0.110168,0.190722,0.499199,1.065151,1.035916,0.953935,365
group,crypto,EW-crypto,20,fixed,5y,1826,0.329067,0.055051,0.030200,-0.114720,0.550985,0.746080,0.484384,1.008480,0.123132,0.000000,365
group,crypto,EW-crypto,20,fixed,3y,1096,0.498653,0.203352,0.131511,-0.027860,0.513806,0.634239,0.489498,1.030226,0.352377,0.000000,365
group,crypto,EW-crypto,20,fixed,1y,366,0.040785,-0.269197,-0.110782,-0.247215,0.531559,0.545578,0.506849,0.962871,-0.269566,0.000000,365
group,crypto,EW-crypto,20,fixed,IS,1789,1.187878,0.977715,0.758411,0.531532,0.662730,0.689821,0.520928,1.175394,2.164567,0.419309,365
group,crypto,EW-crypto,20,fixed,OOS,768,0.134770,-0.138362,-0.073999,-0.204024,0.549780,0.580305,0.478488,0.979748,-0.200702,0.000000,365
group,crypto,EW-crypto,20,fixed,full,2557,0.908312,0.682175,0.450340,0.258224,0.631066,0.746080,0.507886,1.117402,1.805571,0.293320,365
group,crypto,EW-crypto,20,vol,5y,1826,0.426798,0.105473,0.041248,0.005580,0.108995,0.174050,0.482740,1.016414,0.235910,0.962307,365
group,crypto,EW-crypto,20,vol,3y,1096,0.689271,0.342996,0.071978,0.032208,0.110049,0.157132,0.494064,1.052893,0.594358,1.042550,365
group,crypto,EW-crypto,20,vol,1y,366,0.488915,0.147182,0.052549,0.010552,0.119834,0.129055,0.506849,1.025009,0.147384,1.077675,365
group,crypto,EW-crypto,20,vol,IS,1789,1.252878,0.985225,0.137606,0.105763,0.107944,0.174050,0.515046,1.173691,2.181193,0.941502,365
group,crypto,EW-crypto,20,vol,OOS,768,0.350270,0.033789,0.034073,-0.002686,0.114735,0.143353,0.485007,1.005921,0.049013,0.983667,365
group,crypto,EW-crypto,20,vol,full,2557,0.969730,0.686807,0.105465,0.072006,0.110032,0.174050,0.505609,1.116047,1.817832,0.953935,365
group,crypto,EW-crypto,40,fixed,5y,1826,0.360931,0.172925,0.044627,-0.061217,0.566304,0.723863,0.503014,1.026271,0.386778,0.000000,365
group,crypto,EW-crypto,40,fixed,3y,1096,0.578066,0.367326,0.178778,0.054660,0.528394,0.462921,0.512329,1.059702,0.636517,0.000000,365
group,crypto,EW-crypto,40,fixed,1y,366,0.627283,0.401892,0.211196,0.075037,0.530101,0.370402,0.561644,1.068145,0.402442,0.000000,365
group,crypto,EW-crypto,40,fixed,IS,1789,1.052357,0.923557,0.612521,0.481656,0.661089,0.723863,0.518307,1.161340,2.044667,0.364563,365
group,crypto,EW-crypto,40,fixed,OOS,768,0.422115,0.206972,0.082350,-0.039652,0.554672,0.457747,0.508475,1.033522,0.300224,0.000000,365
group,crypto,EW-crypto,40,fixed,full,2557,0.882963,0.731599,0.430551,0.300725,0.631019,0.723863,0.515103,1.124406,1.936387,0.255023,365
group,crypto,EW-crypto,40,vol,5y,1826,0.505263,0.273467,0.051225,0.024564,0.111433,0.198431,0.504110,1.042768,0.611659,0.962307,365
group,crypto,EW-crypto,40,vol,3y,1096,0.846518,0.590490,0.093228,0.062328,0.113258,0.111531,0.514155,1.097696,1.023226,1.042550,365
group,crypto,EW-crypto,40,vol,1y,366,0.965687,0.698023,0.113564,0.079044,0.119116,0.091683,0.561644,1.117827,0.698978,1.077675,365
group,crypto,EW-crypto,40,vol,IS,1789,1.000891,0.824207,0.106910,0.086333,0.107485,0.198431,0.518519,1.138489,1.824715,0.941502,365
group,crypto,EW-crypto,40,vol,OOS,768,0.637020,0.374086,0.068422,0.036964,0.114542,0.091683,0.516297,1.060132,0.542632,0.983667,365
group,crypto,EW-crypto,40,vol,full,2557,0.886584,0.682731,0.095206,0.071263,0.109635,0.198431,0.517628,1.112592,1.807043,0.953935,365
group,crypto,EW-crypto,60,fixed,5y,1826,0.405940,0.246995,0.071508,-0.021219,0.568142,0.741088,0.507397,1.038502,0.552448,0.000000,365
group,crypto,EW-crypto,60,fixed,3y,1096,0.751107,0.598322,0.293399,0.192391,0.533781,0.511135,0.522374,1.096639,1.036797,0.000000,365
group,crypto,EW-crypto,60,fixed,1y,366,0.811949,0.668220,0.341393,0.240088,0.548370,0.253881,0.536986,1.103898,0.669135,0.000000,365
group,crypto,EW-crypto,60,fixed,IS,1789,0.764704,0.644064,0.331998,0.232395,0.645449,0.741088,0.511574,1.110189,1.425895,0.364563,365
group,crypto,EW-crypto,60,fixed,OOS,768,0.839906,0.690834,0.368135,0.258008,0.564678,0.511135,0.520209,1.107882,1.002092,0.000000,365
group,crypto,EW-crypto,60,fixed,full,2557,0.783993,0.655785,0.342751,0.240033,0.622183,0.741088,0.514423,1.109796,1.735722,0.255023,365
group,crypto,EW-crypto,60,vol,5y,1826,0.531049,0.326549,0.053393,0.030198,0.109425,0.215326,0.508493,1.050856,0.730385,0.962307,365
group,crypto,EW-crypto,60,vol,3y,1096,0.979681,0.780193,0.108535,0.084337,0.111791,0.101347,0.525114,1.126793,1.351950,1.042550,365
group,crypto,EW-crypto,60,vol,1y,366,0.975259,0.773376,0.116296,0.089736,0.120486,0.052001,0.542466,1.120023,0.774435,1.077675,365
group,crypto,EW-crypto,60,vol,IS,1789,0.669247,0.501274,0.066883,0.048346,0.105225,0.215326,0.513310,1.081999,1.109772,0.941502,365
group,crypto,EW-crypto,60,vol,OOS,768,1.027490,0.828034,0.117468,0.092402,0.114673,0.096324,0.525424,1.130427,1.201109,0.983667,365
group,crypto,EW-crypto,60,vol,full,2557,0.782966,0.605035,0.081831,0.061388,0.108132,0.215326,0.517228,1.098007,1.601398,0.953935,365
group,crypto,EW-crypto,120,fixed,5y,1826,0.502502,0.415412,0.133446,0.081177,0.541926,0.587128,0.520000,1.066110,0.929144,0.000000,365
group,crypto,EW-crypto,120,fixed,3y,1096,0.701840,0.617193,0.257884,0.203090,0.526988,0.587128,0.532420,1.097754,1.069497,0.000000,365
group,crypto,EW-crypto,120,fixed,1y,366,1.010141,0.971252,0.503943,0.471752,0.561525,0.332125,0.564384,1.151867,0.972581,0.000000,365
group,crypto,EW-crypto,120,fixed,IS,1789,1.164623,1.090913,0.713990,0.635812,0.636564,0.700165,0.529976,1.207203,2.415177,0.360026,365
group,crypto,EW-crypto,120,fixed,OOS,768,0.364113,0.293551,0.044689,0.003547,0.567854,0.587128,0.521512,1.045837,0.425811,0.000000,365
group,crypto,EW-crypto,120,fixed,full,2557,0.941711,0.868952,0.477155,0.412537,0.616752,0.700165,0.527094,1.155039,2.299932,0.251849,365
group,crypto,EW-crypto,120,vol,5y,1826,0.690913,0.568304,0.069988,0.056203,0.106117,0.123314,0.507945,1.091197,1.271114,0.962307,365
group,crypto,EW-crypto,120,vol,3y,1096,0.955785,0.834132,0.104839,0.090130,0.110827,0.123314,0.522374,1.133495,1.445419,1.042550,365
group,crypto,EW-crypto,120,vol,1y,366,1.387906,1.330993,0.188307,0.179651,0.130538,0.073786,0.558904,1.214695,1.332815,1.077675,365
group,crypto,EW-crypto,120,vol,IS,1789,1.206051,1.086457,0.120642,0.107605,0.098543,0.139778,0.526379,1.192385,2.405312,0.896313,365
group,crypto,EW-crypto,120,vol,OOS,768,0.665543,0.568475,0.073872,0.061740,0.117529,0.123314,0.517601,1.089264,0.824604,0.983667,365
group,crypto,EW-crypto,120,vol,full,2557,1.019656,0.908063,0.106384,0.093625,0.104589,0.139778,0.523399,1.154238,2.403450,0.922324,365
group,crypto,EW-crypto,180,fixed,5y,1826,-0.205595,-0.306422,-0.211585,-0.251654,0.512944,0.865814,0.491507,0.951927,-0.685368,0.000000,365
group,crypto,EW-crypto,180,fixed,3y,1096,0.097316,0.009739,-0.069843,-0.108770,0.485827,0.769893,0.503196,0.999566,0.016877,0.000000,365
group,crypto,EW-crypto,180,fixed,1y,366,0.117725,0.055853,-0.074652,-0.104382,0.522865,0.430716,0.545205,1.013771,0.055929,0.000000,365
group,crypto,EW-crypto,180,fixed,IS,1789,0.618105,0.551820,0.209987,0.160294,0.632779,0.843518,0.509950,1.103023,1.221677,0.351778,365
group,crypto,EW-crypto,180,fixed,OOS,768,-0.436096,-0.526639,-0.290432,-0.322059,0.497880,0.729172,0.494133,0.920303,-0.763919,0.000000,365
group,crypto,EW-crypto,180,fixed,full,2557,0.350024,0.277971,0.030773,-0.012646,0.595566,0.926156,0.504630,1.049478,0.735730,0.246080,365
group,crypto,EW-crypto,180,vol,5y,1826,-0.135787,-0.273150,-0.018071,-0.031319,0.098670,0.274951,0.490411,0.957522,-0.610950,0.962307,365
group,crypto,EW-crypto,180,vol,3y,1096,0.228699,0.104165,0.018087,0.005432,0.100541,0.237540,0.501370,1.014194,0.180501,1.042550,365
group,crypto,EW-crypto,180,vol,1y,366,0.419841,0.341086,0.044337,0.034494,0.120776,0.101952,0.547945,1.058859,0.341553,1.077675,365
group,crypto,EW-crypto,180,vol,IS,1789,0.510931,0.398183,0.045239,0.034074,0.095621,0.225983,0.512438,1.068690,0.881539,0.866441,365
group,crypto,EW-crypto,180,vol,OOS,768,-0.270776,-0.392720,-0.032532,-0.044624,0.102784,0.219280,0.495437,0.939987,-0.569662,0.983667,365
group,crypto,EW-crypto,180,vol,full,2557,0.263977,0.148378,0.021245,0.009779,0.097826,0.299841,0.506734,1.024778,0.392724,0.901428,365
group,crypto,EW-crypto,250,fixed,5y,1826,0.309395,0.227748,0.028718,-0.013173,0.508087,0.808511,0.510137,1.038364,0.509400,0.000000,365
group,crypto,EW-crypto,250,fixed,3y,1096,-0.182996,-0.293772,-0.152680,-0.191461,0.420159,0.694717,0.503196,0.955278,-0.509061,0.000000,365
group,crypto,EW-crypto,250,fixed,1y,366,0.530426,0.426979,0.144875,0.094815,0.432471,0.328579,0.531507,1.067434,0.427564,0.000000,365
group,crypto,EW-crypto,250,fixed,IS,1789,1.158999,1.117413,0.700543,0.656975,0.628346,0.637837,0.541612,1.227100,2.473844,0.397143,365
group,crypto,EW-crypto,250,fixed,OOS,768,-0.429371,-0.545252,-0.232088,-0.268414,0.414398,0.639856,0.498044,0.916835,-0.790918,0.000000,365
group,crypto,EW-crypto,250,fixed,full,2557,0.796264,0.739000,0.339317,0.296211,0.572900,0.808511,0.526886,1.142748,1.955975,0.277813,365
group,crypto,EW-crypto,250,vol,5y,1826,0.283896,0.166863,0.022623,0.011380,0.094599,0.239231,0.510685,1.027622,0.373220,0.962307,365
group,crypto,EW-crypto,250,vol,3y,1096,-0.036748,-0.176768,-0.007100,-0.019302,0.088233,0.181955,0.506849,0.973468,-0.306311,1.042550,365
group,crypto,EW-crypto,250,vol,1y,366,0.904551,0.791690,0.089025,0.076841,0.099783,0.075554,0.534247,1.134257,0.792774,1.077675,365
group,crypto,EW-crypto,250,vol,IS,1789,1.047272,0.965991,0.097640,0.089438,0.093178,0.167806,0.537711,1.182612,2.138612,0.797363,365
group,crypto,EW-crypto,250,vol,OOS,768,-0.144304,-0.281274,-0.016178,-0.027845,0.086973,0.162474,0.503259,0.956471,-0.408004,0.983667,365
group,crypto,EW-crypto,250,vol,full,2557,0.705879,0.608726,0.062136,0.052798,0.091383,0.239231,0.526019,1.109216,1.611167,0.853105,365
group,crypto,EW-crypto,composite,fixed,5y,1826,0.499434,0.310937,0.129450,0.043335,0.420958,0.569955,0.503297,1.053214,0.695467,24.909091,365
group,crypto,EW-crypto,composite,fixed,3y,1096,0.620956,0.417824,0.177784,0.089955,0.382192,0.420463,0.512329,1.071733,0.724023,24.757576,365
group,crypto,EW-crypto,composite,fixed,1y,366,0.736252,0.560869,0.250104,0.159707,0.429158,0.253267,0.567123,1.095441,0.561636,27.818182,365
group,crypto,EW-crypto,composite,fixed,IS,1789,1.242827,1.111425,0.605750,0.509839,0.471824,0.569955,0.525766,1.227293,2.460588,19.161665,365
group,crypto,EW-crypto,composite,fixed,OOS,768,0.365270,0.169379,0.067884,-0.011644,0.394915,0.406908,0.512386,1.029209,0.245693,25.502845,365
group,crypto,EW-crypto,composite,fixed,full,2557,1.007691,0.859650,0.420592,0.329415,0.450165,0.569955,0.521078,1.166911,2.275310,21.063509,365
group,crypto,EW-crypto,composite,vol,5y,1826,0.634234,0.404988,0.049014,0.029856,0.080661,0.142337,0.501648,1.069057,0.905829,5.722573,365
group,crypto,EW-crypto,composite,vol,3y,1096,0.886325,0.646405,0.070960,0.050400,0.081161,0.101739,0.503196,1.113108,1.120117,6.159217,365
group,crypto,EW-crypto,composite,vol,1y,366,1.128884,0.934329,0.112729,0.091600,0.099041,0.060778,0.550685,1.164093,0.935608,6.980111,365
group,crypto,EW-crypto,composite,vol,IS,1789,1.212536,1.031725,0.091286,0.076829,0.074433,0.142337,0.525114,1.199541,2.284141,4.033723,365
group,crypto,EW-crypto,composite,vol,OOS,768,0.674520,0.448414,0.053794,0.034293,0.082830,0.063309,0.504563,1.078500,0.650449,6.126315,365
group,crypto,EW-crypto,composite,vol,full,2557,1.037408,0.842215,0.079887,0.063873,0.077041,0.142337,0.518036,1.157334,2.229164,4.662272,365
group,crypto,EW-crypto,buyhold,long1x,5y,1826,0.325428,0.325428,-0.012951,-0.012951,0.683276,0.808902,0.517808,1.048202,0.727877,0.000000,365
group,crypto,EW-crypto,buyhold,long1x,3y,1096,0.503565,0.503565,0.124809,0.124809,0.636054,0.716025,0.507763,1.074029,0.872598,0.000000,365
group,crypto,EW-crypto,buyhold,long1x,1y,366,-0.703800,-0.703800,-0.474040,-0.474040,0.628581,0.698677,0.473973,0.900422,-0.704763,0.000000,365
group,crypto,EW-crypto,buyhold,long1x,IS,1789,1.196120,1.196120,0.892412,0.892412,0.820569,0.808902,0.550895,1.199037,2.648094,0.000000,365
group,crypto,EW-crypto,buyhold,long1x,OOS,767,-0.037439,-0.037439,-0.217863,-0.217863,0.663393,0.716025,0.486945,0.994705,-0.054272,0.000000,365
group,crypto,EW-crypto,buyhold,long1x,full,2556,0.874545,0.874545,0.451663,0.451663,0.776998,0.808902,0.531507,1.140372,2.314280,0.000000,365
group,forex,EW-forex,10,fixed,5y,1299,-0.320502,-0.482921,-0.014872,-0.021918,0.043896,0.173014,0.466872,0.919981,-1.096429,0.226502,252
group,forex,EW-forex,10,fixed,3y,777,-0.875672,-1.065120,-0.034176,-0.041396,0.038977,0.134438,0.451031,0.840112,-1.870289,0.270619,252
group,forex,EW-forex,10,fixed,1y,260,-1.742272,-1.970365,-0.056817,-0.064137,0.033356,0.072882,0.440154,0.725348,-2.001396,0.486486,252
group,forex,EW-forex,10,fixed,IS,1275,-0.047463,-0.198531,-0.003326,-0.010409,0.047121,0.111596,0.477057,0.965457,-0.446564,0.329670,252
group,forex,EW-forex,10,fixed,OOS,547,-0.855491,-1.043872,-0.033962,-0.041239,0.039591,0.119090,0.448718,0.835692,-1.537945,0.230769,252
group,forex,EW-forex,10,fixed,full,1822,-0.260814,-0.421275,-0.012624,-0.019768,0.044991,0.186325,0.468802,0.928670,-1.132765,0.299835,252
group,forex,EW-forex,10,vol,5y,1299,-0.303825,-0.495818,-0.025930,-0.040332,0.077047,0.278135,0.476117,0.918613,-1.125710,4.041159,252
group,forex,EW-forex,10,vol,3y,777,-0.821745,-1.040267,-0.060834,-0.076004,0.073391,0.235075,0.465206,0.845011,-1.826648,4.391113,252
group,forex,EW-forex,10,vol,1y,260,-1.671368,-1.931209,-0.110254,-0.126337,0.068699,0.142372,0.444015,0.730801,-1.961624,4.874857,252
group,forex,EW-forex,10,vol,IS,1275,-0.015790,-0.192604,-0.004399,-0.018371,0.079779,0.188783,0.485997,0.966232,-0.433231,4.109894,252
group,forex,EW-forex,10,vol,OOS,547,-0.840881,-1.061572,-0.061307,-0.076395,0.072387,0.210377,0.461538,0.835318,-1.564021,4.278205,252
group,forex,EW-forex,10,vol,full,1822,-0.246755,-0.435665,-0.021837,-0.036164,0.077635,0.311967,0.478705,0.926459,-1.171459,4.158552,252
group,forex,EW-forex,20,fixed,5y,1299,-0.336387,-0.450252,-0.015764,-0.020751,0.044384,0.113117,0.478428,0.924342,-1.022258,0.161787,252
group,forex,EW-forex,20,fixed,3y,777,-0.171433,-0.301193,-0.007344,-0.012329,0.038704,0.061065,0.494845,0.950626,-0.528878,0.216495,252
group,forex,EW-forex,20,fixed,1y,260,-0.346051,-0.491654,-0.012003,-0.016814,0.033360,0.029307,0.494208,0.925686,-0.499397,0.162162,252
group,forex,EW-forex,20,fixed,IS,1275,-0.160537,-0.270254,-0.008480,-0.013537,0.046446,0.127278,0.472887,0.953416,-0.607892,0.329670,252
group,forex,EW-forex,20,fixed,OOS,547,-0.275521,-0.399012,-0.011957,-0.016931,0.040720,0.061065,0.496337,0.930353,-0.587868,0.230769,252
group,forex,EW-forex,20,fixed,full,1822,-0.191691,-0.304996,-0.009525,-0.014557,0.044793,0.142058,0.480289,0.947827,-0.820103,0.299835,252
group,forex,EW-forex,20,vol,5y,1299,-0.419168,-0.560493,-0.034087,-0.044473,0.076009,0.226089,0.473035,0.908964,-1.272549,4.088598,252
group,forex,EW-forex,20,vol,3y,777,-0.179350,-0.334598,-0.015345,-0.026316,0.071964,0.112442,0.487113,0.945595,-0.587535,4.436555,252
group,forex,EW-forex,20,vol,1y,260,-0.400072,-0.564681,-0.029420,-0.040424,0.068878,0.063348,0.482625,0.912860,-0.573574,4.518061,252
group,forex,EW-forex,20,vol,IS,1275,-0.185911,-0.323922,-0.017131,-0.027591,0.077191,0.205303,0.473641,0.944970,-0.728611,4.240903,252
group,forex,EW-forex,20,vol,OOS,547,-0.290397,-0.438104,-0.023909,-0.034564,0.074035,0.103588,0.485348,0.925275,-0.645462,4.467520,252
group,forex,EW-forex,20,vol,full,1822,-0.216407,-0.357238,-0.019171,-0.029690,0.076237,0.253710,0.477570,0.940037,-0.960577,4.306971,252
group,forex,EW-forex,40,fixed,5y,1299,-0.377113,-0.465204,-0.017035,-0.020784,0.043147,0.124243,0.489214,0.921520,-1.056204,0.000000,252
group,forex,EW-forex,40,fixed,3y,777,-0.275142,-0.363122,-0.011621,-0.015079,0.039675,0.063647,0.498711,0.943721,-0.637621,0.000000,252
group,forex,EW-forex,40,fixed,1y,260,-1.174114,-1.287736,-0.038548,-0.042256,0.033101,0.063647,0.467181,0.803161,-1.308017,0.000000,252
group,forex,EW-forex,40,fixed,IS,1275,-0.301536,-0.385718,-0.014361,-0.018081,0.044714,0.127510,0.485413,0.933499,-0.867611,0.197802,252
group,forex,EW-forex,40,fixed,OOS,547,-0.057044,-0.141207,-0.003214,-0.006693,0.041475,0.063647,0.498168,0.972743,-0.208041,0.000000,252
group,forex,EW-forex,40,fixed,full,1822,-0.231868,-0.316006,-0.011028,-0.014676,0.043757,0.143977,0.489613,0.945673,-0.849708,0.138386,252
group,forex,EW-forex,40,vol,5y,1299,-0.333158,-0.443364,-0.027603,-0.035708,0.075576,0.213719,0.478428,0.925557,-1.006617,3.684265,252
group,forex,EW-forex,40,vol,3y,777,-0.221122,-0.328941,-0.019231,-0.027175,0.075175,0.125250,0.489691,0.948738,-0.577602,3.870358,252
group,forex,EW-forex,40,vol,1y,260,-1.035320,-1.166033,-0.072577,-0.081285,0.070569,0.125250,0.451737,0.817033,-1.184397,4.031574,252
group,forex,EW-forex,40,vol,IS,1275,-0.209987,-0.317131,-0.018457,-0.026378,0.075353,0.203915,0.484349,0.946140,-0.713335,3.917712,252
group,forex,EW-forex,40,vol,OOS,547,-0.024319,-0.128807,-0.004794,-0.012767,0.076870,0.125250,0.487179,0.974669,-0.189772,3.878187,252
group,forex,EW-forex,40,vol,full,1822,-0.153503,-0.259859,-0.014375,-0.022312,0.075791,0.233532,0.485520,0.955812,-0.698732,3.904159,252
group,forex,EW-forex,60,fixed,5y,1299,-0.339606,-0.419711,-0.015157,-0.018513,0.042382,0.133744,0.495378,0.927810,-0.952917,0.000000,252
group,forex,EW-forex,60,fixed,3y,777,-0.574999,-0.661068,-0.022881,-0.026178,0.038978,0.085318,0.507732,0.894792,-1.160796,0.000000,252
group,forex,EW-forex,60,fixed,1y,260,-0.708300,-0.849490,-0.020948,-0.025037,0.029342,0.033402,0.513514,0.868631,-0.862868,0.000000,252
group,forex,EW-forex,60,fixed,IS,1275,-0.367996,-0.437345,-0.017269,-0.020329,0.044678,0.150748,0.486820,0.923548,-0.983738,0.263736,252
group,forex,EW-forex,60,fixed,OOS,547,-0.364337,-0.450161,-0.015384,-0.018805,0.040363,0.053650,0.509158,0.919099,-0.663225,0.000000,252
group,forex,EW-forex,60,fixed,full,1822,-0.366687,-0.440579,-0.016703,-0.019871,0.043417,0.173115,0.494037,0.923221,-1.184671,0.184514,252
group,forex,EW-forex,60,vol,5y,1299,-0.282948,-0.385070,-0.023098,-0.030415,0.073247,0.203911,0.493837,0.934721,-0.874266,3.684265,252
group,forex,EW-forex,60,vol,3y,777,-0.583905,-0.692255,-0.043963,-0.051513,0.072588,0.159038,0.498711,0.891018,-1.215561,3.870358,252
group,forex,EW-forex,60,vol,1y,260,-0.733936,-0.895335,-0.047365,-0.057177,0.063505,0.078718,0.509653,0.857956,-0.909436,4.031574,252
group,forex,EW-forex,60,vol,IS,1275,-0.263416,-0.351353,-0.022474,-0.028985,0.075587,0.218242,0.489292,0.939752,-0.790312,4.085957,252
group,forex,EW-forex,60,vol,OOS,547,-0.371286,-0.483823,-0.029281,-0.037265,0.072992,0.090781,0.501832,0.914803,-0.712819,3.878187,252
group,forex,EW-forex,60,vol,full,1822,-0.295056,-0.390210,-0.024523,-0.031478,0.074798,0.246686,0.493470,0.933385,-1.049234,4.021865,252
group,forex,EW-forex,120,fixed,5y,1299,-0.394715,-0.451870,-0.017578,-0.019984,0.042659,0.186396,0.477658,0.923794,-1.025930,0.129430,252
group,forex,EW-forex,120,fixed,3y,777,-0.860215,-0.921550,-0.033912,-0.036260,0.039241,0.140132,0.467784,0.852678,-1.618188,0.162371,252
group,forex,EW-forex,120,fixed,1y,260,0.315460,0.262371,0.009451,0.007773,0.031381,0.016587,0.459459,1.046880,0.266503,0.162162,252
group,forex,EW-forex,120,fixed,IS,1275,-0.107701,-0.155359,-0.005557,-0.007603,0.043140,0.098521,0.496534,0.971837,-0.349454,0.329670,252
group,forex,EW-forex,120,fixed,OOS,547,-0.865767,-0.919175,-0.035920,-0.038066,0.041293,0.111349,0.463370,0.851138,-1.354227,0.076923,252
group,forex,EW-forex,120,fixed,full,1822,-0.328333,-0.377651,-0.014772,-0.016849,0.042592,0.186396,0.486185,0.934005,-1.015465,0.253707,252
group,forex,EW-forex,120,vol,5y,1299,-0.281512,-0.354135,-0.023417,-0.028701,0.074416,0.278148,0.473806,0.941077,-0.804031,3.941383,252
group,forex,EW-forex,120,vol,3y,777,-0.788742,-0.864802,-0.059159,-0.064482,0.073909,0.239660,0.462629,0.861632,-1.518543,4.214576,252
group,forex,EW-forex,120,vol,1y,260,0.377388,0.307567,0.023048,0.018341,0.066182,0.035067,0.478764,1.054528,0.312411,4.320364,252
group,forex,EW-forex,120,vol,IS,1275,0.073138,0.009947,0.002681,-0.001917,0.072741,0.149697,0.495667,1.001906,0.022374,4.095470,252
group,forex,EW-forex,120,vol,OOS,547,-0.674599,-0.742311,-0.052060,-0.056901,0.075118,0.175662,0.457875,0.880028,-1.093652,4.015177,252
group,forex,EW-forex,120,vol,full,1822,-0.156439,-0.220993,-0.014077,-0.018753,0.073460,0.278148,0.483833,0.961907,-0.594228,4.069596,252
group,forex,EW-forex,180,fixed,5y,1299,0.013707,-0.038256,-0.000264,-0.002367,0.040514,0.109251,0.497689,0.993797,-0.086857,0.064715,252
group,forex,EW-forex,180,fixed,3y,777,-0.330256,-0.396369,-0.012525,-0.014899,0.036217,0.095159,0.502577,0.925163,-0.696002,0.054124,252
group,forex,EW-forex,180,fixed,1y,260,-0.049802,-0.117179,-0.001802,-0.003704,0.028271,0.027191,0.494208,0.980352,-0.119024,0.162162,252
group,forex,EW-forex,180,fixed,IS,1275,0.169301,0.131306,0.006029,0.004491,0.040314,0.089145,0.489031,1.025291,0.295353,0.230769,252
group,forex,EW-forex,180,fixed,OOS,547,-0.677372,-0.741400,-0.025814,-0.028184,0.037606,0.095159,0.498168,0.870262,-1.092310,0.076923,252
group,forex,EW-forex,180,fixed,full,1822,-0.072559,-0.118066,-0.003639,-0.005432,0.039522,0.109251,0.492383,0.978190,-0.317467,0.184514,252
group,forex,EW-forex,180,vol,5y,1299,0.193987,0.125493,0.011159,0.006345,0.069778,0.157128,0.502311,1.022841,0.284921,3.865821,252
group,forex,EW-forex,180,vol,3y,777,-0.149993,-0.232349,-0.012357,-0.017864,0.067722,0.157128,0.503866,0.953424,-0.407991,4.027022,252
group,forex,EW-forex,180,vol,1y,260,0.209216,0.130161,0.010986,0.006117,0.061164,0.051763,0.505792,1.022582,0.132211,4.500962,252
group,forex,EW-forex,180,vol,IS,1275,0.430285,0.380186,0.026992,0.023553,0.067162,0.113218,0.493601,1.072517,0.855167,3.567932,252
group,forex,EW-forex,180,vol,OOS,547,-0.461758,-0.540625,-0.033461,-0.038722,0.068689,0.157128,0.496337,0.904551,-0.796507,4.100845,252
group,forex,EW-forex,180,vol,full,1822,0.158361,0.099361,0.008456,0.004444,0.067630,0.157128,0.494820,1.018316,0.267172,3.726208,252
group,forex,EW-forex,250,fixed,5y,1299,0.131993,0.093172,0.004628,0.003012,0.041520,0.107168,0.509245,1.017416,0.211539,0.032357,252
group,forex,EW-forex,250,fixed,3y,777,-0.165118,-0.216246,-0.006651,-0.008503,0.036423,0.069746,0.489691,0.965111,-0.379716,0.000000,252
group,forex,EW-forex,250,fixed,1y,260,0.720189,0.669872,0.020467,0.019001,0.028712,0.020911,0.478764,1.121090,0.680422,0.000000,252
group,forex,EW-forex,250,fixed,IS,1275,0.366314,0.336844,0.013432,0.012287,0.038450,0.073823,0.525391,1.067245,0.757675,0.263736,252
group,forex,EW-forex,250,fixed,OOS,547,-0.396918,-0.445596,-0.015753,-0.017589,0.038189,0.069735,0.485348,0.920446,-0.656500,0.000000,252
group,forex,EW-forex,250,fixed,full,1822,0.138309,0.103063,0.004580,0.003224,0.038371,0.107168,0.511776,1.019735,0.277124,0.184514,252
group,forex,EW-forex,250,vol,5y,1299,0.263049,0.207684,0.016205,0.012247,0.070603,0.157458,0.510015,1.037302,0.471528,3.742881,252
group,forex,EW-forex,250,vol,3y,777,-0.032272,-0.098597,-0.004483,-0.008963,0.067938,0.121551,0.490979,0.984828,-0.173131,3.870358,252
group,forex,EW-forex,250,vol,1y,260,0.848944,0.788745,0.051704,0.047826,0.061630,0.042775,0.490347,1.146181,0.801167,4.031574,252
group,forex,EW-forex,250,vol,IS,1275,0.457765,0.415013,0.028217,0.025351,0.065491,0.097605,0.522461,1.080897,0.933505,3.345204,252
group,forex,EW-forex,250,vol,OOS,547,-0.237374,-0.299977,-0.018860,-0.023160,0.069971,0.120298,0.481685,0.945770,-0.441959,3.878187,252
group,forex,EW-forex,250,vol,full,1822,0.239223,0.190215,0.013851,0.010539,0.066863,0.157458,0.508593,1.035647,0.511469,3.503623,252
group,forex,EW-forex,composite,fixed,5y,1299,-0.316557,-0.411078,-0.010616,-0.013620,0.032106,0.110313,0.484592,0.925817,-0.933315,15.119029,252
group,forex,EW-forex,composite,fixed,3y,777,-0.594965,-0.701349,-0.017452,-0.020474,0.028899,0.072095,0.489691,0.881878,-1.231528,15.682345,252
group,forex,EW-forex,composite,fixed,1y,260,-0.018388,-0.146279,-0.000689,-0.003635,0.023081,0.018447,0.482625,0.979154,-0.148582,15.081081,252
group,forex,EW-forex,composite,fixed,IS,1275,0.018803,-0.061267,0.000121,-0.002231,0.029410,0.066920,0.495117,0.987693,-0.137811,12.321429,252
group,forex,EW-forex,composite,fixed,OOS,547,-0.616212,-0.713940,-0.019486,-0.022473,0.031156,0.059386,0.483516,0.871847,-1.051853,15.653846,252
group,forex,EW-forex,composite,fixed,full,1822,-0.179637,-0.265142,-0.005806,-0.008352,0.029942,0.110313,0.491407,0.949013,-0.712939,13.325371,252
group,forex,EW-forex,composite,vol,5y,1299,-0.245117,-0.360760,-0.015165,-0.021532,0.055995,0.166357,0.476888,0.936407,-0.819073,32.143857,252
group,forex,EW-forex,composite,vol,3y,777,-0.533473,-0.660190,-0.029926,-0.036583,0.054222,0.127668,0.487113,0.889785,-1.159255,34.747043,252
group,forex,EW-forex,composite,vol,1y,260,0.016268,-0.125702,-0.000429,-0.007499,0.049988,0.038855,0.478764,0.981165,-0.127682,37.134764,252
group,forex,EW-forex,composite,vol,IS,1275,0.078979,-0.018140,0.002745,-0.002254,0.051473,0.098729,0.488281,0.996478,-0.040804,25.998641,252
group,forex,EW-forex,composite,vol,OOS,547,-0.505445,-0.622747,-0.030121,-0.036629,0.057287,0.095894,0.476190,0.889316,-0.917498,34.416544,252
group,forex,EW-forex,composite,vol,full,1822,-0.109822,-0.213290,-0.007237,-0.012701,0.053279,0.166357,0.484405,0.959872,-0.573515,28.528216,252
group,forex,EW-forex,buyhold,long1x,5y,1299,0.450380,0.450380,0.017193,0.017193,0.039592,0.061202,0.533898,1.080602,1.022547,0.000000,252
group,forex,EW-forex,buyhold,long1x,3y,777,0.518020,0.518020,0.018460,0.018460,0.036605,0.061202,0.541237,1.094388,0.909614,0.000000,252
group,forex,EW-forex,buyhold,long1x,1y,260,1.348464,1.348464,0.037968,0.037968,0.027925,0.011181,0.563707,1.258923,1.369701,0.000000,252
group,forex,EW-forex,buyhold,long1x,IS,1274,0.536549,0.536549,0.020490,0.020490,0.039237,0.057693,0.514533,1.094599,1.206406,0.000000,252
group,forex,EW-forex,buyhold,long1x,OOS,547,0.308555,0.308555,0.011142,0.011142,0.038284,0.061202,0.547619,1.051798,0.454597,0.000000,252
group,forex,EW-forex,buyhold,long1x,full,1821,0.469322,0.469322,0.017673,0.017673,0.038944,0.061202,0.524725,1.083116,1.261611,0.000000,252
group,futures,EW-futures,10,fixed,5y,1257,-0.292672,-0.438424,-0.033123,-0.047002,0.098692,0.239467,0.474522,0.927137,-0.979177,0.927946,252
group,futures,EW-futures,10,fixed,3y,754,-0.362577,-0.513043,-0.037959,-0.051658,0.094642,0.176148,0.480744,0.919379,-0.887441,1.045817,252
group,futures,EW-futures,10,fixed,1y,251,-0.401928,-0.549800,-0.047393,-0.062405,0.106835,0.094684,0.480000,0.908618,-0.548708,2.016000,252
group,futures,EW-futures,10,fixed,IS,1232,0.348556,0.244778,0.040011,0.025143,0.139055,0.192965,0.492219,1.057221,0.541225,1.241064,252
group,futures,EW-futures,10,fixed,OOS,529,-0.397495,-0.547135,-0.044125,-0.058554,0.100955,0.176148,0.481061,0.905581,-0.792725,1.133523,252
group,futures,EW-futures,10,fixed,full,1761,0.169801,0.056058,0.013987,-0.000753,0.128797,0.267187,0.489143,1.012140,0.148189,1.217045,252
group,futures,EW-futures,10,vol,5y,1257,-0.050055,-0.294432,-0.004767,-0.019279,0.060005,0.145114,0.484076,0.949795,-0.657585,2.868355,252
group,futures,EW-futures,10,vol,3y,754,-0.257666,-0.518125,-0.016736,-0.031817,0.059042,0.145114,0.471448,0.921833,-0.896231,3.307168,252
group,futures,EW-futures,10,vol,1y,251,-1.153725,-1.468480,-0.065717,-0.082746,0.057677,0.096081,0.436000,0.785211,-1.465564,4.414332,252
group,futures,EW-futures,10,vol,IS,1232,0.558147,0.326760,0.033403,0.018659,0.062552,0.067495,0.510675,1.060321,0.722493,3.409733,252
group,futures,EW-futures,10,vol,OOS,529,-0.655933,-0.928496,-0.039865,-0.055476,0.059555,0.145114,0.458333,0.851036,-1.345265,3.341786,252
group,futures,EW-futures,10,vol,full,1761,0.205810,-0.037471,0.010824,-0.004202,0.061689,0.145114,0.494706,0.993472,-0.099055,3.410349,252
group,futures,EW-futures,20,fixed,5y,1257,-0.202121,-0.303062,-0.024512,-0.034224,0.098782,0.229043,0.484076,0.950193,-0.676859,0.626990,252
group,futures,EW-futures,20,fixed,3y,754,-0.401644,-0.506961,-0.041318,-0.050821,0.094124,0.176329,0.476760,0.917557,-0.876921,0.711155,252
group,futures,EW-futures,20,fixed,1y,251,-0.128906,-0.224981,-0.020666,-0.031235,0.112784,0.109811,0.472000,0.961790,-0.224534,1.008000,252
group,futures,EW-futures,20,fixed,IS,1232,0.468199,0.399415,0.058157,0.047973,0.141068,0.134601,0.493807,1.096557,0.883140,0.818846,252
group,futures,EW-futures,20,fixed,OOS,529,-0.334311,-0.433130,-0.038590,-0.048282,0.102178,0.136855,0.473485,0.924500,-0.627547,0.835227,252
group,futures,EW-futures,20,fixed,full,1761,0.275225,0.200016,0.028113,0.018077,0.130612,0.229043,0.487931,1.044438,0.528741,0.823295,252
group,futures,EW-futures,20,vol,5y,1257,-0.075738,-0.250210,-0.006263,-0.016583,0.059706,0.099988,0.494427,0.959518,-0.558821,2.539402,252
group,futures,EW-futures,20,vol,3y,754,-0.062788,-0.243914,-0.005406,-0.015988,0.058954,0.077366,0.488712,0.964258,-0.421913,2.800669,252
group,futures,EW-futures,20,vol,1y,251,-0.158684,-0.362068,-0.011495,-0.023780,0.061294,0.049481,0.500000,0.945379,-0.361349,3.499117,252
group,futures,EW-futures,20,vol,IS,1232,0.377689,0.211730,0.021858,0.011353,0.062536,0.089863,0.510675,1.038727,0.468152,2.923289,252
group,futures,EW-futures,20,vol,OOS,529,-0.147335,-0.329146,-0.010617,-0.021438,0.060315,0.077366,0.492424,0.948283,-0.476888,2.953265,252
group,futures,EW-futures,20,vol,full,1761,0.223954,0.053332,0.011992,0.001389,0.061867,0.110708,0.504706,1.009489,0.140984,2.931135,252
group,futures,EW-futures,40,fixed,5y,1257,-0.135422,-0.204355,-0.018091,-0.024768,0.098809,0.256032,0.506369,0.966867,-0.456407,0.401274,252
group,futures,EW-futures,40,fixed,3y,754,0.194763,0.123023,0.013826,0.007124,0.092519,0.103829,0.515272,1.026335,0.212800,0.418327,252
group,futures,EW-futures,40,fixed,1y,251,1.193858,1.139563,0.134939,0.128125,0.111244,0.062034,0.564000,1.225501,1.137299,0.756000,252
group,futures,EW-futures,40,fixed,IS,1232,0.266775,0.218906,0.028864,0.021820,0.143603,0.242049,0.506297,1.052531,0.484019,0.562957,252
group,futures,EW-futures,40,fixed,OOS,529,0.459610,0.393692,0.041238,0.034511,0.098519,0.067535,0.524621,1.065444,0.570407,0.417614,252
group,futures,EW-futures,40,fixed,full,1761,0.306865,0.255526,0.032565,0.025616,0.131664,0.256032,0.512209,1.057635,0.675484,0.519034,252
group,futures,EW-futures,40,vol,5y,1257,0.101293,-0.024201,0.004262,-0.003204,0.059482,0.141986,0.502389,0.996303,-0.054050,2.313795,252
group,futures,EW-futures,40,vol,3y,754,0.296907,0.167579,0.016052,0.008255,0.059679,0.053245,0.496680,1.035287,0.289871,2.446837,252
group,futures,EW-futures,40,vol,1y,251,1.018688,0.883266,0.061695,0.053060,0.060613,0.032139,0.540000,1.158648,0.881511,2.909608,252
group,futures,EW-futures,40,vol,IS,1232,0.544628,0.424209,0.032908,0.025118,0.063176,0.141498,0.521776,1.080476,0.937962,2.547014,252
group,futures,EW-futures,40,vol,OOS,529,0.473828,0.348908,0.026967,0.019320,0.059998,0.034199,0.498106,1.056111,0.505520,2.455326,252
group,futures,EW-futures,40,vol,full,1761,0.524114,0.402395,0.031120,0.023373,0.062222,0.141986,0.514706,1.074658,1.063732,2.518575,252
group,futures,EW-futures,60,fixed,5y,1257,-0.207777,-0.265299,-0.025202,-0.030773,0.099223,0.231084,0.489650,0.955498,-0.592521,0.401274,252
group,futures,EW-futures,60,fixed,3y,754,-0.214107,-0.278799,-0.023896,-0.029766,0.092880,0.170744,0.483400,0.956224,-0.482256,0.501992,252
group,futures,EW-futures,60,fixed,1y,251,0.541691,0.487132,0.053933,0.047782,0.107742,0.088112,0.520000,1.091979,0.486165,0.378000,252
group,futures,EW-futures,60,fixed,IS,1232,0.409911,0.375655,0.050500,0.045326,0.144604,0.172447,0.509821,1.093690,0.830605,0.537368,252
group,futures,EW-futures,60,fixed,OOS,529,-0.346980,-0.411616,-0.038128,-0.044245,0.098196,0.155600,0.481061,0.926058,-0.596375,0.536932,252
group,futures,EW-futures,60,fixed,full,1761,0.235970,0.195352,0.023051,0.017571,0.132384,0.240861,0.501176,1.044649,0.516413,0.536932,252
group,futures,EW-futures,60,vol,5y,1257,-0.031593,-0.133660,-0.003643,-0.009690,0.059569,0.150368,0.503185,0.977185,-0.298516,2.375635,252
group,futures,EW-futures,60,vol,3y,754,-0.000301,-0.115238,-0.001736,-0.008460,0.058753,0.098942,0.495352,0.984932,-0.199334,2.616579,252
group,futures,EW-futures,60,vol,1y,251,0.917845,0.790319,0.054201,0.046337,0.059556,0.045633,0.528000,1.141271,0.788749,2.914713,252
group,futures,EW-futures,60,vol,IS,1232,0.612242,0.526996,0.037360,0.031821,0.063234,0.114607,0.523484,1.099267,1.165232,2.379225,252
group,futures,EW-futures,60,vol,OOS,529,-0.036981,-0.159507,-0.003907,-0.011095,0.059027,0.081760,0.494318,0.970201,-0.231103,2.695445,252
group,futures,EW-futures,60,vol,full,1761,0.426380,0.330430,0.024787,0.018737,0.061996,0.150368,0.514706,1.059868,0.873492,2.473253,252
group,futures,EW-futures,120,fixed,5y,1257,-0.088949,-0.134508,-0.013179,-0.017528,0.096695,0.205284,0.490446,0.978451,-0.300410,0.300955,252
group,futures,EW-futures,120,fixed,3y,754,0.050389,0.002351,0.000542,-0.003710,0.088601,0.116639,0.501992,1.002351,0.004067,0.376494,252
group,futures,EW-futures,120,fixed,1y,251,0.660716,0.630221,0.066154,0.062758,0.105383,0.077282,0.504000,1.126523,0.628969,0.630000,252
group,futures,EW-futures,120,fixed,IS,1232,0.441323,0.415457,0.054078,0.050259,0.140755,0.164134,0.502250,1.105945,0.918609,0.383834,252
group,futures,EW-futures,120,fixed,OOS,529,0.066030,0.023552,0.001793,-0.002200,0.094004,0.116639,0.500000,0.998235,0.034124,0.477273,252
group,futures,EW-futures,120,fixed,full,1761,0.352735,0.323564,0.038091,0.034217,0.128494,0.205284,0.501829,1.074961,0.855342,0.411648,252
group,futures,EW-futures,120,vol,5y,1257,0.172602,0.091592,0.008255,0.003607,0.057135,0.135248,0.523089,1.016417,0.204563,2.199596,252
group,futures,EW-futures,120,vol,3y,754,0.237271,0.145550,0.011349,0.006395,0.053695,0.092356,0.521912,1.025969,0.251767,2.492332,252
group,futures,EW-futures,120,vol,1y,251,1.612807,1.534676,0.090720,0.086187,0.054856,0.023206,0.576000,1.296971,1.531628,3.020266,252
group,futures,EW-futures,120,vol,IS,1232,0.719734,0.654003,0.042523,0.038427,0.060450,0.098526,0.531953,1.128342,1.446055,2.098998,252
group,futures,EW-futures,120,vol,OOS,529,0.274777,0.191627,0.013696,0.009079,0.055068,0.092356,0.509470,1.022922,0.277641,2.628574,252
group,futures,EW-futures,120,vol,full,1761,0.594224,0.523620,0.033779,0.029522,0.058875,0.135248,0.525000,1.097203,1.384190,2.257192,252
group,futures,EW-futures,180,fixed,5y,1257,0.078791,0.040685,0.002989,-0.000613,0.094396,0.155508,0.501592,1.007453,0.090867,0.225717,252
group,futures,EW-futures,180,fixed,3y,754,0.206552,0.163492,0.014084,0.010368,0.085368,0.078540,0.512616,1.026641,0.282802,0.376494,252
group,futures,EW-futures,180,fixed,1y,251,0.346309,0.314174,0.031160,0.027720,0.104295,0.078540,0.504000,1.065390,0.313550,0.378000,252
group,futures,EW-futures,180,fixed,IS,1232,0.334440,0.314473,0.036711,0.033971,0.132783,0.205141,0.499524,1.082282,0.695327,0.358245,252
group,futures,EW-futures,180,fixed,OOS,529,0.207031,0.163702,0.014892,0.010871,0.091725,0.078540,0.515152,1.024723,0.237181,0.417614,252
group,futures,EW-futures,180,fixed,full,1761,0.301693,0.276679,0.030108,0.026977,0.121887,0.205141,0.505063,1.065620,0.731402,0.375852,252
group,futures,EW-futures,180,vol,5y,1257,0.329685,0.250973,0.017381,0.012819,0.057290,0.099959,0.517516,1.043317,0.560525,2.120267,252
group,futures,EW-futures,180,vol,3y,754,0.645491,0.547358,0.033360,0.028027,0.053071,0.072787,0.520584,1.089439,0.946797,2.440830,252
group,futures,EW-futures,180,vol,1y,251,1.015141,0.926862,0.056214,0.051105,0.055431,0.034656,0.536000,1.171443,0.925021,2.564577,252
group,futures,EW-futures,180,vol,IS,1232,0.607342,0.552825,0.032054,0.029017,0.054420,0.099959,0.530923,1.106454,1.222342,1.783328,252
group,futures,EW-futures,180,vol,OOS,529,0.414183,0.312508,0.021364,0.015721,0.054696,0.072787,0.507576,1.045974,0.452781,2.550751,252
group,futures,EW-futures,180,vol,full,1761,0.549277,0.480503,0.028831,0.025004,0.054489,0.099959,0.523418,1.088298,1.270211,2.013056,252
group,futures,EW-futures,250,fixed,5y,1257,0.350191,0.322267,0.029392,0.026645,0.095852,0.167901,0.507166,1.056151,0.719752,0.200637,252
group,futures,EW-futures,250,fixed,3y,754,0.450238,0.414979,0.036096,0.032923,0.087229,0.083280,0.511288,1.070529,0.717813,0.250996,252
group,futures,EW-futures,250,fixed,1y,251,0.458089,0.418147,0.042612,0.038355,0.102568,0.083280,0.560000,1.082158,0.417317,0.378000,252
group,futures,EW-futures,250,fixed,IS,1232,0.642026,0.623567,0.053144,0.051470,0.086490,0.167901,0.515800,1.122807,1.378759,0.255890,252
group,futures,EW-futures,250,fixed,OOS,529,0.399471,0.362631,0.033294,0.029778,0.092788,0.083280,0.518939,1.054505,0.525403,0.357955,252
group,futures,EW-futures,250,fixed,full,1761,0.565402,0.541137,0.047141,0.044906,0.088404,0.167901,0.517219,1.103108,1.430497,0.286364,252
group,futures,EW-futures,250,vol,5y,1257,0.643037,0.583996,0.036830,0.033240,0.058975,0.093795,0.533439,1.103274,1.304299,2.129370,252
group,futures,EW-futures,250,vol,3y,754,0.676943,0.599665,0.035527,0.031254,0.053729,0.053261,0.537849,1.101225,1.037275,2.313853,252
group,futures,EW-futures,250,vol,1y,251,0.755475,0.643738,0.041233,0.034799,0.055530,0.043044,0.560000,1.118031,0.642460,2.448502,252
group,futures,EW-futures,250,vol,IS,1232,1.043080,1.006368,0.056907,0.054810,0.054506,0.093795,0.552497,1.208356,2.225164,1.650596,252
group,futures,EW-futures,250,vol,OOS,529,0.393451,0.307907,0.020477,0.015660,0.055454,0.053261,0.518939,1.041845,0.446115,2.426803,252
group,futures,EW-futures,250,vol,full,1761,0.845692,0.794057,0.045829,0.042893,0.054788,0.093795,0.541060,1.154406,2.099090,1.883035,252
group,futures,EW-futures,composite,fixed,5y,1257,-0.051838,-0.125147,-0.006698,-0.012160,0.075162,0.168914,0.511146,0.978743,-0.279504,12.290245,252
group,futures,EW-futures,composite,fixed,3y,754,-0.048685,-0.127056,-0.006015,-0.011570,0.071464,0.088926,0.511288,0.979395,-0.219776,11.924367,252
group,futures,EW-futures,composite,fixed,1y,251,0.452148,0.387712,0.036825,0.030926,0.088705,0.077681,0.540000,1.081497,0.386942,11.214000,252
group,futures,EW-futures,composite,fixed,IS,1232,0.458015,0.396225,0.028419,0.024250,0.065968,0.128225,0.523955,1.080318,0.876087,9.966186,252
group,futures,EW-futures,composite,fixed,OOS,529,-0.080960,-0.155329,-0.009155,-0.014817,0.076993,0.084859,0.509470,0.965447,-0.225051,12.234703,252
group,futures,EW-futures,composite,fixed,full,1761,0.277383,0.211571,0.016984,0.012354,0.069450,0.168914,0.519205,1.041156,0.559289,10.645553,252
group,futures,EW-futures,composite,vol,5y,1257,0.225288,0.100410,0.009331,0.003564,0.045951,0.089987,0.528662,1.017831,0.224255,14.401869,252
group,futures,EW-futures,composite,vol,3y,754,0.257467,0.117460,0.010425,0.004216,0.044090,0.060780,0.523240,1.022388,0.203177,15.174726,252
group,futures,EW-futures,composite,vol,1y,251,0.938477,0.787127,0.043622,0.036309,0.046695,0.021499,0.548000,1.149094,0.785564,17.018539,252
group,futures,EW-futures,composite,vol,IS,1232,0.807720,0.707488,0.033546,0.029240,0.041985,0.077748,0.549439,1.146948,1.564315,11.442390,252
group,futures,EW-futures,composite,vol,OOS,529,0.141594,0.001375,0.005440,-0.000981,0.045717,0.060780,0.520833,0.994005,0.001993,15.816835,252
group,futures,EW-futures,composite,vol,full,1761,0.595068,0.482201,0.025022,0.020067,0.043136,0.089987,0.539735,1.093409,1.274699,12.763141,252
group,futures,EW-futures,buyhold,long1x,5y,1257,0.695056,0.695056,0.075799,0.075799,0.114573,0.172119,0.527070,1.124226,1.552340,0.000000,252
group,futures,EW-futures,buyhold,long1x,3y,754,1.217740,1.217740,0.131014,0.131014,0.105709,0.088573,0.540505,1.233111,2.106396,0.000000,252
group,futures,EW-futures,buyhold,long1x,1y,251,1.687744,1.687744,0.205565,0.205565,0.114693,0.072161,0.556000,1.364882,1.684392,0.000000,252
group,futures,EW-futures,buyhold,long1x,IS,1232,0.353648,0.353648,0.043262,0.043262,0.155766,0.354479,0.537774,1.078632,0.781946,0.000000,252
group,futures,EW-futures,buyhold,long1x,OOS,528,1.245269,1.245269,0.141117,0.141117,0.110973,0.088573,0.542694,1.253026,1.802519,0.000000,252
group,futures,EW-futures,buyhold,long1x,full,1760,0.556494,0.556494,0.071703,0.071703,0.143789,0.354479,0.538943,1.120890,1.470675,0.000000,252
